Employee_ID,Age,Gender,Department,Job_Role,Years_at_Company,Monthly_Salary,Working_Hours_Per_Week,Overtime_Hours,Remote_Work,Sleep_Hours,Work_Life_Balance,Stress_Score,Mental_Health_Score,Manager_Support,Job_Satisfaction,Training_Hours,Absent_Days,Performance_Rating,Wellbeing_Program,Productivity_Score,Burnout_Level,Burnout_Risk,Attrition_Risk,Joining_Date
EMP2777,21.0,Female,Information Technology,Devops Engineer,0.7,26843.85,51.0,17.0,No,6.1,8.0,3.0,8.0,8,6.0,28.0,2.0,5.0,N,6.0,Low,Low,Low,20/03/2026
EMP5316,20.0,Male,R&D,R&D Engineer,2.0,26569.63,30.0,0.0,N,7.1,9.0,1.0,10.0,6,6.0,48.0,3.0,5.0,Y,7.0,Low,Low,Low,-
EMP1017,40.0,Female,Customer Support,Support Team Lead,2.5,45452.66,39.0,4.0,N,6.4,10.0,2.0,10.0,6,8.0,1.0,3.0,5.0,No,6.0,Low,Low,Low,2020/08/21
EMP1790,40.0,Male,Rnd,Research Analyst,0.3,23269.63,57.0,13.0,No,8.3,8.0,3.0,10.0,2,4.0,8.0,3.0,5.0,Y,6.0,Low,Low,Medium,2025/05/03
EMP3005,37.0,Female,Operations,Operations Executive,0.4,21340.55,57.0,5.0,No,6.0,8.0,3.0,8.0,5,7.0,3.0,0.0,5.0,No,6.0,Low,Low,Low,"September 25, 2023"
EMP2171,33.0,Male,It,Qa Engineer,11.0,53539.08,43.0,0.0,Yes,7.1,10.0,1.0,10.0,5,6.0,10.0,3.0,5.0,Y,7.0,Low,Low,Low,20-Apr-2021
EMP6592,33.0,Female,Customer Support,Customer Success Manager,2.9,35041.62,38.0,5.0,No,8.8,10.0,3.0,7.0,7,6.0,34.0,8.0,5.0,N,7.0,Low,Low,,23/01/2015
EMP5017,38.0,Female,Hr,Hr Generalist,7.7,42691.33,53.0,10.0,No,8.1,9.0,1.0,9.0,7,7.0,16.0,5.0,5.0,No,7.0,Low,Low,,23/08/2017
EMP6638,30.0,Female,Marketing,Content Strategist,1.3,26047.23,47.0,3.0,No,6.8,10.0,1.0,10.0,6,5.0,4.0,1.0,5.0,Yes,7.0,Low,Low,Low,"July 14, 2025"
EMP5508,20.0,Female,It,It Support,2.0,25543.65,56.0,29.0,No,7.2,6.0,1.0,10.0,5,6.0,4.0,1.0,5.0,No,7.0,Low,Low,Low,2026-04-17
EMP5000,35.0,Other,Hr,Support Team Lead,0.2,39806.71,45.0,20.0,No,6.9,7.0,3.0,7.0,5,6.0,15.0,2.0,5.0,No,7.0,Low,Low,-,-
EMP2655,53.0,Male,Sales,-,0.1,36608.32,45.0,0.0,Yes,7.0,10.0,1.0,9.0,6,7.0,24.0,3.0,4.0,Yes,7.0,Low,Low,Low,07-09-2015
EMP5667,39.0,Female,Marketing,Marketing Manager,1.8,29903.15,51.0,22.0,No,6.0,7.0,1.0,10.0,3,5.0,4.0,4.0,4.0,Yes,7.0,Low,Low,Medium,"May 30, 2017"
EMP4295,37.0,Male,R&D,Data Scientist,2.6,44604.55,32.0,0.0,No,7.8,10.0,1.0,9.0,6,6.0,8.0,1.0,5.0,No,7.0,Low,Low,Low,-
EMP2361,42.0,Male,It,It Support,1.3,32425.18,56.0,19.0,Yes,6.4,7.0,1.0,9.0,7,6.0,0.0,2.0,5.0,Yes,8.0,Low,Low,Low,27/07/2016
EMP1749,25.0,Male,Finance,Accountant,1.4,27717.05,45.0,15.0,Yes,7.0,7.0,3.0,8.0,2,5.0,46.0,3.0,5.0,N,9.0,Low,Low,Medium,-
EMP2786,23.0,Female,Sales,,2.5,28768.23,41.0,0.0,Y,7.4,10.0,1.0,9.0,5,7.0,13.0,2.0,5.0,N,10.0,Low,Low,Low,2017-10-22
EMP4411,22.0,Male,Marketing,Marketing Manager,1.4,30774.5,54.0,12.0,Yes,6.9,9.0,1.0,10.0,5,4.0,10.0,4.0,3.0,No,7.0,Low,Low,Low,2025-08-24
EMP6402,33.0,Female,Operations,Support Team Lead,1.5,41934.18,34.0,0.0,N,6.6,10.0,1.0,9.0,6,8.0,0.0,3.0,5.0,N,5.0,Low,Low,Low,05/11/2024
EMP6125,27.0,Male,It,It Support,2.8,31914.37,46.0,2.0,No,7.1,10.0,1.0,10.0,4,8.0,0.0,7.0,5.0,No,6.0,Low,Low,Low,2021-06-02
EMP1929,27.0,Male,Hr,It Support,2.5,27388.69,59.0,16.0,Yes,6.7,6.0,2.0,8.0,7,6.0,9.0,2.0,5.0,N,8.0,Low,Low,Low,24/07/2016
EMP2970,33.0,Male,R&D,Data Scientist,5.0,49365.37,45.0,15.0,Yes,6.4,8.0,3.0,9.0,2,4.0,25.0,6.0,5.0,No,5.0,Low,Low,Medium,03-08-2023
EMP6229,30.0,Female,Customer Support,Suppotr Team Lead,4.4,44840.2,33.0,0.0,N,7.2,9.0,1.0,9.0,7,6.0,13.0,3.0,5.0,N,8.0,Low,Low,Low,"August 26, 2024"
EMP6706,33.0,Female,Sales,Sales Executive,2.5,37484.02,48.0,12.0,Y,8.9,9.0,1.0,10.0,4,6.0,10.0,2.0,5.0,Y,6.0,Low,Low,Low,21-Oct-2015
EMP5729,36.0,Male,Legal,Legal Counsel,6.7,32425.18,47.0,13.0,N,7.3,9.0,2.0,9.0,3,7.0,6.0,3.0,5.0,No,7.0,Low,Low,Low,01-20-2016
EMP5183,44.0,Female,Finance,Finance Managre,13.3,32425.18,54.0,1.0,No,7.3,8.0,2.0,9.0,7,8.0,-33.0,3.0,5.0,No,7.0,Low,Low,Low,03/06/2026
EMP2155,26.0,Male,Admin,Fofice Manager,7.5,48965.26,51.0,2.0,No,7.4,10.0,1.0,10.0,,4.0,23.0,4.0,4.0,Yes,7.0,Low,Low,Low,18/04/2024
EMP6261,40.0,Female,It,-,0.5,32425.18,30.0,0.0,N,8.4,10.0,2.0,9.0,6,7.0,4.0,1.0,3.0,N,6.0,Low,Low,Low,26-Aug-2023
EMP5655,33.0,Male,Customer Support,Customer Success Manager,0.4,35994.29,41.0,0.0,No,8.8,10.0,2.0,9.0,4,7.0,1.0,2.0,5.0,Y,8.0,Low,Low,Low,10-21-2021
EMP5382,31.0,-,Finance,Finanec Manager,3.7,38365.97,46.0,9.0,Y,7.2,8.0,1.0,10.0,7,6.0,3.0,1.0,5.0,Y,8.0,Low,Low,Low,-
EMP1779,27.0,Female,R&D,R&D Engineer,2.9,32425.18,42.0,12.0,Yes,7.0,8.0,2.0,7.0,6,7.0,4.0,2.0,4.0,No,7.0,Low,Low,Low,"July 27, 2021"
EMP6569,33.0,Male,Marketting,Marketing Manager,1.7,37659.79,40.0,2.0,No,6.3,10.0,1.0,9.0,6,4.0,12.0,2.0,5.0,N,6.0,Low,Low,Low,29/01/2018
EMP2041,42.0,Female,Marketing,Content Strategist,1.0,22042.35,43.0,3.0,No,6.8,10.0,1.0,9.0,5,5.0,1.0,8.0,5.0,Yes,8.0,Low,Low,Low,05-05-2023
EMP1125,39.0,Male,Finance,Finance Manager,3.0,46737.64,32.0,2.0,No,8.4,10.0,2.0,10.0,5,8.0,8.0,1.0,5.0,No,6.0,Low,Low,Low,09/06/2019
EMP5613,38.0,Female,R&D,Data Scientist,5.2,44823.34,46.0,12.0,No,6.9,8.0,1.0,8.0,8,7.0,10.0,2.0,5.0,No,8.0,Extreme,Low,Low,07-13-2016
EMP2274,20.0,Male,It,Qa Engineer,0.4,29973.64,44.0,5.0,Yes,7.3,9.0,1.0,8.0,4,4.0,13.0,5.0,5.0,No,8.0,Low,Low,-,2024/02/17
EMP2865,25.0,Male,Marketing,Marketing Manager,3.3,35386.16,51.0,8.0,N,7.0,8.0,2.0,10.0,4,7.0,84.0,5.0,5.0,Y,7.0,Low,Low,,2024-07-12
EMP5765,33.0,Female,Legal,Legal Advisor,3.8,29495.04,43.0,6.0,No,7.7,9.0,2.0,10.0,5,8.0,36.0,0.0,5.0,N,7.0,Low,Low,Low,09-29-2022
EMP2028,33.0,Female,Sales,Account Manager,5.0,45277.78,49.0,14.0,No,6.9,8.0,1.0,8.0,9,6.0,37.0,2.0,5.0,Yes,7.0,Low,Low,Low,14/03/2023
EMP2717,35.0,Female,It,Software Engineer,6.1,39866.93,37.0,0.0,Yes,7.4,9.0,1.0,9.0,4,7.0,7.0,2.0,5.0,No,8.0,Low,Low,Low,"February 24, 2025"
EMP3452,33.0,Male,Hr,R&D Engineer,0.9,28634.38,30.0,0.0,N,7.6,10.0,2.0,9.0,6,4.0,10.0,3.0,5.0,No,8.0,Low,Low,Low,"April 29, 2024"
EMP2218,22.0,Male,Finance,Accountant,1.6,26993.12,41.0,5.0,No,7.4,9.0,1.0,8.0,8,7.0,10.0,8.0,4.0,Yes,5.0,Low,Low,Low,04-30-2024
EMP4524,30.0,Male,Customer Support,Support Executive,2.4,27152.89,45.0,9.0,Yes,7.1,9.0,2.0,9.0,6,4.0,27.0,2.0,5.0,N,8.0,Low,Low,Low,2023-10-06
 emp6251 ,38.0,Female,Finance,Support Team Lead,0.9,29676.36,41.0,0.0,Yes,-9.524546293245828,10.0,2.0,9.0,1,6.0,10.0,1.0,4.0,No,7.0,Low,Low,Low,-
EMP1575,26.0,,Finance,Accountant,0.4,23987.86,39.0,1.0,Y,6.4,10.0,1.0,8.0,7,8.0,1.0,3.0,5.0,No,8.0,Low,Low,Low,2015-06-14
EMP5706,33.0,Female,Sales,Sales Executive,5.2,35054.57,45.0,16.0,No,7.0,7.0,2.0,8.0,9,9.0,10.0,3.0,5.0,No,5.0,Low,Low,Low,01-12-2025
EMP6044,30.0,Male,Finance,Accountant,0.1,26805.88,55.0,20.0,No,7.1,9.0,1.0,8.0,7,9.0,1.0,6.0,5.0,No,7.0,Low,Low,Low,2020/02/26
EMP3019,39.0,Male,Hr,Recruiter,0.8,32425.18,48.0,8.0,Y,6.3,7.0,1.0,10.0,7,6.0,11.0,1.0,5.0,No,7.0,Low,Low,Low,"February 19, 2023"
EMP3284,33.0,Male,,Hr Manager,1.4,32425.18,31.0,0.0,Y,6.9,9.0,1.0,10.0,6,4.0,0.0,4.0,5.0,Yes,7.0,Low,Low,Low,"May 12, 2018"
EMP1036,43.0,Male,Legal,Legal Advisor,1.1,19882.15,44.0,0.0,No,7.2,10.0,1.0,10.0,3,5.0,18.0,3.0,5.0,N,7.0,Low,Low,Low,2020-04-20
EMP5204,37.0,Female,Marketing,Content Strategist,0.0,25213.38,45.0,11.0,No,6.3,8.0,1.0,10.0,8,7.0,24.0,1.0,5.0,Yes,8.0,Low,Low,Low,06-Mar-2023
EMP1626,38.0,Male,R&D,Support Team Lead,12.3,38555.66,54.0,16.0,No,5.6,6.0,1.0,7.0,4,5.0,20.0,4.0,5.0,Yes,8.0,Low,Low,Low,01-10-2026
EMP6939,27.0,Other,Operations,Operations Executive,4.9,35292.95,33.0,2.0,N,8.3,10.0,1.0,10.0,6,6.0,2.0,2.0,5.0,Y,8.0,Low,Low,Low,12-13-2017
EMP6968,33.0,Male,Admin,Adimn Executive,5.2,34784.18,39.0,7.0,Yes,6.1,8.0,3.0,10.0,8,6.0,3.0,3.0,5.0,No,9.0,Low,Low,Low,"November 22, 2019"
EMP3275,48.0,Male,Customer Support,Support Executive,4.5,30304.54,39.0,4.0,N,7.2,9.0,2.0,7.0,8,5.0,0.0,6.0,5.0,-,7.0,Low,Low,Low,"January 01, 2025"
EMP4236,29.0,Female,Sales,Sales Manager,2.5,42057.18,54.0,20.0,No,6.8,9.0,1.0,8.0,,5.0,9.0,1.0,5.0,N,7.0,Low,-,Medium,2021-10-10
EMP5026,33.0,Male,Customersupport,Support Executive,4.1,22401.23,41.0,5.0,Yes,8.9,8.0,1.0,9.0,6,6.0,2.0,2.0,5.0,N,7.0,Low,Low,Low,-
EMP5320,37.0,Female,Human Resources,Hr Executive,1.6,27283.19,45.0,26.0,No,-10.52308373664556,7.0,2.0,7.0,7,6.0,3.0,5.0,5.0,N,8.0,Low,Low,Low,"June 22, 2020"
EMP2795,21.0,Female,Finance,Finance Manager,3.0,39362.42,56.0,16.0,Y,7.7,7.0,1.0,9.0,6,6.0,37.0,6.0,5.0,No,7.0,Low,Low,Low,05/05/2017
EMP3600,38.0,Female,Finance,Financial Analyst,20.0,54746.34,47.0,9.0,No,7.0,10.0,1.0,9.0,7,7.0,2.0,4.0,5.0,N,7.0,Low,Low,Low,08-Aug-2016
EMP2935,51.0,Male,Finance,Accountant,2.5,43404.55,46.0,8.0,Y,8.1,9.0,2.0,10.0,7,7.0,4.0,5.0,5.0,Yes,7.0,Low,Low,Low,-
EMP1257,33.0,Male,Rnd,Research Analyst,0.2,29616.5,45.0,5.0,No,6.8,7.0,2.0,9.0,6,7.0,8.0,4.0,5.0,No,6.0,Low,Low,Low,08/09/2020
EMP4202,32.0,Female,Hr,Recruiter,4.6,28476.91,55.0,12.0,No,6.9,10.0,1.0,7.0,6,7.0,11.0,2.0,5.0,No,7.0,Low,Low,Low,15-Feb-2016
EMP4623,43.0,Female,Operations,Logistics Coordinator,2.8,38035.86,33.0,3.0,No,7.4,10.0,1.0,10.0,8,9.0,0.0,4.0,5.0,Y,7.0,Low,Low,Low,2018/11/08
EMP3258,28.0,Male,Operations,-,3.2,30926.28,49.0,10.0,No,7.7,9.0,2.0,8.0,5,6.0,21.0,2.0,5.0,No,6.0,Low,Low,Low,2019/04/30
EMP2192,33.0,Female,Legal,Legal Counsel,2.3,25107.97,45.0,2.0,No,8.2,10.0,1.0,8.0,8,7.0,15.0,2.0,5.0,Yes,8.0,Low,Low,Low,"July 02, 2025"
EMP3193,34.0,Female,Admin,Office Manager,7.3,51874.93,34.0,4.0,Yes,6.9,10.0,2.0,8.0,4,7.0,17.0,4.0,5.0,No,7.0,Low,Low,Low,10-Jun-2021
EMP3719,42.0,Female,Marketing,Marketing Manager,1.7,37534.16,46.0,6.0,No,8.3,9.0,1.0,10.0,3,7.0,0.0,2.0,5.0,No,8.0,Low,Low,Low,28/11/2018
EMP2513,38.0,Male,R&D,Research Analyst,0.4,32425.18,42.0,1.0,Yes,7.2,9.0,1.0,10.0,7,6.0,6.0,2.0,5.0,No,6.0,Low,Low,Low,"January 27, 2020"
EMP6153,22.0,Male,Marketting,Marketing Executive,4.0,26579.18,41.0,0.0,N,8.3,9.0,1.0,9.0,5,8.0,13.0,3.0,5.0,Yes,5.0,Low,Low,Low,2019/11/19
EMP4791,22.0,Female,Admin,Admin Executive,1.9,29339.67,41.0,5.0,Yes,7.9,9.0,1.0,10.0,5,8.0,25.0,2.0,5.0,Yes,8.0,Low,Low,Low,25/12/2015
EMP4963,33.0,M,Admin,Support Team Lead,0.2,37656.56,39.0,0.0,No,7.1,10.0,2.0,9.0,4,5.0,5.0,5.0,5.0,No,4.0,Low,Low,Low,07-06-2022
EMP2286,31.0,Male,Admin,Office Manager,1.1,41129.68,43.0,12.0,Y,7.0,10.0,3.0,9.0,6,6.0,10.0,1.0,4.0,N,7.0,Low,-,Low,2015-01-17
EMP2373,29.0,Other,It,Software Engineer,-4.516901069025824,32425.18,52.0,14.0,No,5.5,9.0,1.0,7.0,5,7.0,5.0,3.0,5.0,No,6.0,Low,Low,Low,2024/03/13
EMP2169,29.0,Male,Legal,Legal Advisor,3.5,29730.06,52.0,15.0,N,6.7,9.0,1.0,10.0,9,8.0,1.0,0.0,5.0,Y,8.0,Low,Low,,2026/04/19
EMP2100,32.0,Female,Customer Support,Support Team Lead,2.5,54480.77,34.0,9.0,N,6.8,9.0,3.0,8.0,2,4.0,0.0,3.0,5.0,N,9.0,Low,Low,Medium,"January 27, 2024"
 emp1062 ,34.0,Male,Hr,Compliance Officer,1.5,26894.81,45.0,14.0,N,5.2,7.0,1.0,9.0,5,6.0,10.0,4.0,5.0,No,8.0,Low,Low,Low,06-05-2022
EMP2822,43.0,Female,Hr,Recruiter,11.1,45662.8,36.0,5.0,No,7.6,9.0,1.0,9.0,10,8.0,10.0,4.0,5.0,N,6.0,Low,Low,Low,29/07/2015
EMP4068,33.0,Male,Operations,Lgoistics Coordinator,8.3,36572.78,43.0,8.0,No,8.0,8.0,1.0,10.0,7,7.0,4.0,4.0,5.0,Yes,6.0,-,Low,Low,03-25-2015
EMP2166,28.0,Female,Hr,Customer Success Manager,6.3,50331.63,38.0,0.0,N,8.0,10.0,1.0,9.0,6,8.0,11.0,5.0,5.0,-,7.0,Low,Low,Low,2016/04/26
EMP6034,26.0,Male,Sales,Account Manager,1.2,45274.35,34.0,0.0,No,8.9,10.0,1.0,9.0,2,7.0,6.0,2.0,5.0,Yes,7.0,Low,Low,Low,2015/01/05
EMP5606,24.0,Male,Sales,Business Development Executive,3.7,29230.74,52.0,13.0,No,8.2,6.0,1.0,8.0,7,6.0,10.0,3.0,5.0,Yes,6.0,Low,Low,Low,2026-01-17
EMP1567,33.0,Male,Finance,Auditor,1.8,21138.55,45.0,6.0,No,7.9,10.0,1.0,8.0,6,7.0,16.0,6.0,4.0,N,7.0,Low,Low,Low,05-22-2023
EMP3428,33.0,Male,Operations,Operations Manager,0.8,46101.0,41.0,6.0,N,7.0,9.0,1.0,10.0,7,7.0,9.0,2.0,5.0,N,8.0,Low,Low,Low,12-27-2024
EMP4497,35.0,Male,Admin,Admin Executive,3.6,26067.49,47.0,9.0,Yes,7.5,9.0,1.0,10.0,9,8.0,31.0,4.0,4.0,Yes,7.0,Low,Low,Low,14/03/2021
EMP4533,20.0,Male,Hr,Marketing Executive,2.0,25009.16,41.0,0.0,Yes,7.9,9.0,1.0,10.0,6,6.0,47.0,2.0,5.0,Y,7.0,Low,Low,Low,"May 27, 2017"
 emp4685 ,33.0,Male,Legal,Legal Counsel,0.8,31439.08,40.0,5.0,Yes,6.6,10.0,1.0,8.0,6,5.0,37.0,4.0,5.0,No,8.0,Low,Low,Low,"August 01, 2018"
EMP1873,36.0,Male,Operations,Operations Manager,3.7,45050.83,41.0,2.0,Yes,7.0,8.0,2.0,9.0,5,6.0,1.0,4.0,5.0,No,6.0,Low,Low,Low,"July 13, 2019"
EMP4251,28.0,Female,Legal,Compliance Officer,6.6,40245.38,45.0,15.0,Yes,5.1,9.0,1.0,9.0,4,7.0,70.0,3.0,5.0,Yes,9.0,Low, ,Low,-
EMP1349,31.0,Male,Sales,Sales Manager,3.4,39208.7,42.0,10.0,No,6.4,8.0,2.0,10.0,9,7.0,9.0,5.0,5.0,Yes,7.0,Low,Low,Low,2022/09/23
EMP4358,27.0,Male,Admin,Office Manager,0.2,30805.45,40.0,2.0,No,7.9,10.0,1.0,9.0,7,8.0,44.0,2.0,5.0,No,8.0,Low,Low,Low,"August 29, 2016"
EMP1350,24.0,F,Legal,Legal Advisor,0.6,34197.81,56.0,11.0,No,6.6,9.0,1.0,10.0,6,6.0,7.0,2.0,5.0,Yes,8.0,Low,Low,Low,2025-08-03
EMP3894,40.0,Male,Administration,Front Desk Executive,4.8,28419.38,49.0,9.0,No,5.5,9.0,1.0,8.0,10,8.0,1.0,5.0,5.0,No,9.0,Low,Low,Low,01-24-2015
EMP3520,27.0,Male,R&D,Data Scientist,7.5,45349.23,47.0,5.0,No,6.9,10.0,1.0,8.0,8,8.0,35.0,1.0,5.0,No,7.0,Low,Low,Low,28/12/2022
EMP1024,22.0,Male,Hr,Research Analyst,1.2,25474.05,53.0,17.0,No,6.8,8.0,3.0,8.0,10,7.0,5.0,3.0,4.0,N,4.0,Low,Low,Low,2017-10-27
EMP4061,49.0,Female,Ops,Operations Executive,5.3,38412.65,56.0,20.0,No,7.1,9.0,1.0,9.0,5,6.0,10.0,7.0,5.0,No,8.0,Low,Low,Low,2019-11-05
EMP5515,28.0,Male,Fiannce,Auditor,1.1,27783.94,41.0,5.0,N,5.6,10.0,1.0,8.0,4,7.0,3.0,7.0,5.0,Yes,6.0,Low,Low,Low,11-04-2022
EMP1115,33.0,Female,Human Resources,Recruiter,0.4,27557.54,42.0,2.0,Y,7.5,10.0,1.0,10.0,8,6.0,3.0,2.0,5.0,Yes,8.0,Low,Low,Low,2021/07/21
EMP5311,28.0,M,Customer Support,Support Executive,0.9,28482.23,34.0,0.0,N,7.3,10.0,1.0,10.0,2,5.0,16.0,1.0,5.0,Yes,6.0,Low,Low,Low,28-Jun-2025
EMP6941,38.0,Male,Sales,Business Development Executive,10.5,43464.56,60.0,28.0,Y,6.2,9.0,4.0,8.0,6,4.0,4.0,4.0,5.0,N,4.0,Medium,Moderate,Medium,14/05/2021
EMP1966,37.0,Male,Admin,Admin Executive,13.8,41633.7,61.0,5.0,No,5.7,8.0,2.0,10.0,7,6.0,10.0,7.0,5.0,No,9.0,Low,Low,Low,"January 13, 2019"
EMP4362,50.0,M,Hr,Hr Generalist,2.3,36695.75,39.0,1.0,No,6.5,10.0,1.0,9.0,9,7.0,22.0,3.0,5.0,Y,7.0,Low,Low,Low,01/01/2028
EMP2763,32.0,Female,Customer Support,Support Executive,3.8,21827.43,34.0,0.0,Yes,6.1,10.0,2.0,8.0,5,6.0,3.0,3.0,5.0,N,6.0,Low,Low,Low,"July 27, 2018"
EMP5403,33.0,Male,Finance,Finance Manager,6.8,51362.71,47.0,13.0,No,8.5,10.0,1.0,9.0,8,8.0,1.0,4.0,5.0,No,9.0,Low,Low,Low,24-Jan-2019
EMP1317,47.0,Female,Legal,Legal Advisor,3.0,30097.94,54.0,5.0,No,6.7,9.0,2.0,9.0,10,8.0,3.0,5.0,5.0,N,8.0,Low,Low,Low,2025/09/23
EMP1433,40.0,Female,Admin,Admin Executvie,0.4,23514.66,39.0,3.0,No,7.9,9.0,1.0,10.0,4,6.0,6.0,4.0,5.0,Y,7.0,Low,Low,Low,2020/05/08
EMP1738,20.0,Female,Customer Support,Customer Success Manager,0.5,44777.76,43.0,10.0,No,7.2,10.0,1.0,9.0,6,8.0,2.0,5.0,5.0,Yes,7.0,Low,Low,Low,"August 14, 2022"
EMP6754,25.0,Male,R&D,Data Scientist,7.0,54010.03,58.0,14.0,N,6.9,9.0,1.0,10.0,7,8.0,6.0,3.0,5.0,Y,7.0,Low,Low,Low,2016/06/04
EMP4561,24.0,M,Admin,Office Manager,0.7,45842.02,58.0,17.0,No,5.7,9.0,3.0,9.0,2,4.0,17.0,6.0,5.0,No,8.0,Low,Low,Medium,2022/05/05
EMP4476,33.0,Female,Fiannce,Financial Analyst,4.2,33234.6,48.0,11.0,Yes,7.6,9.0,1.0,8.0,9,9.0,9.0,3.0,5.0,No,8.0,Low,Low,Low,"March 16, 2016"
EMP5212,23.0,Female,Admin,Offiec Manager,1.6,41650.9,38.0,0.0,No,6.2,10.0,1.0,8.0,6,7.0,10.0,3.0,5.0,No,8.0,Low,Low,Low,07-24-2019
EMP4436,47.0,Female,Operations,Operations Executive,3.0,22827.56,43.0,0.0,No,9.0,9.0,1.0,10.0,3,4.0,16.0,5.0,5.0,Yes,6.0,Low,Low,Low,20-May-2017
EMP2370,30.0,Male,Hr,Hr Executive,2.7,25566.18,49.0,10.0,No,6.0,8.0,1.0,10.0,9,8.0,8.0,5.0,5.0,N,5.0,Low,Low,Low,05-17-2020
EMP1590,30.0,Male,Finance,Financial Analyst,6.3,42437.87,44.0,8.0,N,7.2,9.0,1.0,10.0,-,7.0,18.0,4.0,5.0,Y,8.0,Low,Low,Low,"September 10, 2021"
EMP4366,32.0,Female,Sales,Sales Manager,0.8,40652.56,34.0,3.0,No,6.3,10.0,1.0,9.0,8,6.0,6.0,4.0,5.0,No,7.0,Low,Low,Low, 
EMP4673,40.0,Female,Finance,Accountant,0.8,32425.18,45.0,0.0,Yes,7.5,10.0,1.0,9.0,9,6.0,1.0,2.0,4.0,N,7.0,Low,Low,Low,2024-11-13
EMP3433,29.0,Male,Marketing,Content Strategist,1.0,23563.3,47.0,11.0,No,6.1,8.0,1.0,10.0,2,6.0,10.0,1.0,4.0,Yes,5.0,Low,Low,Low,"March 04, 2019"
EMP1375,20.0,Female,Sales,Account Manager,2.0,32425.18,54.0,26.0,No,6.6,6.0,2.0,7.0,-,8.0,6.0,3.0,5.0,No,7.0,Low,Low,Low,13-May-2024
 emp1456 ,33.0,M,Marketing,Seo Specialist,5.0,31554.82,43.0,4.0,No,6.7,10.0,3.0,10.0,4,7.0,3.0,1.0,5.0,Yes,8.0,Low,Low,Low,11-19-2025
EMP4239,29.0,Male,Operations,Logistics Coordinator,2.1,33139.73,49.0,5.0,No,7.9,10.0,3.0,8.0,6,5.0,5.0,1.0,5.0,No,5.0,Low,Low,,01-Nov-2022
EMP4219,29.0,Female,Legal,Compliance Officer,4.1,24322.93,46.0,0.0,No,8.0,10.0,1.0,9.0,6,7.0,11.0,3.0,5.0,N,8.0,Low,Low,Low,2025-09-06
EMP1610,27.0,Male,R&D,R&D Engineer,3.3,28761.53,42.0,1.0,Yes,7.9,9.0,1.0,7.0,6,5.0,7.0,0.0,5.0,Yes,7.0,Low,Low,Low,12-30-2016
EMP5442,32.0,Male,Marketing,Seo Specialist,2.9,25312.37,50.0,8.0,Yes,7.8,9.0,1.0,10.0,6,6.0,19.0,0.0,5.0,No,6.0,Low,Low,Low,2025-12-25
EMP6150,29.0,Female,Admin,Support Team Lead,11.0,44388.24,45.0,11.0,No,6.8,9.0,1.0,9.0,5,6.0,9.0,4.0,5.0,Yes,8.0,Low,Low,-,-
EMP2134,26.0,Female,Sales,Support Team Lead,1.1,23985.49,54.0,5.0,No,6.3,8.0,2.0,8.0,5,5.0,23.0,1.0,5.0,N,8.0,Low,Low,Low,11-18-2016
EMP4160,30.0,Male,Research And Development,Research Analyst,2.5,27822.93,49.0,14.0,Yes,6.7,9.0,1.0,10.0,9,6.0,10.0,5.0,4.0,N,7.0,Low,Low,Low,02-27-2019
EMP2044,38.0,Male,It,Software Engineer,0.7,26760.16,44.0,7.0,No,8.4,10.0,1.0,10.0,-,5.0,0.0,1.0,5.0,No,9.0,Low,Low,Low,2024/11/20
EMP3773,38.0,Female,Hr,Hr Executive,11.3,37990.58,45.0,10.0,N,7.2,10.0,1.0,10.0,7,6.0,11.0,4.0,5.0,N,7.0,Low,Low,Low,05-30-2016
EMP4996,29.0,,Hr,Hr Executive,7.5,29938.86,44.0,10.0,No,5.5,8.0,1.0,10.0,3,6.0,11.0,3.0,5.0,No,7.0,Low,Low,Low,2022-12-31
EMP5336,27.0,Female,Sale,Account Manager,1.1,45311.68,45.0,13.0,No,6.1,7.0,1.0,9.0,4,4.0,10.0,3.0,5.0,Yes,7.0,Low,Low,Low,22-Feb-2015
EMP4857,29.0,Female,Hr,Hr Mnaager,1.7,31956.37,38.0,0.0,No,5.9,8.0,1.0,10.0,5,7.0,8.0,3.0,5.0,No,8.0,Low,Low,Low,2025-11-01
EMP6059,35.0,Male,Cust. Support,Support Team Lead,5.0,46554.72,30.0,0.0,Yes,8.4,10.0,1.0,8.0,7,8.0,1.0,3.0,5.0,No,8.0,Low,Low,Low,2026-02-09
EMP3782,25.0,Female,It,It Support,2.1,26902.99,54.0,21.0,Yes,5.7,8.0,2.0,10.0,7,6.0,20.0,3.0,4.0,No,7.0,Low,Low,Low,10-28-2019
EMP1269,36.0,Female,Hr,Logistics Coordinator,1.7,32337.27,45.0,0.0,No,7.4,10.0,1.0,10.0,8,7.0,2.0,3.0,5.0,Y,8.0,Low,Low,Low,14/04/2016
EMP4793,33.0,Male,Human Resources,Hr Executive,9.3,38936.69,65.0,30.0,N,7.5,7.0,2.0,9.0,7,8.0,2.0,5.0,4.0,Yes,7.0,Low,Low,Low,-
EMP5527,43.0,Female,Sales,Sales Executive,4.5,38927.57,52.0,19.0,No,6.0,8.0,1.0,9.0,10,8.0,4.0,4.0,5.0,No,9.0,Low,Low,Low,-
EMP6810,43.0,Male,Marketing,Marketing Manager,0.0,32425.18,41.0,5.0,Yes,7.1,10.0,1.0,8.0,8,7.0,0.0,1.0,5.0,No,6.0,Low,Low,Low,"October 05, 2015"
EMP5678,24.0,Male,Operations,Operations Executive,0.6,21338.07,51.0,5.0,Yes,7.1,8.0,1.0,10.0,7,7.0,0.0,4.0,5.0,N,9.0,Low,Low,Low,"November 13, 2018"
EMP5236,46.0,Female,Marketing,Content Strategist,1.0,21554.47,45.0,28.0,Y,4.8,9.0,3.0,8.0,5,4.0,5.0,1.0,5.0,No,7.0,Medium,Moderate,Medium,19-Oct-2017
EMP5297,29.0,Female,Legal,Legal Counsel,0.5,27955.21,43.0,0.0,N,7.9,10.0,1.0,10.0,6,9.0,10.0,1.0,5.0,Yes,8.0,Low,Low,Low,04-30-2016
EMP5955,33.0,Male,Finance,Accountant,4.2,32425.18,42.0,2.0,No,9.0,10.0,2.0,9.0,6,8.0,-6.0,1.0,5.0,No,7.0,Low,Low,Low,"June 07, 2023"
EMP4978,33.0,Male,Admin,Front Desk Executive,7.3,36498.12,47.0,8.0,No,8.2,8.0,1.0,10.0,8,5.0,5.0,5.0,5.0,No,8.0,Low,Low,Low,29-Jun-2024
EMP5735,29.0,Male,Admin,Admin Executive,2.1,33708.82,39.0,0.0,Y,7.7,10.0,1.0,10.0,7,8.0,0.0,1.0,5.0,No,6.0,Low,Low,Low,"January 07, 2021"
EMP5417,33.0,Female,R&D,Data Scientist,4.6,41307.83,51.0,11.0,No,6.4,9.0,1.0,10.0,8,6.0,11.0,4.0,5.0,Yes,7.0,Low,Low,Low,29-Jul-2024
EMP4075,27.0,Male,Admin,Admin Executive,7.2,37594.42,33.0,3.0,No,8.8,10.0,1.0,10.0,9,7.0,31.0,4.0,5.0,Yes,7.0,Low,Low,Low,2016-08-04
EMP1885,55.0,Male,Hr,Hr Manager,0.1,34142.31,42.0,1.0,No,7.5,10.0,2.0,10.0,7,7.0,17.0,4.0,4.0,,6.0,Low,Low,Low,24/12/2018
EMP6308,44.0,,Customer Support,Customer Success Manager,2.8,37295.67,30.0,0.0,No,7.2,10.0,1.0,9.0,6,6.0,8.0,3.0,5.0,Yes,8.0,Low,Low,Low,2016-11-02
EMP1033,40.0,Female,It,Software Engineer,0.2,18557.61,49.0,5.0,No,7.4,8.0,1.0,8.0,7,8.0,0.0,2.0,5.0,Yes,8.0,Low,Low,Low,14-Jun-2017
EMP3635,50.0,Female,I.T.,Devops Engineer,0.7,31178.1,41.0,0.0,Y,6.9,9.0,1.0,10.0,5,5.0,30.0,5.0,5.0,N,7.0,Low,Low,Low,2020/05/29
EMP2176,33.0,M,Operations,Logistics Coordinator,10.0,32425.18,48.0,14.0,No,7.4,9.0,3.0,6.0,9,7.0,31.0,3.0,5.0,No,9.0,Low,Low,Low,-
EMP3593,33.0,Male,Marketing,Marketing Manager,4.0,32425.18,52.0,10.0,No,5.4,9.0,1.0,10.0,9,8.0,75.0,3.0,5.0,N,6.0,Low,Low,Low,15/01/2017
EMP5900,20.0,Male,Admin,Admin Executive,0.3,24196.94,32.0,3.0,Yes,6.9,10.0,1.0,9.0,7,7.0,27.0,3.0,5.0,Y,8.0,Low,Low,Low,03-13-2017
EMP1953,21.0,Female,Admin,Admin Executive,3.0,33116.21,41.0,0.0,Yes,7.2,10.0,1.0,10.0,4,6.0,17.0,6.0,5.0,Yes,7.0,Low,Low,Low,04-May-2026
EMP5643,26.0,Female,It,Devops Engineer,1.8,26144.68,45.0,7.0,Yes,7.2,10.0,1.0,10.0,7,8.0,44.0,5.0,5.0,No,6.0,Low,Low,Low,08-Feb-2018
EMP4677,26.0,Male,Hr,Compliance Officer,3.1,26950.32,45.0,1.0,Yes,8.3,10.0,1.0,9.0,7,8.0,73.0,4.0,5.0,No,7.0,Low,Low,Low,23/05/2022
EMP3591,30.0,F,Hr,Hr Manager,2.6,45650.14,30.0,5.0,N,8.2,9.0,2.0,7.0,2,3.0,21.0,4.0,4.0,No,8.0,Low,Low,Medium,"December 25, 2024"
EMP4483,28.0,Male,Operations,Operations Executive,2.1,27206.11,45.0,5.0,Yes,7.9,10.0,1.0,9.0,4,7.0,23.0,2.0,5.0,No,6.0,Low,Low,Low,07-Aug-2019
EMP4226,33.0,Male,It,System Admin,2.6,28823.87,46.0,5.0,Yes,7.6,9.0,1.0,9.0,8,6.0,4.0,3.0,5.0,,7.0,Low,Low,Low,"September 03, 2017"
EMP4447,35.0,Male,Hr,System Admin,0.2,26276.89,54.0,18.0,No,7.0,6.0,2.0,8.0,8,7.0,10.0,3.0,5.0,N,5.0,Low,Low,Low,22/02/2022
EMP6564,37.0,Female,Operations,Operations Executive,6.8,39114.09,49.0,3.0,No,8.3,8.0,1.0,10.0,6,6.0,26.0,7.0,4.0,Yes,8.0,Low,Low,Low,2023/11/15
EMP6739,26.0,Female,Operations,Logistics Coordinator,1.4,28670.27,45.0,10.0,No,7.7,10.0,2.0,8.0,7,7.0,5.0,2.0,4.0,No,6.0,Low,Low,Low,08-04-2015
EMP3815,33.0,Female,Administration,Support Team Lead,9.0,35321.26,47.0,0.0,Yes,7.2,9.0,1.0,9.0,3,5.0,5.0,5.0,5.0,Y,6.0,Low,Low,Low,-
EMP2448,38.0,Female,-,Compliance Officer,1.6,27577.48,46.0,5.0,No,7.5,9.0,1.0,9.0,2,5.0,15.0,3.0,5.0,N,6.0,Low,Low,Low,05/08/2017
EMP2456,46.0,Male,Admin,Office Manager,2.6,51230.98,44.0,8.0,No,9.0,9.0,1.0,8.0,5,6.0,9.0,5.0,4.0,Yes,6.0,Low,Low,Low,2021/07/15
 emp6278 ,33.0,F,Customersupport,Support Executive,3.4,27577.46,45.0,5.0,No,5.9,10.0,1.0,8.0,4,6.0,11.0,6.0,5.0,Y,7.0,Low,Low,Low,22-Jul-2022
EMP1445,27.0,Male,It,-,9.0,32408.16,55.0,24.0,No,7.3,7.0,2.0,7.0,4,5.0,3.0,3.0,5.0,No,8.0,Low,Low,Low,2022-11-12
EMP2723,24.0,Female,Legal,Compliance Officer,2.5,21674.99,42.0,4.0,,7.0,9.0,1.0,9.0,8,6.0,13.0,3.0,5.0,No,6.0,Low,Low,Low,-
EMP6475,36.0,Male,Admin,Front Desk Executive,9.5,40309.92,50.0,14.0,,7.9,9.0,1.0,10.0,3,4.0,4.0,6.0,5.0,No,8.0,Low,Low,Low,2017/04/19
EMP3861,34.0,Female,Marketing,,0.6,28573.48,54.0,5.0,No,9.0,8.0,1.0,9.0,9,8.0,10.0,2.0,5.0,No,8.0,Low,Low,Low,16/11/2016
EMP5252,28.0,Male,It,Qa Engineer,6.0,25177.72,49.0,9.0,No,6.7,10.0,1.0,10.0,6,8.0,25.0,3.0,5.0,Yes,7.0,Low,Low,Low,02-05-2023
EMP6479,35.0,Male,Research And Development,Research Analyst,4.3,30903.44,36.0,0.0,No,7.1,10.0,1.0,9.0,6,7.0,6.0,2.0,5.0,No,8.0,Low,Low,Low,10-04-2021
EMP3556,37.0,Male,Hr,Support Team Lead,2.5,26632.43,45.0,0.0,Y,6.7,10.0,1.0,10.0,5,7.0,23.0,4.0,5.0,Yes,8.0,Low,Low,Low,11-Jun-2020
EMP6443,27.0,Female,Sales,Account Manager,4.1,33119.23,42.0,1.0,No,8.0,10.0,1.0,10.0,6,6.0,7.0,3.0,5.0,No,6.0,Low,Low,Low,11/10/2022
EMP2463,33.0,Female,Marketing,Content Strategist,4.4,27874.7,52.0,1.0,Y,6.8,9.0,3.0,8.0,8,7.0,6.0,2.0,5.0,N,6.0,Low,Low,Low,2019-05-22
EMP1820,29.0,Male,R&D,R&D Engineer,7.6,31655.53,50.0,26.0,No,7.8,8.0,1.0,8.0,-,7.0,29.0,2.0,5.0,Yes,7.0,Low,Low,Low,15/03/2027
EMP4441,28.0,Female,Marketing,Marketing Manager,4.5,45597.24,44.0,17.0,Yes,0.5,8.0,1.0,9.0,6,5.0,9.0,0.0,5.0,No,7.0,Low,Low,Low,2020-03-05
EMP5968,36.0,Male,Hr,Hr Generalist,10.0,40079.09,45.0,6.0,Yes,7.6,9.0,3.0,10.0,4,6.0,16.0,2.0,5.0,No,7.0,Low,Low,Low,2022-09-13
EMP4405,33.0,Male,Hr,Hr Executive,4.0,33641.95,38.0,4.0,N,7.8,9.0,1.0,9.0,5,5.0,23.0,6.0,5.0,N,8.0,Low,Low,Low,2018-10-27
EMP6800,33.0,Male,Hr,-,3.0,22919.3,38.0,5.0,N,7.7,10.0,1.0,8.0,4,6.0,6.0,5.0,5.0,Y,8.0,Low,Low,Low,04/03/2021
EMP1762,38.0,Male,It,Qa Engineer,2.9,32047.35,48.0,8.0,No,6.4,8.0,1.0,8.0,-,8.0,24.0,5.0,4.0,N,7.0,Low,Low,Low,-
EMP2711,38.0,F,I.T.,System Admin,2.9,30655.1,51.0,5.0,No,7.5,9.0,1.0,8.0,6,6.0,1.0,6.0,5.0,No,8.0,Low,Low,Low,2025/09/10
EMP2739,34.0,M,Legal,Legal Advisor,10.4,41697.05,48.0,11.0,No,8.6,8.0,3.0,8.0,5,7.0,16.0,2.0,4.0,N,7.0,Low,Low,Low,2018/02/25
EMP3165,32.0,Male,R&D,Support Team Lead,7.9,41415.67,60.0,27.0,No,6.1,8.0,1.0,9.0,5,4.0,14.0,4.0,5.0,Y,7.0,Low,Low,Medium,04/11/2018
EMP1451,34.0,Female,Customer Support,Support Team Lead,1.9,32425.18,41.0,2.0,Yes,7.8,10.0,1.0,10.0,4,7.0,0.0,2.0,5.0,No,7.0,Low,Low,Low,2024/04/16
EMP1273,33.0,M,It,Devops Engineer,0.2,26859.84,47.0,5.0,Yes,7.9,8.0,1.0,9.0,6,7.0,9.0,1.0,5.0,Yes,7.0,Low,Low,Low,"January 19, 2022"
EMP2736,33.0,Male,Legal,Legal Advisor,4.1,31538.3,35.0,0.0,Yes,7.0,9.0,1.0,9.0,9,7.0,19.0,6.0,5.0,N,7.0,Low,Low,Low,05-May-2025
EMP4064,37.0,F,Hr,Legal Advisor,3.5,32425.18,46.0,8.0,Yes,7.8,9.0,1.0,10.0,7,5.0,5.0,5.0,5.0,No,7.0,Low,Low,Low,08-24-2018
EMP6894,30.0,Other,Legal,Compliance Officer,1.6,32425.18,48.0,0.0,N,6.1,10.0,1.0,8.0,7,7.0,3.0,2.0,5.0,No,7.0,Low,Low,Low,07-Jul-2021
EMP5440,26.0,-,I.T.,Software Engineer,2.5,25693.32,35.0,0.0,No,7.1,10.0,1.0,10.0,10,8.0,35.0,3.0,5.0,No,7.0,Low,Low,Low,2018/03/03
EMP4511,33.0,Female,R&D,Data Scientist,5.3,52716.83,50.0,11.0,No,7.2,10.0,2.0,9.0,8,7.0,16.0,3.0,5.0,Yes,7.0,Low,Low,Low,09/05/2017
EMP3084,22.0,Male,Hr,Data Scientist,2.0,31132.36,30.0,0.0,No,7.1,10.0,1.0,9.0,5,6.0,17.0,5.0,5.0,No,7.0,Low,Low,Low,"February 08, 2022"
EMP2297,30.0,Female,Marketing,Content Strategist,6.6,32425.18,41.0,5.0,No,7.7,10.0,1.0,9.0,9,9.0,23.0,3.0,5.0,Yes,7.0,Low,Low,Low,02-Sep-2020
EMP6492,44.0,Male,Sale,Support Team Lead,4.0,51524.43,44.0,5.0,Yes,7.2,10.0,1.0,10.0,5,6.0,1.0,7.0,5.0,No,9.0,Low,Low,Low,19/08/2017
EMP5304,35.0,M,Admin,Admin Executive,9.6,38825.4,42.0,-16.0,No,7.4,9.0,1.0,10.0,4,4.0,6.0,1.0,5.0,Yes,6.0,Low,Low,Low,2018/03/31
EMP3625,39.0,Male,Operations,Operations Manager,0.6,34098.32,70.0,5.0,No,5.8,6.0,1.0,8.0,4,6.0,9.0,1.0,4.0,Y,6.0,Low,Low,Low,17/01/2024
EMP5038,36.0,Male,Sales,Business Development Exectuive,2.5,25799.11,38.0,0.0,N,7.1,10.0,1.0,10.0,3,7.0,10.0,7.0,5.0,No,9.0,Low,Low,Low,11-22-2025
EMP3150,34.0,Female,R&D,R&D Engineer,8.3,38499.29,45.0,14.0,Yes,6.8,7.0,1.0,10.0,2,5.0,10.0,7.0,4.0,No,7.0,Low,Low,Medium,2023-02-09
EMP5157,33.0,Male,R&D,Research Analyst,9.0,32425.18,54.0,18.0,No,6.7,8.0,1.0,8.0,7,7.0,10.0,4.0,4.0,N,8.0,Low,Low,Low,05-Dec-2019
EMP2450,27.0,Female,It,Devops Engineer,2.6,25956.5,45.0,7.0,No,7.1,9.0,1.0,10.0,-,6.0,3.0,1.0,5.0,No,7.0,Low,Low,Low,2023/07/12
EMP4267,33.0,Female,Legal,Legal Advisor,3.4,31820.0,34.0,0.0,-,8.0,9.0,1.0,10.0,5,6.0,10.0,0.0,5.0,No,6.0,Low,Low,Low,2019/06/20
EMP6833,28.0,Female,Admin,Admin Executive,0.6,26361.22,60.0,24.0,Y,7.0,6.0,4.0,8.0,3,3.0,17.0,1.0,4.0,No,6.0,Low,Low,Medium,19/07/2021
EMP3705,26.0,Male,Sales,Sales Manager,1.1,30108.65,42.0,0.0,No,7.7,10.0,2.0,10.0,2,5.0,51.0,4.0,5.0,No,8.0,Low,Low,Low,2017/04/12
EMP3502,21.0,Female,Admin,Office Manager,0.9,36434.4,48.0,10.0,Yes,8.4,8.0,1.0,10.0,6,7.0,0.0,3.0,5.0,Y,7.0,Low,Low,Low,2026/03/28
EMP5208,33.0,Male,It,Support Team Lead,4.2,32521.13,52.0,11.0,No,7.5,10.0,1.0,10.0,9,6.0,10.0,3.0,5.0,No,6.0,Low,Low,Low,2017-07-25
EMP2696,37.0,Male,Finance,Auditor,2.3,32425.18,40.0,4.0,No,8.0,10.0,1.0,8.0,7,7.0,10.0,3.0,5.0,Yes,7.0,Low,Low,Low,05-06-2017
EMP1529,33.0,F,Operations,Logistics Coordinator,1.3,24732.21,48.0,13.0,N,5.9,10.0,1.0,9.0,6,8.0,11.0,2.0,5.0,Yes,8.0,Low,Low,Low,2017-04-07
EMP1447,29.0,Female,Sales,Account Manager,6.2,41545.54,50.0,22.0,N,7.6,8.0,1.0,9.0,4,5.0,12.0,3.0,5.0,No,9.0,Low,Low,Low,10-11-2018
EMP6603,37.0,Female,Finance,Accuontant,7.7,34194.14,44.0,4.0,No,7.5,8.0,1.0,9.0,6,6.0,22.0,3.0,5.0,Yes,7.0,Low,Low,Low,2020/05/04
EMP3869,35.0,,Customer Support,Support Executive,0.5,29377.1,37.0,0.0,No,8.2,9.0,1.0,10.0,4,6.0,5.0,3.0,5.0,No,7.0,Low,Low,Low,16-Jul-2018
EMP5605,36.0,Male,Operations,Operations Executive,3.3,29242.03,45.0,5.0,N,8.2,10.0,1.0,10.0,9,6.0,10.0,4.0,5.0,N,7.0,Low,Low,Low,09-01-2016
 emp2564 ,22.0,Male,R&D,Data Scientist,2.6,44748.84,54.0,10.0,No,6.9,10.0,1.0,9.0,5,7.0,3.0,3.0,5.0,N,9.0,Low,Low,Low,23-Nov-2021
EMP3053,29.0,Other,Marketing,Marketing Executive,10.9,39542.63,48.0,5.0,No,6.6,9.0,1.0,9.0,6,8.0,10.0,3.0,5.0,Yes,7.0,Low,Low,Low,"September 27, 2020"
EMP3964,30.0,Male,Sales,Business Development Executive,10.4,45206.19,50.0,11.0,N,9.0,9.0,3.0,10.0,6,7.0,6.0,0.0,5.0,No,7.0,Low,Low,Low,02-03-2019
EMP6237,33.0,Female,Customer Support,Support Team Lead,6.3,43595.12,48.0,11.0,N,6.5,7.0,3.0,8.0,10,7.0,8.0,1.0,5.0,No,5.0,Low,Low,Low,-
EMP5179,44.0,Female,Customer Support,Support Team Lead,1.2,37324.08,52.0,10.0,No,7.8,10.0,15.0,7.0,4,5.0,15.0,2.0,5.0,No,7.0,Low,Low,Low,13-Jul-2019
EMP3841,29.0,Male,Customer Support,Customer Success Manager,0.8,36122.25,61.0,24.0,Y,7.3,6.0,1.0,10.0,5,5.0,25.0,5.0,5.0,Yes,7.0,Low,Low,Low,2017/09/14
EMP2746,34.0,Male,Marketing,Marketing Executive,10.0,34724.82,30.0,3.0,No,7.5,8.0,2.0,8.0,2,5.0,12.0,3.0,5.0,No,7.0,Low,Low,Low,03-Jul-2019
EMP6509,32.0,Male,Marketing,Marketing Executive,2.9,34660.22,62.0,21.0,No,6.4,6.0,1.0,9.0,6,6.0,3.0,2.0,5.0,-,8.0,Low,Low,Low,07/09/2015
EMP6326,35.0,Male,Hr,Hr Executive,0.2,25308.99,44.0,5.0,No,6.3,9.0,2.0,9.0,6,8.0,12.0,2.0,4.0,No,7.0,Low,Low,Low,12-Dec-2020
EMP1808,22.0,Male,R&D,Research Analyst,2.2,27053.1,56.0,15.0,Y,6.4,7.0,2.0,9.0,5,7.0,2.0,2.0,5.0,No,7.0,Low,Low,Low,2023-09-19
EMP2282,33.0,Other,Finance,Finance Manager,0.4,40881.54,45.0,5.0,Yes,6.3,10.0,1.0,10.0,3,7.0,0.0,2.0,5.0,No,7.0,Low,Low,Low,2016-07-26
EMP6069,26.0,Male,Operations,Operations Manager,2.5,32425.18,45.0,7.0,Y,6.7,10.0,1.0,9.0,8,7.0,41.0,3.0,5.0,No,6.0,Low,Low,Low,19/02/2025
EMP4216,44.0,Female,Admin,Front Desk Executive,6.7,35478.7,43.0,8.0,No,6.3,9.0,1.0,10.0,6,7.0,18.0,4.0,5.0,No,8.0,Low,Low,Low,2015/05/15
EMP3099,32.0,Male,Admin,Front Desk Executive,6.1,33075.45,65.0,5.0,Yes,6.0,6.0,1.0,9.0,3,6.0,4.0,0.0,5.0,No,7.0,Low,Low,Low,10-05-2020
EMP6901,36.0,Male,Operations,Operations Manager,3.6,37907.45,43.0,-2.0,No,7.7,9.0,1.0,10.0,4,6.0,19.0,2.0,5.0,N,8.0,Low,Low,Low,2016-08-05
EMP4336,24.0,Male,Hr,Recruiter,3.5,26458.17,51.0,13.0,N,7.2,8.0,2.0,8.0,6,5.0,5.0,4.0,4.0,No,6.0,Low,Low,Low,-
EMP2294,31.0,Male,Admin,Admin Executive,6.8,42882.13,63.0,29.0,No,7.1,7.0,3.0,7.0,3,5.0,3.0,6.0,5.0,No,7.0,Medium,Low,Medium,19/11/2023
EMP6713,28.0,Female,Human Resources,Hr Manager,2.5,42804.06,31.0,7.0,No,6.1,10.0,1.0,6.0,8,6.0,34.0,-5.0,5.0,No,6.0,Low,Low,Low,2018/09/25
EMP2231,33.0,F,Finance,Accountant,2.1,29228.94,43.0,5.0,N,7.0,10.0,1.0,10.0,-,5.0,10.0,3.0,5.0,,9.0,Low,Low,Low,13/02/2020
EMP1563,33.0,M,Operations,Logistics Coordinator,5.7,32511.95,54.0,11.0,Yes,6.4,10.0,2.0,9.0,6,6.0,24.0,2.0,4.0,N,8.0,Low,Low,Low,09-Jan-2021
EMP6989,28.0,Male,Hr,Marketing Manager,4.6,43039.2,42.0,0.0,No,8.4,10.0,1.0,9.0,3,4.0,10.0,3.0,5.0,No,5.0,,Low,Low,07-29-2015
EMP3366,39.0,Female,R&D,Research Analyst,1.8,32425.18,52.0,19.0,No,6.6,9.0,1.0,5.0,5,7.0,6.0,3.0,5.0,N,8.0,Low,Low,Low,12/12/2016
EMP6138,39.0,Male,Operations,Logitsics Coordinator,6.6,32425.18,33.0,1.0,No,6.6,10.0,1.0,9.0,8,6.0,17.0,2.0,5.0,N,7.0,Low,Low,Low,-
EMP3658,31.0,Male,Legal,Legal Counsel,2.7,24305.39,41.0,4.0,No,7.9,9.0,1.0,7.0,6,5.0,4.0,1.0,5.0,No,6.0,Low,Low,Low,30/11/2020
EMP1517,30.0,Male,Legal,Legal Advisor,2.3,27054.67,58.0,23.0,No,6.8,7.0,1.0,10.0,9,7.0,10.0,2.0,5.0,No,7.0,Low,Low,Low,09/06/2015
EMP5154,43.0,Male,Legal,Legal Counsel,3.7,27077.98,37.0,0.0,No,6.5,9.0,1.0,8.0,7,7.0,0.0,1.0,5.0,No,7.0,Low,Low,Low,"March 25, 2018"
EMP4627,46.0,Female,Hr,Devops Engineer,3.2,34064.43,49.0,7.0,No,6.7,10.0,3.0,7.0,2,4.0,7.0,0.0,5.0,No,6.0,Low,Low,Medium,15-Nov-2018
EMP5786,33.0,Male,Finance,Financial Analyst,2.0,32257.57,41.0,0.0,No,7.9,10.0,1.0,10.0,4,7.0,0.0,3.0,5.0,Yes,10.0,Low,Low,Low,"December 24, 2023"
EMP5837,35.0,Male,R&D,Data Scientist,4.7,51096.79,47.0,11.0,Yes,7.0,9.0,1.0,9.0,6,7.0,0.0,2.0,5.0,Yes,9.0,Low,Low,Low,01-02-2021
EMP4796,36.0,Male,Admin,Front Desk Executive,13.7,38819.28,56.0,26.0,No,5.4,8.0,1.0,10.0,7,8.0,2.0,0.0,5.0,Yes,9.0,Low,Low,Low,2025-05-24
EMP3836,24.0,Other,Sale,Business Development Executive,2.5,20547.39,45.0,5.0,Yes,7.3,10.0,1.0,8.0,6,6.0,6.0,4.0,5.0,No,5.0,Low,Low,Low,01/03/2024
EMP2167,33.0,Male,Finance,Support Team Lead,2.1,32425.18,59.0,20.0,No,7.2,8.0,1.0,10.0,9,7.0,3.0,3.0,5.0,N,7.0,Low,Low,Low,08-Jan-2016
EMP6604,41.0,Male,R&D,Data Scientist,1.3,25691.5,45.0,16.0,No,-9.714353178320259,8.0,2.0,9.0,4,6.0,11.0,3.0,5.0,No,9.0,Low,Low,Low,05-05-2019
EMP6026,33.0,Male,Legal,-,3.1,31009.98,54.0,27.0,No,7.3,7.0,2.0,10.0,2,5.0,17.0,4.0,5.0,No,5.0,Low,Low,Medium,15/03/2027
EMP2233,39.0,Female,R&D,Research Analyst,1.1,32425.18,30.0,0.0,No,7.4,10.0,2.0,8.0,4,6.0,60.0,2.0,5.0,No,7.0,Low,Low,Low,24/07/2016
EMP6008,23.0,Female,Human Resources,Hr Manager,0.5,28573.91,36.0,0.0,No,6.5,9.0,1.0,9.0,4,5.0,50.0,0.0,5.0,N,7.0,Low,Low,Low,20/12/2024
EMP3577,33.0,Male,It,Qa Engineer,1.3,30235.01,38.0,1.0,,7.8,10.0,1.0,10.0,7,6.0,1.0,2.0,5.0,No,6.0,Low,Low,Low,02-05-2017
EMP5979,25.0,Male,Finance,Accountnat,0.6,19406.77,36.0,0.0,No,8.3,9.0,1.0,8.0,6,5.0,5.0,3.0,5.0,No,6.0,Low,Low,Low,08-17-2022
EMP2545,32.0,M,Sales,Sales Manager,2.7,37675.7,59.0,24.0,No,5.9,6.0,1.0,9.0,7,7.0,1.0,2.0,5.0,No,5.0,Low,Low,Low,2015/03/14
EMP1057,29.0,Female,Hr,Hr Generalist,4.0,27177.5,48.0,3.0,Yes,7.2,9.0,1.0,10.0,10,8.0,12.0,3.0,5.0,No,8.0,Low,Low,Low,06-14-2022
EMP1880,33.0,F,,Support Team Lead,0.2,41267.6,49.0,14.0,Yes,6.8,9.0,1.0,10.0,6,4.0,18.0,4.0,4.0,No,8.0,Low,Low,Low,"March 08, 2026"
EMP4930,31.0,Female,R&D,Data Scientist,1.4,34032.29,52.0,16.0,No,8.5,9.0,1.0,8.0,7,7.0,21.0,5.0,4.0,Y,7.0,Low,Low,Low,-
EMP3893,32.0,Male,Research And Development,Data Scientist,0.8,37813.37,44.0,2.0,Y,7.1,10.0,2.0,9.0,4,6.0,2.0,2.0,5.0,N,7.0,Low,Low,Low,2020/10/20
EMP2948,46.0,Male,Finance,Finance Manager,0.2,32425.18,45.0,7.0,No,6.7,8.0,1.0,10.0,5,6.0,10.0,1.0,5.0,No,8.0,Low,Low,Low,28/10/2025
EMP4635,39.0,Female,Sale,Account Manager,2.3,29772.08,42.0,13.0,No,6.9,9.0,1.0,8.0,6,6.0,19.0,2.0,4.0,Yes,7.0,Low,Low,Low,2025-09-14
EMP4463,36.0,Female,Sales,Sales Executive,5.1,37902.07,45.0,3.0,No,6.4,10.0,1.0,9.0,6,6.0,24.0,3.0,5.0,N,6.0,Low,Low,Low,"May 13, 2020"
EMP4074,21.0,Female,Admin,Admin Executive,3.0,32425.18,44.0,0.0,No,6.4,8.0,1.0,8.0,3,6.0,12.0,3.0,5.0,No,7.0,Low,Low,Low,23-Apr-2025
EMP1087,41.0,Female,Legal,Legal Counsel,3.7,28727.89,33.0,0.0,No,7.4,9.0,1.0,10.0,-,7.0,11.0,3.0,4.0,N,7.0,Low,Low,Low,13-Feb-2021
EMP2555,36.0,Male,Admin,Front Desk Executive,2.5,34175.37,39.0,7.0,No,8.1,8.0,1.0,8.0,6,6.0,10.0,1.0,3.0,No,6.0,Low,Low,Low,2018/06/29
EMP3924,32.0,Male,Sale,Support Team Lead,3.3,32348.89,45.0,6.0,N,7.5,10.0,1.0,9.0,3,4.0,15.0,2.0,5.0,No,7.0,Low,Low,Low,2024-02-29
EMP1850,33.0,Male,Hr,Support Team Lead,3.0,36118.1,51.0,11.0,Yes,8.2,8.0,1.0,10.0,6,5.0,21.0,4.0,4.0,Y,8.0,Low,Low,Low,2021-10-12
EMP5129,43.0,Female,Legal,Legal Counsel,6.1,43842.37,54.0,16.0,Y,6.9,9.0,2.0,10.0,7,7.0,13.0,3.0,4.0,N,7.0,Low,Low,Low,"April 15, 2024"
EMP1521,33.0,Female,Hr,Accountant,7.0,34619.68,43.0,11.0,-,7.0,10.0,1.0,8.0,10,7.0,3.0,2.0,5.0,No,6.0,Low,Low,Low,23/12/2020
EMP1175,28.0,Female,It,System Admin,2.5,23301.8,33.0,0.0,Yes,7.6,9.0,1.0,8.0,6,6.0,19.0,4.0,5.0,Yes,8.0,Low,-,Low,18/01/2026
EMP2404,52.0,Male,Hr,Hr Manager,12.4,54974.36,45.0,18.0,Y,6.6,7.0,1.0,10.0,4,6.0,14.0,5.0,5.0,No,7.0,Low,Low,Low,2019/07/08
EMP1849,23.0,Female,Sales,Sales Executive,0.1,26079.11,33.0,0.0,Yes,6.8,9.0,1.0,10.0,6,6.0,18.0,2.0,5.0,No,9.0,Low,Low,Low,06-25-2022
EMP6748,36.0,Male,Sales,Sales Executive,3.0,36586.25,41.0,12.0,Yes,7.5,9.0,1.0,10.0,6,6.0,58.0,1.0,5.0,Yes,7.0,Low,-,Low,21/06/2016
EMP6031,43.0,Male,Sales,Business Development Executive,0.2,28999.48,46.0,12.0,No,7.0,9.0,2.0,9.0,7,7.0,16.0,6.0,5.0,Y,8.0,Low,Low,Low,-
EMP2032,23.0,Male,Marketing,Marketing Manager,0.6,35295.97,43.0,-9.0,Yes,7.8,10.0,1.0,7.0,7,8.0,7.0,2.0,5.0,Yes,8.0,Low,Low,Low,29-Sep-2022
 emp2493 ,33.0,Female,R&D,Research Analyst,6.8,34464.35,46.0,0.0,No,7.5,10.0,1.0,10.0,8,6.0,8.0,3.0,4.0,No,7.0,Low,Low,Low,04-29-2021
EMP1164,52.0,Female,R&D,R&D Engineer,0.6,24563.52,45.0,20.0,No,8.3,6.0,1.0,7.0,5,7.0,6.0,1.0,5.0,Yes,7.0,Low,Low,Low,2022/11/26
EMP1281,29.0,Male,Hr,Legal Advisor,2.5,27219.36,55.0,19.0,No,6.8,7.0,2.0,8.0,6,6.0,4.0,3.0,5.0,Y,7.0,Low,Low,Low,"December 08, 2021"
EMP1322,20.0,M,Admin,Front Desk Executive,1.8,32998.95,45.0,19.0,No,7.0,9.0,1.0,8.0,6,8.0,3.0,7.0,5.0,N,8.0,Low,Low,Low,2023-11-07
EMP3760,34.0,Female,Marketing,Seo Specialist,6.1,32425.18,39.0,0.0,No,8.4,10.0,1.0,7.0,6,6.0,39.0,3.0,5.0,Yes,7.0,Low,Low,-,07-30-2022
EMP5266,24.0,Female,Marketing,Seo Specialist,2.5,27118.96,33.0,1.0,No,9.0,9.0,1.0,10.0,3,6.0,24.0,3.0,5.0,Y,10.0,Low, ,Low,21/06/2016
EMP5568,35.0,Male,Hr,Hr Generalist,3.0,29295.77,48.0,5.0,Yes,8.5,9.0,1.0,7.0,9,6.0,3.0,4.0,5.0,Yes,7.0,Low,Low,Low,26/04/2023
EMP6057,23.0,Male,Finance,Financial Analyst,0.8,23673.19,56.0,19.0,No,6.9,8.0,1.0,9.0,7,8.0,0.0,3.0,5.0,N,8.0,Low,Low,Low,15-Jun-2019
EMP3605,30.0,-,Admin,Admin Executive,0.4,29770.83,44.0,0.0,N,6.7,10.0,2.0,6.0,6,7.0,5.0,1.0,5.0,No,6.0,Low,Low,Low,06-Jan-2022
EMP5227,44.0,Male,Finance,Finance Manager,6.5,44422.01,36.0,1.0,No,7.0,10.0,1.0,10.0,-,8.0,28.0,2.0,5.0,Yes,6.0,Low,Low,Low,-
EMP3375,28.0,Female,Sale,Account Manager,3.4,41867.0,49.0,5.0,Yes,8.5,10.0,1.0,10.0,5,6.0,6.0,2.0,5.0,Yes,6.0,Low,Low,Low,2026/01/24
EMP1330,34.0,Female,Hr,Hr Generalist,9.3,35032.49,45.0,8.0,N,8.0,9.0,1.0,10.0,6,7.0,21.0,3.0,4.0,Yes,9.0,,Low,Low,"October 25, 2015"
EMP5550,30.0,Male,Operations,Logistics Coordinator,1.0,23930.48,54.0,14.0,No,7.8,8.0,1.0,9.0,7,9.0,0.0,3.0,5.0,N,9.0,Low,Low,Low,01-17-2024
EMP3030,31.0,Male,It,Qa Engineer,1.3,26446.22,41.0,0.0,No,8.2,10.0,1.0,10.0,7,7.0,5.0,4.0,5.0,Yes,6.0,Low,Low,Low,12-Oct-2016
EMP4607,37.0,Male,Customer Support,Support Executive,4.3,32988.24,46.0,7.0,No,6.8,10.0,1.0,9.0,6,7.0,14.0,1.0,5.0,No,7.0,Low,Low,Low,-
EMP2269,31.0,Female,Marketing,Support Team Lead,2.5,30930.91,51.0,13.0,Yes,7.7,7.0,2.0,9.0,6,7.0,17.0,3.0,4.0,No,6.0,Low,Low,Low,"June 17, 2018"
EMP3387,43.0,Male,Hr,Hr Generalist,0.4,24892.91,37.0,0.0,N,7.3,10.0,2.0,10.0,5,7.0,14.0,4.0,5.0,No,7.0,Low,Low,Low,08-03-2016
EMP3601,35.0,Male,Legal,Legal Advisor,2.9,34576.03,58.0,19.0,N,7.3,10.0,3.0,7.0,4,5.0,17.0,2.0,4.0,Yes,7.0,Low,Low,Medium,2018-09-10
EMP2614,39.0,Male,Marketting,Marketing Executive,0.2,26098.96,41.0,0.0,No,7.2,9.0,1.0,10.0,8,7.0,40.0,4.0,4.0,N,7.0,Low,Low,Low,06-28-2020
EMP5206,33.0,Female,Administration,Admin Executive,6.0,32425.18,48.0,20.0,No,6.7,8.0,2.0,8.0,5,6.0,11.0,4.0,5.0,Yes,7.0,Low,-,Low,2015/04/19
EMP4653,39.0,Female,Sales,Sales Manager,2.2,40080.69,49.0,2.0,Yes,7.2,9.0,1.0,10.0,8,7.0,10.0,1.0,5.0,Yes,7.0,Low,Low,Low,25/11/2021
EMP3882,33.0,Female,Finance,Finance Manager,1.2,46012.27,35.0,2.0,No,8.0,10.0,1.0,9.0,8,5.0,28.0,1.0,5.0,No,10.0,Low,Low,Low,03/04/2026
EMP2443,23.0,Male,Legal,Legal Advisor,2.5,21550.81,48.0,7.0,Yes,7.3,9.0,1.0,6.0,3,5.0,2.0,5.0,5.0,Yes,8.0,Low,Low,Low,02-Jan-2017
EMP4257,35.0,Male,Legal,Legal Advisor,2.9,35055.85,51.0,8.0,No,7.4,9.0,1.0,10.0,7,8.0,1.0,4.0,5.0,No,6.0,Low,Low,Low,2017-12-30
EMP2481,34.0,Female,Rnd,Research Analyst,0.7,19810.94,37.0,5.0,No,6.9,10.0,2.0,9.0,8,6.0,5.0,3.0,5.0,No,7.0,Low,Low,Low,11-24-2022
EMP3708,38.0,Female,Admin,Front Desk Executive,9.2,35060.12,45.0,6.0,No,6.6,10.0,1.0,10.0,6,6.0,15.0,4.0,5.0,Yes,7.0,Low,Low,Low,-
EMP6213,36.0,Male,Operations,Operations Executive,1.0,23906.07,51.0,5.0,No,7.7,8.0,2.0,10.0,5,6.0,9.0,3.0,5.0,No,6.0,Low,Low,Low,"July 13, 2019"
EMP6171,31.0,Male,Operations,Logistics Coordinator,3.1,32316.79,54.0,16.0,No,6.4,9.0,1.0,8.0,2,6.0,3.0,3.0,5.0,No,8.0,Low,Low,Medium,01-20-2026
EMP2120,33.0,Male,Ops,Operations Executive,10.0,40314.42,45.0,9.0,No,6.1,6.0,15.0,9.0,8,5.0,12.0,3.0,5.0,Yes,7.0,Low,Low,Low,10-11-2024
EMP5324,33.0,Female,Finance,Finance Manager,0.8,38368.43,55.0,8.0,No,20.0,9.0,1.0,10.0,4,6.0,5.0,3.0,5.0,No,7.0,Low,Low,Low,2022-10-21
EMP6105,38.0,Female,Finance,,2.5,32425.18,52.0,14.0,No,9.0,8.0,1.0,10.0,3,4.0,8.0,3.0,5.0,No,7.0,Low,Low,Low,13/11/2015
EMP6457,35.0,Female,Marketing,Marketing Executive,2.5,32672.44,45.0,4.0,No,6.6,10.0,2.0,8.0,6,5.0,4.0,3.0,5.0,No,8.0,Low,Low,Low,2016-03-29
EMP1041,31.0,Male,Legal,Legal Advisor,13.0,44545.81,42.0,0.0,Yes,9.0,10.0,1.0,10.0,8,6.0,10.0,2.0,5.0,No,7.0,Low,Low,Low,2019/03/03
EMP2546,33.0,Female,Legal,Compliance Officer,6.0,40002.32,35.0,0.0,No,7.2,10.0,1.0,7.0,6,6.0,12.0,3.0,5.0,No,7.0,,Low,Low,21/10/2020
EMP5994,36.0,Male,Cust. Support,Support Team Lead,7.8,36160.6,40.0,0.0,No,7.4,8.0,1.0,8.0,7,6.0,10.0,5.0,5.0,,6.0,,Low,Low,"March 17, 2026"
EMP4119,31.0,Male,Finance,Auditor,10.9,45809.22,46.0,5.0,No,7.2,9.0,1.0,9.0,7,8.0,6.0,3.0,5.0,,8.0,Low,Low,Low,05-22-2016
EMP2111,37.0,Male,Human Resources,Hr Executive,6.9,32835.76,45.0,8.0,No,6.4,9.0,3.0,9.0,3,7.0,3.0,1.0,5.0,N,7.0,Low,Low,Low,22/06/2023
EMP1199,32.0,Female,Sales,Account Manager,-12.94210801560737,46461.82,42.0,9.0,No,7.4,8.0,2.0,9.0,3,4.0,9.0,4.0,5.0,Yes,8.0,Low,Low,Medium,2026/05/19
EMP1255,26.0,Female,Fiannce,Auditor,2.0,26565.57,49.0,7.0,Y,9.0,9.0,1.0,10.0,9,7.0,18.0,2.0,5.0,N,8.0,Low,Low,Low,02-Feb-2023
EMP1026,38.0,Female,Legal,Support Team Lead,1.7,26868.37,38.0,5.0,N,6.8,10.0,1.0,9.0,8,8.0,5.0,2.0,4.0,-,5.0,Low,Low,Low,13-Dec-2023
EMP2136,45.0,Male,It,,3.0,28895.59,39.0,2.0,No,8.3,10.0,1.0,10.0,4,7.0,19.0,3.0,5.0,No,8.0,Low,Low,Low,2018-02-25
EMP6596,37.0,Female,Ops,Support Team Lead,7.1,49384.46,47.0,5.0,No,7.7,8.0,3.0,9.0,9,5.0,10.0,5.0,5.0,N,6.0,Low,Low,Low,2022-03-03
EMP1203,33.0,Female,Operations,Operations Executive,6.1,36031.8,50.0,11.0,Yes,7.1,8.0,2.0,9.0,4,6.0,27.0,4.0,5.0,Y,8.0,Low,Low,Low,28/12/2023
EMP3139,35.0,Female,It,System Admin,2.2,25904.56,42.0,0.0,N,7.5,8.0,3.0,7.0,8,8.0,8.0,3.0,5.0,,6.0,Low,Low,Low,06-17-2024
EMP2742,34.0,Female,It,Software Engineer,5.6,32425.18,49.0,10.0,Yes,6.8,9.0,4.0,5.0,6,5.0,25.0,3.0,5.0,No,7.0,Low,Low,Low,2017/05/26
EMP2476,21.0,Female,Finance,Financial Analyst,2.8,30561.37,42.0,9.0,Yes,7.1,10.0,1.0,10.0,6,9.0,36.0,4.0,5.0,N,7.0,Low,Low,Low,"January 14, 2019"
EMP4454,33.0,Male,Hr,Hr Manager,2.5,38393.59,58.0,18.0,Yes,7.2,9.0,1.0,8.0,10,6.0,17.0,3.0,5.0,No,8.0,Low,Low,Low,2025/03/30
EMP3215,42.0,Male,Finance,Financial Analyst,3.4,32425.18,42.0,3.0,No,9.0,10.0,1.0,8.0,7,7.0,8.0,2.0,5.0,Y,8.0,Low,Low,Low,2021/07/18
EMP2460,33.0,Male,Research And Development,R&D Engineer,0.6,30019.67,56.0,12.0,N,7.4,6.0,1.0,9.0,8,8.0,1.0,6.0,5.0,Yes,6.0,Low,Low,Low,"May 07, 2021"
EMP6880,35.0,Male,Finance,Support Team Lead,11.7,43183.59,39.0,0.0,Yes,7.2,8.0,1.0,8.0,6,6.0,10.0,3.0,4.0,N,6.0,Low,Low,Low,"April 08, 2025"
EMP6755,41.0,Male,R&D,R&D Engineer,0.6,31821.55,56.0,23.0,No,8.0,7.0,1.0,10.0,3,5.0,6.0,0.0,5.0,Yes,6.0,Low,Low,Low,10-12-2019
EMP2548,26.0,Male,Legal,Legal Advisor,4.4,30331.71,45.0,0.0,Y,6.9,10.0,1.0,10.0,3,7.0,12.0,4.0,5.0,N,7.0,Low,Low,Low,03-25-2021
EMP4979,33.0,Male,Ops,Operations Manager,0.3,28789.8,51.0,12.0,No,5.8,8.0,1.0,10.0,7,6.0,6.0,2.0,5.0,No,8.0,Low,Low,Low,19-Jan-2015
EMP4137,29.0,Female,Legal,Legal Counsel,2.2,24648.68,45.0,23.0,N,6.6,8.0,1.0,8.0,9,8.0,3.0,4.0,5.0,No,7.0,Low,Low,,04-Jan-2017
EMP1144,38.0,Male,Customer Support,Support Team Lead,1.0,31671.37,37.0,7.0,No,7.2,10.0,1.0,10.0,5,5.0,5.0,2.0,5.0,No,7.0,Low,Low,Low,2015/01/22
EMP4692,34.0,Male,Admin,Support Team Lead,6.8,42945.33,47.0,9.0,Y,5.3,10.0,2.0,10.0,7,6.0,8.0,5.0,5.0,-,5.0,Low,Low,Low,2024/11/06
EMP1021,30.0,Female,Legal,Legal Counsel,5.7,36357.81,46.0,11.0,Yes,7.3,9.0,1.0,10.0,5,7.0,58.0,1.0,5.0,Yes,5.0,Low,Low,Low,08-16-2018
EMP5393,43.0,Male,Sales,Business Development Executive,1.3,24276.18,33.0,0.0,No,8.0,8.0,1.0,9.0,6,7.0,10.0,2.0,5.0,,8.0,Low,Low,Low,2020-04-06
EMP3959,20.0,Female,It,Software Engineer,2.0,32425.18,49.0,0.0,No,7.4,9.0,1.0,8.0,8,7.0,19.0,4.0,5.0,No,6.0,Low,Low,Low,"April 01, 2019"
EMP4739,35.0,Male,Admin,Front Desk Executive,4.3,32230.08,45.0,1.0,No,5.8,9.0,1.0,9.0,8,7.0,32.0,2.0,4.0,No,6.0,Low,Low,Low,10-Aug-2023
EMP3983,38.0,Male,Hr,Hr Mangaer,3.3,32425.18,58.0,22.0,No,5.9,7.0,1.0,7.0,6,6.0,16.0,3.0,5.0,N,7.0,Low,Low,Low,06-28-2026
EMP3466,29.0,Female,Finance,Auditor,2.5,44522.49,47.0,4.0,No,7.0,10.0,1.0,9.0,7,7.0,10.0,6.0,5.0,Yes,7.0,Low,Low,Low,2026/01/25
EMP6926,43.0,Female,Legal,Compliance Officer,5.1,39767.34,67.0,24.0,No,5.6,5.0,1.0,10.0,10,8.0,6.0,5.0,5.0,Yes,7.0,Low,Low,Low,"February 27, 2018"
EMP1884,40.0,Male,Sales,Account Manager,2.8,38773.11,33.0,8.0,Y,6.8,10.0,1.0,10.0,5,6.0,60.0,6.0,5.0,Yes,7.0,Low,Low,Low,"June 11, 2017"
EMP5507,32.0,Male,Legal,Legal Counsel,2.0,34483.48,45.0,9.0,Yes,7.1,9.0,3.0,7.0,3,8.0,19.0,1.0,5.0,N,6.0,Low,Low,Low, 
EMP3427,36.0,Female,Administration,Admin Executive,2.5,26911.64,40.0,8.0,No,7.5,10.0,1.0,8.0,7,7.0,18.0,2.0,5.0,Yes,7.0,Low,Low,Low,-
EMP4947,36.0,Female,Customer Support,Customer Success Manager,2.5,51786.32,39.0,0.0,No,7.5,8.0,1.0,10.0,4,7.0,11.0,5.0,5.0,No,7.0,Low,Low,Low,2020-09-21
EMP3391,20.0,Female,Sales,Sales Manager,1.2,38863.77,41.0,5.0,No,6.9,10.0,2.0,10.0,8,5.0,1.0,6.0,5.0,No,6.0,Low,Low,Low,2023-10-07
EMP6089,30.0,Female,Admin,Front Desk Executive,6.8,33141.22,45.0,14.0,No,6.9,8.0,1.0,8.0,8,8.0,7.0,3.0,5.0,Y,9.0,Low,Low,Low,2026-04-01
EMP4579,38.0,Male,R&D,Research Analyst,0.8,30829.53,38.0,4.0,No,7.1,8.0,2.0,9.0,4,6.0,11.0,3.0,5.0,No,6.0,Low,Low,Low,2024-09-19
EMP5709,33.0,Male,Admin,Office Manager,2.2,29837.09,49.0,7.0,No,8.6,9.0,1.0,9.0,10,7.0,8.0,2.0,5.0,No,9.0,Low,Low,Low,2020-05-02
EMP5512,35.0,Female,Sales,Account Manager,0.9,32813.13,35.0,5.0,N,7.5,9.0,1.0,9.0,8,8.0,10.0,3.0,5.0,Yes,5.0,Low,Low,Low,"November 21, 2022"
EMP4494,31.0,Male,Marketing,Content Strategist,3.1,29769.85,30.0,3.0,Yes,5.5,10.0,1.0,10.0,5,5.0,6.0,4.0,5.0,N,7.0,Low,Low,Low,2024-05-27
EMP1232,27.0,Male,Admin,Front Desk Executive,3.5,30142.18,46.0,9.0,Y,6.7,10.0,1.0,10.0,5,4.0,59.0,3.0,5.0,N,8.0,Low,Low,Low,"October 16, 2023"
EMP3494,44.0,Female,Legal,Legal Counsel,4.5,34688.18,46.0,15.0,No,6.3,8.0,3.0,9.0,3,6.0,25.0,3.0,4.0,N,8.0,Low,Low,Low,09-15-2019
EMP4993,43.0,Male,Customer Support,Support Team Lead,0.3,32425.18,33.0,3.0,Yes,6.9,10.0,1.0,9.0,7,6.0,12.0,3.0,4.0,Yes,8.0,Low,Low,Low,2021-10-28
EMP1924,34.0,Male,Hr,Customer Success Manager,1.6,32425.18,45.0,15.0,No,7.3,8.0,1.0,9.0,7,7.0,23.0,5.0,5.0,Yes,6.0,Low,Low,Low,08-04-2016
EMP2344,40.0,Male,Marketing,Marketing Executive,3.3,28257.97,54.0,5.0,N,7.1,9.0,1.0,10.0,7,8.0,0.0,4.0,5.0,Y,7.0,Low,Low,Low,03/04/2026
EMP4194,44.0,Female,Research And Development,-,2.5,32836.2,45.0,5.0,No,8.2,10.0,2.0,10.0,10,8.0,10.0,5.0,5.0,No,9.0,Low,Low,Low,"October 08, 2016"
EMP5799,20.0,Female,Sales,Sales Executive,2.5,22461.83,32.0,0.0,Yes,9.0,9.0,1.0,10.0,7,7.0,8.0,3.0,5.0,N,7.0,Low,Low,Low,02-08-2018
EMP4198,31.0,Male,Customer Support,Support Executive,3.6,33994.08,45.0,9.0,N,6.5,9.0,3.0,8.0,5,5.0,9.0,3.0,5.0,No,5.0,Low,Low,Low,"October 02, 2015"
EMP2185,27.0,Male,Admin,Office Manager,1.4,36698.75,51.0,17.0,Y,6.6,9.0,2.0,7.0,6,5.0,6.0,2.0,5.0,N,8.0,Low,Low,Low,"May 20, 2020"
EMP2064,40.0,M,Hr,Sales Manager,2.5,35793.93,46.0,3.0,Yes,7.2,10.0,1.0,10.0,,6.0,6.0,3.0,5.0,N,7.0,Low,Low,Low,07/08/2025
EMP2397,33.0,Female,Admin,Office Manager,1.3,33724.45,37.0,5.0,No,8.6,10.0,1.0,10.0,2,6.0,43.0,3.0,5.0,Y,8.0,Low,Low,Low,2021/03/28
EMP3813,33.0,Male,Information Technology,System Admin,1.9,26906.96,45.0,3.0,No,7.5,8.0,1.0,10.0,9,7.0,22.0,2.0,5.0,Y,6.0,Low,Low,Low,2017-04-02
EMP3014,40.0,Male,Legal,Legal Counsel,4.0,25549.83,46.0,0.0,N,7.2,10.0,1.0,10.0,7,7.0,17.0,5.0,5.0,No,6.0,Low,Low,Low,"October 13, 2017"
EMP2773,33.0,Male,Operations,Logistics Coordinator,0.3,25910.96,51.0,16.0,No,8.7,8.0,1.0,10.0,7,6.0,5.0,3.0,5.0,N,8.0,Low,Low,Low,-
EMP5103,38.0,Female,Customer Support,Support Executive,1.7,32824.87,56.0,18.0,No,7.2,8.0,20.0,10.0,7,8.0,14.0,3.0,5.0,No,5.0,Low,Low,Low,"March 15, 2027"
EMP1368,26.0,Female,It,Devops Negineer,3.1,27899.71,46.0,0.0,-,7.4,9.0,1.0,9.0,8,8.0,2.0,1.0,5.0,Y,8.0,Low,Low,Low,2021-01-08
EMP3724,34.0,Other,Admin,Front Desk Executive,5.6,36803.29,46.0,1.0,No,7.3,8.0,1.0,9.0,7,7.0,4.0,1.0,5.0,N,8.0,Low,Low,Low,18-Jul-2021
EMP1290,37.0,Female,Sales,Sales Executive,1.9,24787.65,52.0,23.0,Yes,7.1,7.0,4.0,9.0,7,7.0,19.0,0.0,5.0,No,7.0,Low,Low,Low,"December 08, 2020"
EMP5862,32.0,Female,Hr,Recruiter,11.2,46059.35,59.0,20.0,No,6.6,9.0,3.0,8.0,5,5.0,9.0,1.0,4.0,No,7.0,-,Low,Low,2018-06-01
EMP3195,35.0,F,Sales,Sales Executive,-5.049795809947924,29943.06,45.0,15.0,Y,5.9,9.0,2.0,9.0,7,7.0,8.0,3.0,5.0,Y,7.0,Low,Low,Low,2019/03/23
EMP5282,33.0,Female,Sales,,2.5,48781.98,35.0,8.0,No,6.5,9.0,1.0,8.0,7,6.0,0.0,4.0,5.0,Yes,8.0,Low,Low,Low,2019-02-24
EMP1807,37.0,M,Hr,Software Engnieer,0.7,29274.32,48.0,7.0,No,7.2,8.0,1.0,10.0,8,8.0,19.0,4.0,5.0,Y,7.0,Low,Low,Low,31/12/2026
EMP1895,36.0,Male,Finance,Finance Manager,0.2,34416.21,38.0,0.0,Yes,7.1,10.0,1.0,10.0,8,7.0,19.0,3.0,5.0,Yes,8.0,Low,Low,Low,25-Sep-2021
EMP4865,43.0,Male,Customer Support,Support Team Lead,3.3,32891.85,39.0,0.0,No,6.8,10.0,1.0,9.0,8,8.0,13.0,2.0,5.0,Y,7.0,Low,Low,-,31-Jan-2025
EMP4371,30.0,Female,It,Software Engineer,0.7,21109.5,38.0,0.0,Y,7.4,10.0,1.0,8.0,6,5.0,18.0,2.0,5.0,No,8.0,Low,Low,Low,"October 26, 2017"
EMP1077,39.0,Female,It,It Support,3.6,33006.99,44.0,7.0,No,6.9,10.0,2.0,10.0,3,4.0,4.0,5.0,5.0,N,7.0,Low, ,Medium,"June 02, 2025"
EMP5305,37.0,Female,Finance,,3.2,30662.35,47.0,17.0,No,6.9,9.0,1.0,10.0,7,6.0,33.0,3.0,5.0,Yes,8.0,Low,Low,Low,2023-02-11
EMP6639,34.0,Female,Hr,Recruiter,5.4,32736.68,52.0,11.0,Yes,8.2,9.0,1.0,9.0,8,8.0,18.0,2.0,5.0,Yes,7.0,Low,Low,Low,"October 19, 2016"
EMP5029,35.0,Female,Fiannce,Finance Manager,0.6,48326.24,48.0,6.0,No,6.9,10.0,1.0,10.0,8,7.0,4.0,5.0,5.0,Yes,10.0,Low,Low,Low,09-Jan-2016
EMP2386,33.0,Male,Hr,Operations Manager,0.7,37999.17,45.0,7.0,No,7.3,9.0,1.0,10.0,6,5.0,2.0,2.0,5.0,Yes,8.0,Low,Low,Low, 
EMP4614,30.0,Female,Sales,-,0.6,20095.78,44.0,1.0,No,7.7,8.0,1.0,7.0,7,6.0,45.0,3.0,4.0,-,5.0,Low,Low,Low,02-18-2018
EMP1532,52.0,Male,Admin,Admin Executive,7.7,36898.04,35.0,0.0,No,7.4,9.0,1.0,9.0,10,9.0,2.0,3.0,5.0,N,6.0,Low,Low,Low,-
EMP1955,25.0,Male,It,Devops Engineer,2.2,29661.74,43.0,6.0,Yes,7.3,9.0,1.0,10.0,10,9.0,10.0,4.0,5.0,N,8.0,Low,Low,Low,23/05/2018
EMP4732,28.0,Male,It,Support Team Lead,4.8,44428.31,45.0,10.0,Yes,5.2,9.0,1.0,9.0,5,6.0,3.0,2.0,5.0,Yes,7.0,Low,Low,Low,-
EMP6511,40.0,Male,Operations,Operations Executive,0.4,27981.76,44.0,8.0,No,8.1,10.0,4.0,7.0,7,7.0,2.0,4.0,5.0,N,7.0,Low,Low,Low,06-Feb-2023
EMP4807,33.0,Male,It,Qa Engineer,2.3,32425.18,60.0,27.0,No,7.2,7.0,3.0,8.0,8,6.0,2.0,2.0,5.0,No,7.0,Low,Low,Low,-
EMP2103,44.0,Female,It,It Support,1.8,26765.76,51.0,17.0,No,6.5,8.0,1.0,10.0,5,6.0,17.0,4.0,4.0,N,7.0,Low,Low,Low,2023/08/01
EMP4659,33.0,Male,Sales,Sales Executive,1.9,30920.9,45.0,1.0,N,7.9,9.0,1.0,10.0,6,5.0,4.0,2.0,5.0,,7.0,Low,Low,Low,25/07/2022
EMP1105,39.0,Male,R&D,Research Analyst,0.8,24585.63,38.0,6.0,No,6.2,10.0,1.0,8.0,6,6.0,23.0,3.0,4.0,N,7.0,Low,Low,Low,02-Jul-2023
EMP2410,36.0,Male,Hr,Research Analyst,2.8,24114.63,39.0,3.0,Yes,7.0,9.0,1.0,10.0,5,5.0,2.0,3.0,5.0,Yes,9.0,Low,Low,Low,16/04/2015
EMP4093,33.0,Male,Finance,Finance Manager,2.5,34179.42,30.0,6.0,No,7.3,10.0,1.0,10.0,5,7.0,2.0,2.0,5.0,N,7.0,Low,Low,Low,2021/04/26
EMP4529,33.0,Male,Hr,Sales Executive,15.0,52481.52,48.0,8.0,N,7.3,10.0,2.0,9.0,6,6.0,10.0,1.0,5.0,No,7.0,Low,Low,Low,"April 04, 2018"
EMP2229,32.0,Female,Sales,Sales Manager,2.1,38140.64,49.0,11.0,No,7.6,9.0,1.0,10.0,7,9.0,19.0,4.0,5.0,No,7.0,Low,Low,Low,07/06/2021
EMP5187,48.0,Male,Finance,Financial Analyst,8.5,38048.45,45.0,0.0,Yes,6.0,10.0,1.0,7.0,6,8.0,6.0,3.0,5.0,,6.0,Low,Low,Low,2019-08-03
 emp6725 ,39.0,Male,Fiannce,Cacountant,0.5,29500.93,43.0,0.0,No,7.9,10.0,1.0,10.0,7,5.0,25.0,3.0,5.0,No,7.0,Low,Low,Low,2016-07-05
EMP4818,36.0,Female,It,Devops Engineer,2.5,27304.6,53.0,19.0,Yes,7.2,7.0,1.0,9.0,6,7.0,4.0,3.0,5.0,No,9.0,Low,Low,Low,-
EMP1743,35.0,Male,-,Hr Generalist,1.9,18010.59,32.0,0.0,Yes,6.6,10.0,1.0,9.0,3,7.0,12.0,6.0,5.0,Yes,7.0,Low,Low,Low,13/01/2021
EMP3493,41.0,Female,Admin,Admin Executive,6.3,34752.68,41.0,7.0,N,7.1,9.0,1.0,10.0,5,7.0,12.0,3.0,5.0,N,7.0,Low,Low,Low,2017-10-01
EMP1404,30.0,Male,Marketing,Seo Specialist,3.5,35647.27,50.0,15.0,Y,7.4,7.0,1.0,8.0,4,5.0,1.0,3.0,5.0,Yes,8.0,Low,Low,Low,01-Oct-2018
EMP6212,31.0,Female,It,,2.1,25836.75,52.0,5.0,Yes,7.9,8.0,1.0,10.0,6,6.0,17.0,4.0,5.0,No,7.0,Low,Low,Low,01/07/2020
EMP6327,35.0,Male,Sales,Sales Manager,0.5,43500.11,45.0,13.0,No,8.4,10.0,1.0,8.0,5,6.0,25.0,1.0,5.0,N,6.0,Low,Low,Low,26/07/2025
EMP5559,25.0,Female,Operations,Operations Executive,3.3,31985.45,38.0,0.0,No,6.0,9.0,2.0,10.0,4,6.0,13.0,1.0,5.0,Yes,7.0,Low,Low,Low,"December 14, 2023"
EMP4898,46.0,Male,Legal,Legal Advisor,0.4,25180.33,68.0,39.0,No,6.7,9.0,5.0,9.0,7,5.0,6.0,5.0,4.0,N,6.0,Medium,Moderate,Medium,12-Aug-2021
EMP2127,33.0,Male,Legal,Legal Counsel,0.7,28535.27,50.0,1.0,No,7.1,9.0,2.0,6.0,6,5.0,10.0,2.0,5.0,No,8.0,Low,Low,Low,2016/05/05
EMP1640,28.0,Female,Sales,Sales Executive,6.9,27683.11,47.0,2.0,No,7.0,9.0,1.0,6.0,4,6.0,24.0,3.0,5.0,No,7.0,Low,Low,Low,2025-10-31
EMP1920,33.0,Male,Marketing,Marketing Manager,3.3,30828.86,47.0,8.0,N,6.8,9.0,2.0,9.0,6,7.0,4.0,3.0,5.0,N,7.0,Low,Low,Low,23-Mar-2018
EMP5207,34.0,Male,Operations,Support Team Lead,5.0,38162.21,52.0,5.0,Y,7.7,6.0,2.0,8.0,7,7.0,4.0,2.0,5.0,,7.0,Low,Low,Low,-
EMP4282,33.0,Male,Admin,Front Desk Executive,1.8,25555.65,48.0,8.0,N,6.2,10.0,1.0,10.0,6,8.0,2.0,4.0,4.0,No,7.0,Low,Low,Low,19/04/2022
EMP2081,26.0,Male,Information Technology,Software Negineer,0.2,26103.2,45.0,26.0,Yes,7.1,9.0,-3.0,9.0,7,6.0,5.0,1.0,5.0,No,7.0,Low,Low,Low,02/09/2024
EMP3868,37.0,Male,It,System Admin,4.0,24664.11,50.0,18.0,No,8.1,9.0,1.0,10.0,5,6.0,10.0,6.0,5.0,Yes,7.0,Low,Low,Low,-
EMP3216,44.0,Male,Finance,Accountant,1.4,29250.97,49.0,10.0,No,6.9,7.0,1.0,10.0,6,8.0,12.0,6.0,5.0,Yes,7.0,Low,Low,Low,04-Nov-2024
EMP4616,36.0,Male,I.T.,Devops Engineer,2.7,32398.55,38.0,0.0,No,7.4,10.0,1.0,9.0,6,7.0,53.0,3.0,5.0,No,6.0,Low,Low,Low,09-14-2020
EMP2008,20.0,Male,Sales,Sales Manager,2.0,33843.18,45.0,23.0,Y,5.9,7.0,1.0,6.0,6,4.0,34.0,2.0,5.0,Yes,7.0,,-,Low,2017/08/08
EMP4957,32.0,Other,Legal,Legal Advisor,3.9,32425.18,40.0,0.0,-,8.4,10.0,1.0,9.0,6,5.0,19.0,4.0,5.0,No,6.0,Low,Low,Low,13/05/2015
EMP2769,44.0,Male,R&D,R&D Engineer,0.5,30449.22,34.0,3.0,No,7.2,10.0,2.0,10.0,6,6.0,15.0,1.0,5.0,N,6.0,Low,Low,Low,2018/08/20
EMP5701,31.0,Female,Hr,Hr Generalist,3.7,36105.95,60.0,28.0,Y,7.7,6.0,1.0,9.0,-,6.0,10.0,4.0,5.0,No,7.0,Low,Low,Low,2018-05-14
EMP5637,33.0,Male,Operations,Logistics Coordinator,2.0,24604.6,47.0,10.0,No,8.6,9.0,1.0,10.0,6,8.0,3.0,2.0,4.0,N,7.0,Low,Low,Low,17-Jun-2015
EMP5491,31.0,-,Operations,Support Team Lead,1.1,26873.79,45.0,6.0,Y,6.6,9.0,1.0,8.0,5,8.0,17.0,4.0,5.0,No,8.0,Low,Low,Low,"March 06, 2017"
EMP6767,33.0,Female,It,Qa Engineer,2.5,30363.99,48.0,5.0,Yes,7.1,9.0,1.0,10.0,9,7.0,35.0,2.0,5.0,No,6.0,Low,Low,Low,2021/04/05
EMP1894,40.0,Male,Fiannce,Auditor,0.7,22572.03,46.0,10.0,N,8.5,9.0,1.0,9.0,4,8.0,25.0,6.0,5.0,Yes,6.0,Low,Low,Low,06/10/2019
EMP5966,33.0,Female,Operations,Operations Manager,3.2,37623.04,31.0,1.0,No,6.8,9.0,1.0,10.0,6,7.0,30.0,3.0,5.0,No,6.0,Low,Low,Low,2020/08/31
EMP4292,33.0,Male,Marketting,Content Strategist,0.7,35384.33,45.0,8.0,Yes,6.5,9.0,1.0,10.0,-,6.0,3.0,5.0,5.0,Yes,8.0,Low,Low,Low,13-Feb-2021
EMP6141,29.0,Female,It,System Admin,0.0,19466.22,41.0,8.0,No,7.2,10.0,1.0,8.0,10,8.0,6.0,2.0,5.0,No,7.0,Low,Low,Low,25-Mar-2020
EMP1701,33.0,Male,Customer Support,Support Executive,2.9,29362.63,40.0,0.0,No,-11.31594179033623,10.0,1.0,10.0,6,6.0,5.0,6.0,5.0,Yes,8.0,Low,Low,Low,2022-09-27
EMP2046,33.0,Other,Hr,Recruiter,2.5,27415.86,47.0,6.0,N,7.2,9.0,1.0,9.0,4,7.0,3.0,4.0,5.0,No,8.0,Low,Low,Low,2021-10-06
EMP5339,41.0,Male,Cust. Support,Support Team Lead,5.9,49034.91,42.0,2.0,Yes,6.8,10.0,1.0,10.0,5,6.0,14.0,3.0,4.0,No,6.0,Low,Low,Low,03-05-2019
EMP6640,42.0,Female,Sales,,1.3,30845.67,36.0,0.0,No,7.2,10.0,2.0,8.0,8,7.0,13.0,3.0,5.0,N,8.0,Low,Low,-,2017/10/05
EMP5853,48.0,Male,Hr,Front Desk Executive,4.0,34339.42,31.0,3.0,No,8.1,8.0,1.0,9.0,4,7.0,2.0,7.0,5.0,N,7.0,Low,Low,Low,-
EMP6937,32.0,Female,Marketing,Marketing Manager,2.0,34519.97,38.0,0.0,No,8.3,9.0,1.0,9.0,6,9.0,0.0,3.0,5.0,Yes,6.0,Low,Low,Low,2017/02/07
EMP3488,33.0,Male,Operations,Logistics Coordinator,11.3,40777.41,50.0,15.0,Yes,5.6,9.0,1.0,9.0,5,6.0,13.0,7.0,5.0,No,7.0,Low,Low,Low,2025-02-23
EMP2391,33.0,Female,Admin,Admin Executive,3.6,35517.31,56.0,21.0,Yes,6.8,9.0,1.0,10.0,4,5.0,19.0,4.0,5.0,Yes,7.0,Low,Low,Low,2022/04/11
EMP6808,23.0,F,Operations,Operations Manager,4.0,41960.73,30.0,0.0,No,7.2,9.0,1.0,9.0,7,6.0,9.0,5.0,4.0,No,8.0,Low,Low,Low,2017/12/13
 emp2054 ,42.0,Female,Information Technology,Devops Engineer,6.1,34954.11,49.0,12.0,N,6.8,7.0,1.0,9.0,6,5.0,3.0,4.0,5.0,N,7.0,Low,Low,Low,"June 22, 2026"
EMP4578,25.0,Male,Rnd,Research Analyst,7.0,32925.25,43.0,7.0,Y,7.2,8.0,2.0,9.0,7,7.0,34.0,3.0,4.0,Yes,8.0,Low,Low,Low,08/01/2020
EMP1904,33.0,M,I.T.,It Support,10.0,32425.18,45.0,5.0,No,7.4,9.0,1.0,9.0,7,7.0,8.0,3.0,5.0,Yes,7.0,Low,Low,Low,10-15-2021
EMP3157,33.0,Male,Finance,Auditor,1.7,27440.88,38.0,0.0,No,7.2,9.0,2.0,9.0,2,4.0,1.0,3.0,5.0,N,8.0,Low,Low,Medium,2015/04/12
EMP3159,36.0,Male,Legal,Support Team Lead,4.3,30172.11,48.0,9.0,No,7.5,8.0,1.0,10.0,7,5.0,9.0,3.0,5.0,No,6.0,Low,Low,Low,-
EMP4002,41.0,Female,Admin,Admin Executive,0.5,18314.45,45.0,3.0,N,6.6,7.0,1.0,9.0,7,8.0,29.0,4.0,5.0,No,6.0,Low,Low,Low,-
EMP2491,22.0,Female,Hr,Hr Manager,4.0,47835.51,40.0,7.0,Y,7.1,9.0,1.0,8.0,5,6.0,0.0,2.0,5.0,Yes,8.0,Low,Low,Low,26/12/2019
EMP4242,33.0,Male,Administration,Front Desk Executive,1.5,32425.18,42.0,4.0,Y,8.7,10.0,1.0,10.0,6,6.0,1.0,3.0,4.0,Y,7.0,Low,Low,Low,2019-02-24
EMP2057,33.0,Female,It,System Admin,5.8,28490.93,43.0,13.0,No,7.0,10.0,2.0,10.0,8,7.0,21.0,1.0,5.0,No,7.0,Low,Low,Low,27/04/2024
EMP5276,44.0,Female,Legal,Compliance Officer,1.3,32425.18,40.0,3.0,No,8.0,10.0,1.0,9.0,8,8.0,2.0,3.0,5.0,Y,8.0,Low,Low,Low,-
EMP1279,50.0,Female,Hr,Recruiter,10.4,42519.21,34.0,0.0,No,7.9,10.0,3.0,9.0,6,5.0,1.0,2.0,5.0,N,8.0,Low,Low,Low,2019/07/05
EMP4491,37.0,Female,Marketting,Marketing Manager,4.4,37130.35,41.0,0.0,N,7.0,10.0,1.0,10.0,9,7.0,5.0,2.0,5.0,Yes,6.0,-,-,Low,-
EMP6000,37.0,Male,Admin,Offic Emanager,0.7,43163.5,45.0,0.0,No,7.4,9.0,1.0,8.0,6,8.0,2.0,5.0,5.0,Yes,6.0,Low,Low,Low,11/07/2015
EMP2315,29.0,Male,Admin,Office Manager,4.5,32425.18,45.0,5.0,Yes,7.3,9.0,1.0,10.0,9,7.0,2.0,1.0,5.0,Yes,6.0,Low,Low,Low,2015-12-28
EMP1983,33.0,Female,It,Qa Engineer,7.3,35376.66,45.0,14.0,No,6.7,7.0,3.0,8.0,6,6.0,6.0,3.0,5.0,No,6.0,Low,Low,Low,"October 21, 2016"
EMP4322,42.0,Female,Marketing,Marketing Manager,3.1,43513.78,45.0,1.0,N,8.8,10.0,1.0,10.0,8,8.0,0.0,2.0,5.0,Yes,7.0,Low,Low,Unknown,2028-01-01
EMP6985,26.0,Male,,Support Team Lead,5.1,36320.27,50.0,2.0,Yes,8.5,9.0,1.0,10.0,5,7.0,3.0,2.0,5.0,Yes,5.0,Low,Low,Low,01/08/2025
EMP1261,46.0,Male,R&D,Research Analyst,4.7,21449.11,42.0,5.0,Y,7.1,10.0,1.0,9.0,4,6.0,16.0,2.0,5.0,Y,6.0,Low,Low,Low,"June 23, 2019"
EMP6561,20.0,Female,Operations,Logistics Coordinator,2.0,26597.49,49.0,5.0,No,7.2,9.0,1.0,10.0,8,7.0,0.0,3.0,4.0,N,9.0,Low,Low,Low,20/04/2022
EMP4056,30.0,Male,Admin,Front Desk Xeecutive,0.6,28602.05,51.0,9.0,N,7.6,8.0,1.0,8.0,8,7.0,2.0,3.0,5.0,Yes,8.0,Low,Low,Low,16/10/2017
EMP1731,41.0,Male,Admin,,15.2,47191.82,49.0,8.0,No,7.2,9.0,1.0,10.0,6,4.0,57.0,5.0,5.0,Yes,7.0,Low,Low,Low,10-20-2018
EMP4063,36.0,Male,Legal,Compliance Officer,8.4,42620.88,46.0,11.0,Y,6.1,9.0,2.0,9.0,5,7.0,5.0,3.0,5.0,No,7.0,Low,Low,Low,13-Mar-2016
EMP4360,32.0,Female,R&D,Research Analyst,1.1,32425.18,53.0,9.0,No,7.2,8.0,1.0,9.0,10,7.0,50.0,3.0,5.0,No,9.0,Low,Low,Low,17/09/2021
EMP4229,43.0,Male,Sales,Business Development Executive,1.1,27492.28,33.0,1.0,Yes,8.4,8.0,1.0,8.0,8,7.0,3.0,5.0,5.0,Yes,8.0,Low,Low,Low,22/01/2020
EMP4237,35.0,Male,Sales,Account Manager,2.8,38065.96,43.0,8.0,No,8.6,9.0,1.0,10.0,7,6.0,10.0,1.0,4.0,No,6.0,Low,Low,Low,29-May-2026
EMP6361,30.0,Male,Finance,Finance Manager,3.1,42049.11,46.0,5.0,Yes,7.4,9.0,1.0,9.0,9,7.0,4.0,2.0,5.0,No,6.0,Low,Low,Low,10-03-2023
EMP1642,26.0,Female,Admin,Office Manager,6.0,47100.28,48.0,3.0,N,7.2,10.0,1.0,9.0,8,6.0,41.0,3.0,5.0,-,7.0,Low,Low,Low,26/07/2020
EMP3610,27.0,Male,Sales,Sales Executive,3.7,32511.48,44.0,16.0,Yes,8.1,9.0,1.0,10.0,5,7.0,47.0,2.0,5.0,Yes,9.0,Low,Low,Low,07-05-2020
EMP2203,30.0,Male,Admin,Office Manager,2.5,45418.76,37.0,0.0,N,9.0,10.0,1.0,9.0,6,6.0,11.0,1.0,5.0,No,7.0,,Low,Low,2023-11-10
EMP5458,33.0,Male,Hr,Operations Manager,1.3,34726.32,40.0,2.0,N,7.2,9.0,1.0,10.0,6,5.0,32.0,4.0,5.0,No,7.0,Low,Low,Low,"June 01, 2030"
EMP6266,33.0,Female,Operations,Support Team Lead,6.2,35279.01,48.0,4.0,Yes,6.4,10.0,1.0,10.0,5,7.0,10.0,4.0,5.0,No,8.0,Low,Low,-,2017/12/23
EMP2117,42.0,Male,Cust. Support,Customer Success Manager,2.5,35872.33,45.0,6.0,No,7.8,8.0,2.0,7.0,10,7.0,10.0,2.0,5.0,No,7.0,Low,Low,Low,2015-06-17
EMP4356,20.0,Female,Hr,Operations Manager,0.8,35193.97,45.0,0.0,Yes,7.7,10.0,3.0,8.0,5,5.0,10.0,4.0,5.0,No,8.0,Low,Low,Low,26-Oct-2022
EMP4420,29.0,Male,Legal,Legal Counsel,6.7,29897.05,33.0,0.0,Yes,8.5,9.0,1.0,10.0,8,7.0,10.0,3.0,5.0,Yes,9.0,Low,Low,Low,09-02-2025
EMP2658,35.0,Female,Finance,Auditor,0.8,27415.37,37.0,5.0,Yes,7.5,9.0,1.0,9.0,7,7.0,20.0,3.0,5.0,No,9.0,Low,Low,Low,12/04/2024
EMP4252,31.0,Male,Legal,Legal Advisor,1.1,26211.89,44.0,0.0,Yes,7.8,10.0,1.0,9.0,2,4.0,15.0,6.0,5.0,No,7.0,Low,Low,Low,01-13-2020
EMP4634,54.0,Male,Cust. Support,Support Executive,0.4,28099.46,53.0,14.0,Yes,7.2,8.0,2.0,9.0,6,6.0,2.0,2.0,5.0,No,8.0,Low,Low,Low,"September 08, 2022"
EMP4775,20.0,Male,I.T.,Devops Engineer,0.3,29219.89,54.0,5.0,No,7.1,7.0,1.0,10.0,4,7.0,4.0,5.0,5.0,Yes,7.0,Low,Low,Low,2021-04-30
EMP4169,30.0,Male,Marketing,Marketing Manager,1.8,31215.07,38.0,0.0,N,7.1,10.0,1.0,8.0,7,7.0,14.0,4.0,5.0,No,7.0,Low,Low,Low,-
EMP2241,25.0,Female,Hr,Support Team Lead,2.1,26051.64,45.0,6.0,Yes,8.0,9.0,1.0,10.0,5,5.0,17.0,2.0,5.0,-,8.0,Low,Low,-,2020/10/20
EMP3931,33.0,Male,Operations,Operations Manager,0.4,30202.72,39.0,5.0,N,8.3,10.0,1.0,10.0,8,8.0,3.0,6.0,5.0,Yes,8.0,Low,Low,Low,04-08-2018
EMP4232,39.0,Male,Human Resources,Hr Mangaer,3.8,50548.91,45.0,5.0,Yes,6.2,8.0,1.0,9.0,6,6.0,10.0,2.0,4.0,,7.0,Low,Low,Low,12-Sep-2023
EMP6449,26.0,F,Hr,Marketing Manager,8.0,53469.8,39.0,5.0,N,7.6,9.0,2.0,9.0,3,6.0,10.0,2.0,4.0,Yes,7.0,Low,Low,Low,08/05/2020
EMP1486,36.0,Male,Legal,Compliance Officer,5.3,31084.18,38.0,5.0,Yes,7.4,9.0,1.0,10.0,9,7.0,18.0,5.0,5.0,N,9.0,Low,Low,Low,"September 29, 2018"
EMP3787,27.0,Female,Finance,Accoutnant,3.2,27135.62,55.0,25.0,Yes,7.1,6.0,2.0,8.0,,6.0,32.0,3.0,5.0,N,6.0,Low,Low,Low,25/12/2020
EMP2073,35.0,Male,Operations,Operations Executive,6.6,34462.57,30.0,13.0,No,7.2,8.0,1.0,9.0,8,6.0,22.0,2.0,5.0,Yes,6.0,Low,Low,Low,23/03/2018
EMP2196,33.0,Female,Admin,Office Manager,0.8,36064.35,47.0,4.0,No,6.9,10.0,2.0,7.0,5,5.0,6.0,1.0,5.0,N,7.0,Low,Low,Low,17/04/2026
EMP5258,20.0,Male,Admin,Office Manager,1.6,35070.95,38.0,0.0,Yes,6.7,8.0,1.0,10.0,7,7.0,10.0,3.0,5.0,N,5.0,Low,Low,Low,04-Feb-2020
EMP3180,45.0,Male,Customersupport,Support Team Lead,5.5,40412.1,57.0,15.0,Yes,6.6,7.0,2.0,9.0,6,3.0,1.0,0.0,5.0,No,7.0,-,Low,Medium,29-May-2023
EMP3379,33.0,Male,Marketing,Marketing Manager,10.0,53704.94,35.0,0.0,No,7.3,10.0,1.0,8.0,7,7.0,10.0,4.0,5.0,N,7.0,Low,Low,Low,2016-06-17
EMP2253,37.0,Male,Hr,Recruiter,2.6,31397.56,37.0,0.0,N,7.4,10.0,1.0,10.0,6,9.0,35.0,3.0,5.0,Y,7.0,Low,Low,Low,01-Mar-2024
EMP5565,48.0,Male,Hr,Recruiter,0.2,26469.46,41.0,1.0,No,8.0,10.0,1.0,8.0,7,6.0,0.0,1.0,5.0,Yes,8.0,Low,Low,Low,01-Dec-2016
EMP2504,27.0,Male,Administration,Admin Executive,2.7,30651.01,41.0,5.0,No,8.1,9.0,1.0,9.0,5,4.0,51.0,2.0,5.0,-,7.0,Low,Low,Low,13/07/2024
EMP4820,23.0,Male,Hr,Hr Generalist,1.9,26563.61,53.0,18.0,Yes,8.4,6.0,3.0,8.0,5,5.0,7.0,3.0,5.0,No,8.0,Low,Low,Low,2019/09/20
EMP6247,34.0,Male,I.T.,It Support,2.3,27507.86,32.0,0.0,No,7.7,10.0,1.0,9.0,5,6.0,10.0,2.0,5.0,Yes,8.0,Low,Low,Low,2018/05/01
EMP5736,41.0,Female,Sales,Sales Executive,1.9,27004.16,37.0,1.0,No,8.0,9.0,1.0,10.0,6,7.0,5.0,2.0,5.0,Yes,7.0,Low,Low,Low,-
EMP4814,41.0,Male,Marketing,Marketing Manager,3.3,37979.32,53.0,8.0,No,7.7,7.0,2.0,9.0,2,6.0,10.0,3.0,5.0,N,8.0,Low,Low,Medium,2023-09-17
EMP6762,23.0,Female,Operations,Logistics Coordiantor,3.2,34940.75,56.0,14.0,Yes,7.2,8.0,4.0,9.0,1,3.0,21.0,3.0,5.0,Yes,6.0,Medium,Low,Medium,2017/05/18
EMP5354,33.0,Male,-,Financial Analyst,4.8,29791.17,45.0,8.0,N,7.3,8.0,1.0,9.0,3,6.0,10.0,2.0,5.0,-,7.0,Low,Low,Very High,"January 23, 2019"
EMP5069,38.0,M,Admin,Front Desk Executive,0.4,19878.15,61.0,29.0,No,6.1,8.0,3.0,9.0,10,7.0,4.0,5.0,5.0,Yes,7.0,Low,Low,Low,2021/02/13
EMP1467,31.0,Male,Finance,Accountant,0.8,29906.68,45.0,0.0,N,7.5,10.0,1.0,8.0,7,7.0,10.0,3.0,5.0,No,7.0,Low,Low,Low,"December 03, 2024"
EMP2621,32.0,Female,Ops,Logistics Coordinator,3.7,30025.1,31.0,0.0,Y,8.1,9.0,1.0,8.0,6,6.0,37.0,5.0,5.0,No,8.0,Low,Low,Low,07-13-2023
EMP2530,31.0,Male,Sales,Account Manager,8.2,32425.18,41.0,0.0,Yes,7.4,10.0,1.0,10.0,6,6.0,4.0,3.0,5.0,Y,9.0,Low,Low,Low,15-Nov-2022
EMP4863,23.0,Female,R&D,Support Team Lead,0.1,33239.55,49.0,7.0,Yes,8.1,8.0,1.0,9.0,7,7.0,10.0,4.0,5.0,No,6.0,Low,Low,Low,2016-02-20
EMP4925,29.0,Female,Finance,Finance Manager,1.4,39529.46,34.0,0.0,No,7.4,8.0,1.0,10.0,6,5.0,2.0,3.0,5.0,Yes,8.0,Low,Low,Low,01-02-2016
EMP3632,38.0,Male,Finance,Accountant,6.5,36530.14,45.0,5.0,No,8.0,10.0,2.0,9.0,6,6.0,3.0,6.0,5.0,No,6.0,Low,Low,Low,11/05/2019
EMP1023,47.0,Female,Marketing,Content Strategist,1.9,29421.31,36.0,2.0,Yes,7.3,8.0,1.0,9.0,8,6.0,26.0,3.0,5.0,No,7.0,Low,Low,Low,10-07-2016
EMP6777,20.0,Female,Marketting,Seo Specialist,2.0,24852.52,51.0,5.0,Y,8.2,8.0,1.0,6.0,5,7.0,15.0,3.0,5.0,No,6.0,Low,Low,Low,07-22-2021
EMP6317,29.0,Female,It,Devops Engineer,3.2,25145.49,47.0,11.0,Y,5.7,8.0,1.0,10.0,6,6.0,12.0,6.0,5.0,Yes,8.0,Unknown,Low,Low,2016-03-24
EMP6488,36.0,Male,Operations,Operations Executive,1.0,22822.49,39.0,0.0,No,7.5,9.0,1.0,10.0,6,6.0,23.0,2.0,5.0,No,8.0,Low,Low,Low,"March 19, 2016"
EMP3134,27.0,Female,Marketing,Seo Specialist,2.5,37185.78,41.0,9.0,No,7.1,10.0,2.0,8.0,6,6.0,18.0,1.0,4.0,No,7.0,Low,Low,Low,2022/05/17
EMP6835,23.0,Male,Customer Support,Support Team Lead,5.0,46796.01,47.0,0.0,N,6.9,10.0,1.0,9.0,7,7.0,4.0,2.0,5.0,Y,8.0,Low,Low,Low,08-17-2019
EMP2964,34.0,Female,Customer Support,Support Executive,2.8,29309.43,42.0,10.0,Yes,7.4,9.0,1.0,9.0,2,5.0,27.0,4.0,5.0,Yes,7.0,Low,Low,Low,12-Oct-2025
EMP6238,37.0,Female,Hr,Hr Generalist,3.7,29015.39,36.0,5.0,No,6.4,8.0,2.0,7.0,2,3.0,10.0,3.0,4.0,No,6.0,Low,-,Medium,04-Jun-2021
EMP6832,33.0,Male,Hr,Software Engineer,1.6,24405.38,50.0,14.0,N,6.1,7.0,2.0,9.0,3,5.0,0.0,4.0,5.0,No,8.0,Low,Low,Medium,2017/12/11
EMP5377,38.0,Female,Hr,Support Team Lead,5.9,32425.18,47.0,6.0,No,7.0,8.0,1.0,10.0,5,7.0,11.0,4.0,5.0,N,8.0,Low,Low,Low,2022-09-02
EMP1686,30.0,Female,Hr,Hr Executive,0.6,25373.96,45.0,8.0,Yes,6.7,9.0,2.0,9.0,6,6.0,3.0,4.0,5.0,No,7.0,Low,Low,Low,2024-10-12
EMP1615,36.0,Male,Hr,Hr Manager,2.5,32425.18,43.0,7.0,Yes,5.9,8.0,3.0,9.0,1,5.0,10.0,0.0,5.0,N,8.0,Low,Low,Medium,2021-01-06
EMP4747,41.0,F,Marketing,Marketing Executive,3.6,29933.58,40.0,0.0,Yes,7.5,10.0,1.0,9.0,7,6.0,5.0,6.0,5.0,No,7.0,Low,Low,Low,22/11/2021
EMP5057,37.0,Male,Operations,Logistics Coordinator,2.5,45088.15,47.0,2.0,No,6.1,9.0,2.0,8.0,3,4.0,34.0,3.0,5.0,Yes,8.0,Low,Low,Low,02-Mar-2023
EMP5050,43.0,Male,Sales,Business Development Executive,0.8,23873.78,44.0,0.0,N,8.3,10.0,2.0,8.0,8,7.0,2.0,2.0,5.0,No,8.0,Low,Low,Low,02-28-2019
EMP3181,38.0,Female,Hr,Hr Manager,4.7,32425.18,49.0,7.0,No,7.5,8.0,1.0,7.0,4,5.0,0.0,2.0,3.0,N,7.0,Low,Low,Low,2019/11/24
EMP5961,36.0,Male,R&D,Data Scientist,7.0,52081.63,30.0,0.0,No,7.2,10.0,1.0,9.0,5,6.0,17.0,2.0,5.0,N,7.0,Low,Low,Low,29-Nov-2022
EMP3292,49.0,Male,R&D,R&D Engineer,0.8,32425.18,36.0,2.0,No,8.2,9.0,1.0,9.0,1,6.0,6.0,3.0,5.0,N,7.0,Low,Low,Low,"April 26, 2022"
EMP6940,32.0,Male,Operations,Operations Executive,0.3,29031.27,46.0,11.0,No,6.1,9.0,1.0,9.0,8,7.0,5.0,1.0,5.0,Y,8.0,Low,Low,Low,"March 15, 2021"
EMP3804,33.0,Male,Marketing,Support Team Lead,0.9,29328.44,34.0,3.0,Yes,8.5,10.0,1.0,10.0,1,5.0,16.0,2.0,5.0,No,7.0,Low,Low,Low,-
EMP3686,28.0,Male,It,Software Engineer,4.4,30049.82,40.0,2.0,No,8.7,10.0,1.0,9.0,8,8.0,12.0,1.0,5.0,No,8.0,Low,Low,Low,06-Jul-2022
EMP1544,40.0,Male,Legal,Legal Counsel,1.5,16159.79,58.0,24.0,No,8.6,6.0,2.0,8.0,2,6.0,12.0,3.0,5.0,No,7.0,Low,Low,Medium,"April 25, 2021"
EMP1205,33.0,Male,Hr,Recruiter,0.1,22622.74,43.0,7.0,Yes,7.1,9.0,1.0,10.0,6,5.0,10.0,2.0,5.0,Yes,8.0,Low,Low,,26-Nov-2016
EMP4177,46.0,Female,Hr,Support Team Lead,7.0,42255.12,46.0,1.0,Yes,8.4,10.0,1.0,8.0,7,7.0,9.0,3.0,5.0,Y,7.0,Low,Low,Low,2022/01/16
EMP2686,20.0,Female,It,Qa Engineer,2.5,20312.96,44.0,4.0,No,7.4,9.0,1.0,9.0,3,3.0,17.0,5.0,5.0,Yes,8.0,Low,Low,Low,10-Jan-2020
EMP5365,33.0,Male,Finance,Financila Analyst,11.6,49167.79,51.0,9.0,No,7.3,10.0,1.0,10.0,7,5.0,10.0,1.0,4.0,N,7.0,Low,Low,Low,"February 10, 2017"
EMP5725,20.0,Female,Finance,Auditor,2.0,27739.18,47.0,12.0,No,8.1,10.0,1.0,10.0,6,7.0,3.0,3.0,5.0,No,8.0,Low,Low,Low,2018-11-08
EMP5803,46.0,Male,Marketting,Marketing Manager,1.4,31895.23,37.0,5.0,Yes,9.0,10.0,1.0,10.0,6,6.0,0.0,2.0,5.0,Yes,7.0,Low,Low,Low,2019-07-15
EMP5582,30.0,Male,Operations,Logistics Coordinator,11.7,42568.84,53.0,15.0,Yes,6.9,8.0,2.0,8.0,5,6.0,10.0,4.0,5.0,No,6.0,Low,Low,Low,17-Feb-2020
EMP1500,25.0,Female,-,Operations Manager,4.6,47576.16,52.0,5.0,No,7.2,10.0,1.0,8.0,7,6.0,26.0,7.0,5.0,Y,7.0,Low,Low,Low,02-21-2017
EMP6919,48.0,Male,Sale,Business Development Executive,5.5,32425.18,46.0,6.0,No,8.0,10.0,1.0,10.0,6,6.0,29.0,1.0,5.0,N,9.0,Low,Low,Low,"April 03, 2022"
EMP1465,23.0,Male,Marketing,Content Strategist,0.2,24394.66,45.0,6.0,No,8.2,9.0,1.0,9.0,9,7.0,38.0,2.0,5.0,No,7.0,-,Low,Low,2017-12-26
EMP2420,44.0,Male,Legal,Legal Counsel,2.8,28913.54,42.0,3.0,No,6.8,10.0,1.0,10.0,8,7.0,3.0,5.0,5.0,No,7.0,Low,Low,,25/03/2024
EMP5224,25.0,Male,Finance,Financial Analyst,0.5,32425.18,41.0,0.0,Yes,9.0,10.0,1.0,10.0,3,9.0,13.0,3.0,5.0,Yes,7.0,Low,Low,Low,11-05-2015
EMP1606,29.0,Male,It,Devops Engineer,0.4,27942.32,51.0,16.0,Yes,6.8,9.0,2.0,9.0,6,6.0,1.0,2.0,4.0,No,6.0,Low,Low,Low,"January 28, 2018"
EMP4191,25.0,Female,Sales,Sales Manager,0.6,34172.45,36.0,0.0,N,7.5,10.0,3.0,6.0,7,6.0,0.0,3.0,5.0,N,8.0,Low,Low,Low,23/05/2017
EMP4919,26.0,Male,R&D,Research Analyst,0.0,30699.72,45.0,3.0,No,7.8,9.0,1.0,8.0,7,8.0,0.0,2.0,5.0,Yes,8.0,Low,Low,Low,2024/06/08
EMP3919,36.0,Female,Administration,Admin Executive,9.2,42701.55,45.0,0.0,No,6.7,8.0,2.0,7.0,10,6.0,12.0,6.0,5.0,Yes,8.0,Low,Low,Low,"December 19, 2018"
EMP6273,33.0,Female,Finance,Finance Manager,3.9,48009.68,46.0,2.0,No,6.6,9.0,1.0,7.0,7,7.0,16.0,2.0,5.0,No,7.0,Low,Low,Low,"September 05, 2021"
EMP5619,54.0,Male,Marketting,Seo Specialist,2.5,26069.17,37.0,0.0,No,7.6,9.0,1.0,9.0,5,7.0,0.0,3.0,4.0,Yes,7.0,Low,Low,Low,26-Oct-2019
EMP5031,33.0,Female,R&D,Data Scientist,8.3,32425.18,48.0,0.0,Y,7.5,10.0,1.0,10.0,4,6.0,1.0,1.0,5.0,Yes,10.0,Low,Low,Low,18-Aug-2020
EMP6700,20.0,Female,Finance,Accountant,0.4,23091.58,37.0,0.0,Yes,8.1,9.0,1.0,10.0,7,7.0,31.0,3.0,5.0,Yes,7.0,Low,Low,Low,07-15-2020
EMP4924,27.0,Male,Sales,Account Manager,8.1,52910.45,55.0,5.0,Yes,5.6,8.0,2.0,8.0,8,6.0,10.0,2.0,5.0,Yes,6.0,Low,Low,Low, 
EMP1094,28.0,Male,Information Technology,Software Engineer,7.9,41359.42,45.0,1.0,N,7.0,10.0,1.0,9.0,6,6.0,56.0,3.0,5.0,No,7.0,Low,Low,Low,2019/06/22
EMP3276,29.0,Male,It,Qa Engineer,4.4,29355.45,47.0,13.0,N,6.7,9.0,3.0,6.0,9,7.0,10.0,5.0,5.0,No,6.0,Low,Low,Low,09-Feb-2023
EMP5788,29.0,Male,Marketting,Seo Specialist,2.8,23528.41,44.0,6.0,No,7.0,9.0,1.0,8.0,6,7.0,6.0,2.0,5.0,N,7.0,,Low,Low,2019/08/02
EMP4973,36.0,Male,Research And Development,Data Scientist,2.1,47281.09,48.0,6.0,No,7.5,10.0,1.0,10.0,7,6.0,9.0,4.0,5.0,Yes,7.0,Low,Low,Low,11-May-2019
EMP6188,39.0,Female,Legal,Legal Advisor,1.2,30386.99,50.0,23.0,N,5.2,8.0,4.0,7.0,8,6.0,10.0,2.0,4.0,N,3.0,Low,Low,Low,11-Mar-2020
EMP1796,33.0,Female,Hr,Recruiter,2.5,41164.27,53.0,15.0,No,7.5,7.0,2.0,9.0,,5.0,44.0,5.0,5.0,Y,7.0,Low,Low,Low,19/03/2026
EMP5496,33.0,Male,Legal,Compliance Officer,1.8,28257.06,53.0,22.0,Yes,6.6,7.0,1.0,10.0,9,7.0,11.0,2.0,5.0,No,8.0,Low,Low,Low,-
EMP5412,33.0,Male,It,Support Team Lead,0.4,19128.74,45.0,5.0,N,8.4,10.0,1.0,9.0,7,6.0,21.0,4.0,5.0,No,10.0,Low,Low,-,15-Sep-2020
EMP4450,21.0,Male,Operations,Operations Executive,1.3,33633.56,41.0,4.0,No,8.1,9.0,1.0,10.0,8,7.0,10.0,5.0,5.0,No,6.0,Low,Low,Low,17/01/2015
 emp5642 ,35.0,Female,R&D,Research Analyst,3.5,32080.56,43.0,5.0,N,7.4,9.0,1.0,10.0,6,7.0,6.0,8.0,5.0,Yes,7.0,Low,Low,Low,"December 31, 2026"
EMP5800,33.0,Female,Marketing,Seo Specialist,3.0,32425.18,38.0,0.0,Yes,7.1,10.0,2.0,9.0,2,5.0,3.0,3.0,5.0,No,7.0,Low,Low,Low,"September 03, 2022"
EMP1238,26.0,Female,Hr,Admin Executive,2.5,38628.52,49.0,9.0,No,6.2,9.0,1.0,8.0,3,6.0,8.0,3.0,5.0,N,5.0,Low,Low,Low,21-Jan-2019
EMP2142,22.0,Male,Customer Support,Support Team Lead,0.4,27392.22,30.0,0.0,No,7.2,10.0,1.0,9.0,4,6.0,6.0,0.0,5.0,No,7.0,Low,Low,Low,02/04/2018
EMP6473,40.0,Female,Admin,Admin Executive,1.2,23802.85,48.0,10.0,Y,7.0,9.0,2.0,7.0,7,5.0,20.0,3.0,5.0,No,5.0,Low,Low,Low,16-Feb-2017
EMP6148,33.0,Female,Legal,Legal Counsel,4.6,37413.68,45.0,20.0,Yes,6.4,9.0,1.0,8.0,5,7.0,16.0,3.0,5.0,Y,6.0,Low,Low,Low,03-30-2024
EMP3828,33.0,Female,Customer Support,Support Team Lead,0.5,31860.09,40.0,0.0,N,7.2,10.0,1.0,9.0,4,6.0,30.0,3.0,5.0,,8.0,-,Low,Low,15-Feb-2025
EMP5416,33.0,,Hr,Operations Executive,1.9,26995.2,49.0,11.0,No,7.2,9.0,1.0,10.0,10,7.0,11.0,2.0,5.0,No,7.0,Low,Low,Low,-
EMP3103,33.0,Male,Marketing,Content Strategist,0.0,24631.17,45.0,0.0,No,9.0,10.0,1.0,10.0,6,7.0,12.0,2.0,5.0,Yes,9.0,Low,Low,Low,13/05/2025
EMP2862,45.0,Male,Marketing,Marketing Manager,8.4,44259.97,46.0,0.0,No,7.5,9.0,1.0,10.0,8,7.0,7.0,3.0,5.0,-,8.0,Low,Low,Low,-
EMP5076,27.0,Male,Marketing,Marketing Executive,1.1,27841.61,43.0,3.0,No,7.1,10.0,1.0,9.0,9,7.0,10.0,2.0,5.0,No,7.0,Low,Low,Low,"May 22, 2022"
EMP3308,28.0,Male,Operations,Olgistics Coordinator,1.9,25717.55,51.0,16.0,No,7.9,7.0,2.0,9.0,7,6.0,10.0,4.0,5.0,Yes,7.0,Low,Low,Low,31/05/2023
EMP1832,28.0,Female,Administration,Front Desk Executive,5.2,33791.2,45.0,6.0,Yes,7.3,9.0,2.0,8.0,7,6.0,1.0,2.0,5.0,No,7.0,Low,Low,Low,2023/11/05
EMP2129,21.0,Female,Customer Support,Support Team Lead,1.1,29667.5,53.0,15.0,No,7.2,9.0,1.0,7.0,4,6.0,12.0,3.0,5.0,No,7.0,Low,Low,Low,2019/07/26
EMP5666,29.0,Male,Operations,Operations Manager,2.8,30308.5,48.0,12.0,Yes,6.7,9.0,3.0,8.0,2,4.0,5.0,1.0,4.0,-,5.0,Low,Low,Medium,"January 27, 2023"
EMP6097,39.0,Male,Information Technology,Software Engineer,0.4,29268.16,45.0,6.0,No,7.4,9.0,1.0,8.0,5,6.0,35.0,0.0,5.0,N,7.0,Low,Low,Low,2020-02-08
EMP5158,26.0,Female,Legal,Compliance Officer,3.2,27206.89,51.0,17.0,Yes,6.2,8.0,2.0,9.0,6,4.0,12.0,1.0,4.0,Yes,7.0,Low,Low,-,07/02/2018
EMP3584,32.0,Male,Sales,Sales Manager,9.2,49773.02,36.0,0.0,Yes,7.8,10.0,1.0,10.0,10,6.0,0.0,4.0,5.0,-,7.0,Low,Low,Low,2017-12-22
EMP3216,33.0,Male,Finance,Accountant,1.4,29250.97,49.0,10.0,No,6.9,7.0,1.0,10.0,6,8.0,12.0,6.0,5.0,Yes,7.0,Low,Low,Low,04/11/2024
EMP6301,26.0,Male,Operations,Operations Executive,5.8,32425.18,54.0,18.0,Yes,5.5,9.0,1.0,10.0,2,3.0,0.0,3.0,4.0,Yes,7.0,Low,Low,Medium,-
EMP2123,35.0,Female,Marketing,Marketing Executive,2.1,22527.42,45.0,0.0,No,6.6,10.0,1.0,9.0,2,5.0,2.0,4.0,5.0,No,7.0,Low, ,Low,"July 30, 2024"
EMP1591,28.0,Male,Hr,Hr Manager,0.5,34736.14,56.0,15.0,No,6.3,7.0,1.0,9.0,3,7.0,3.0,3.0,5.0,Y,8.0,Low,Low,Low,06-Apr-2025
EMP6550,50.0,Female,H.R.,Recriuter,9.1,40578.49,51.0,18.0,No,6.0,8.0,2.0,8.0,5,5.0,4.0,1.0,5.0,No,7.0,Low,Low,Low,2016-12-24
EMP3349,36.0,Female,Operations,Operations Manager,6.9,50312.63,49.0,12.0,No,7.6,8.0,1.0,9.0,5,6.0,18.0,3.0,5.0,No,6.0,Low,Low,Low,07-Sep-2018
EMP3680,33.0,Female,Finance,Financial Analyst,1.2,28240.44,46.0,5.0,No,7.6,10.0,1.0,10.0,7,8.0,0.0,3.0,5.0,No,8.0,Low,Low,Low,"March 15, 2017"
EMP3123,27.0,Male,Admin,Front Desk Executive,7.7,33781.99,40.0,0.0,No,6.9,9.0,1.0,9.0,4,7.0,57.0,2.0,5.0,Yes,6.0,Low,Low,Low,15/03/2024
EMP6530,37.0,Male,R&D,Data Scientist,8.0,48962.25,43.0,0.0,No,8.2,9.0,2.0,8.0,5,6.0,23.0,5.0,5.0,N,7.0,Low,Low,-,20-Apr-2024
EMP6789,21.0,Male,It,System Admin,1.5,23827.13,43.0,9.0,No,7.4,10.0,1.0,8.0,4,6.0,19.0,3.0,5.0,N,7.0,Low,Low,Low, 
EMP2048,26.0,Female,H.R.,Hr Executive,4.1,36755.44,53.0,10.0,No,7.1,8.0,1.0,10.0,6,6.0,34.0,2.0,5.0,N,9.0,Low,Low,Low,19-May-2026
EMP3823,26.0,Male,Legal,Compliance Officer,4.8,32251.55,53.0,5.0,Y,6.6,7.0,2.0,10.0,5,6.0,24.0,3.0,5.0,Y,6.0,Low,Low,Low,2016/05/18
EMP3333,29.0,,Customer Support,Customer Success Manager,2.3,47436.77,48.0,12.0,No,7.8,9.0,1.0,10.0,4,6.0,5.0,1.0,3.0,Y,6.0,Low,Low,Low,14/03/2016
EMP3174,49.0,Female,Operations,Operations Executive,0.2,25812.02,41.0,10.0,Yes,6.2,8.0,1.0,9.0,8,6.0,24.0,3.0,5.0,No,8.0,-,Low,Low,-
EMP3098,42.0,Male,Hr,R&D Engineer,1.8,27776.13,30.0,0.0,No,8.0,9.0,1.0,10.0,7,8.0,5.0,2.0,5.0,No,6.0,Low,Low,Low,16/11/2024
EMP4532,43.0,Female,It,Devops Engineer,7.5,34058.29,54.0,24.0,No,3.8,9.0,3.0,6.0,1,4.0,2.0,4.0,5.0,N,8.0,Medium,Moderate,Medium,-
EMP6322,41.0,Female,Research And Development,Research Analyst,2.1,27583.22,30.0,2.0,No,9.0,9.0,1.0,9.0,5,7.0,5.0,2.0,5.0,No,7.0,Low,Low,Low,-
EMP2503,42.0,Female,H.R.,Hr Generalist,13.8,42380.61,50.0,14.0,No,6.7,9.0,4.0,8.0,7,5.0,28.0,4.0,5.0,No,6.0,Low,Low,Low,10-18-2017
EMP6903,46.0,Male,Marketing,Seo Specialist,3.4,31728.22,57.0,21.0,No,5.2,9.0,2.0,9.0,6,6.0,28.0,1.0,5.0,No,9.0,Low,Low,Low,2020/03/04
EMP5546,33.0,Male,R&D,R&D Engineer,2.5,27349.63,51.0,9.0,Yes,6.6,10.0,2.0,8.0,8,8.0,1.0,5.0,5.0,,8.0,Low, ,Low,12/07/2021
EMP2257,23.0,Male,Rnd,Research Analyst,1.5,27077.9,46.0,6.0,Yes,8.4,10.0,1.0,10.0,6,6.0,5.0,3.0,5.0,Y,8.0,Low,Low,Low,"January 02, 2016"
EMP1492,25.0,Male,Legal,Support Team Lead,3.2,18933.05,41.0,8.0,No,7.2,10.0,1.0,10.0,6,6.0,3.0,1.0,5.0,Yes,10.0,Low,Low,Low,2025/06/07
EMP5162,22.0,Male,Legal,Support Team Lead,2.5,28835.71,51.0,3.0,No,6.9,9.0,2.0,10.0,6,7.0,14.0,1.0,5.0,-,6.0,Low,Low,Low,04/02/2024
EMP3945,43.0,Female,R&D,Data Scientist,7.8,40904.0,30.0,0.0,No,7.9,10.0,2.0,8.0,7,6.0,85.0,4.0,4.0,No,7.0,Low,Low,Low,2017/05/27
EMP4220,44.0,Female,R&D,R&D Engineer,6.5,32583.97,53.0,15.0,No,5.6,9.0,2.0,8.0,9,7.0,5.0,4.0,5.0,No,7.0,Low,Low,Low,"February 07, 2019"
EMP1685,38.0,Male,Marketing,Content Strategits,0.4,27251.43,51.0,13.0,No,4.6,10.0,1.0,9.0,5,6.0,12.0,2.0,5.0,Y,8.0,,Low,Low,2022/02/04
EMP4690,40.0,Female,Finance,Finance Manager,0.0,32093.42,34.0,2.0,Yes,8.5,9.0,3.0,9.0,7,6.0,2.0,0.0,5.0,No,6.0,Low,Low,Low,07/06/2015
EMP3320,48.0,M,It,Devops Engineer,2.5,24088.4,46.0,6.0,No,6.8,10.0,1.0,10.0,10,7.0,24.0,1.0,5.0,N,8.0,Low,Low,Low,06-Sep-2018
EMP1158,27.0,M,Administration,Admin Executive,2.0,27623.94,39.0,0.0,Y,6.5,10.0,1.0,10.0,6,6.0,7.0,3.0,5.0,No,7.0,Low,Low,Low,22-Apr-2025
EMP5306,23.0,Female,R&D,R&D Engineer,2.9,34151.68,45.0,5.0,No,7.6,9.0,1.0,10.0,6,4.0,2.0,6.0,5.0,N,8.0,Low,Low,Low,"June 07, 2016"
EMP4704,40.0,Female,Sales,Business Development Executive,0.9,23863.87,45.0,17.0,Yes,6.3,8.0,2.0,10.0,2,6.0,28.0,2.0,5.0,No,5.0,Low,Low,Medium,2022-08-08
EMP3817,37.0,Female,It,,0.2,32425.18,45.0,0.0,No,6.9,10.0,1.0,10.0,7,7.0,10.0,0.0,5.0,Y,7.0,Low,Low,Low,"September 29, 2022"
EMP5633,26.0,Male,Legal,Legal Counsel,2.7,37207.8,42.0,0.0,No,7.7,8.0,1.0,9.0,9,6.0,12.0,3.0,5.0,Yes,7.0,Low,Low,Low,09-Feb-2016
EMP6540,24.0,F,Admin,Office Manager,0.6,27243.51,45.0,6.0,Yes,6.6,8.0,1.0,9.0,3,5.0,6.0,4.0,4.0,No,6.0,Low,Low,Low,-
EMP1809,30.0,Female,Legal,Legal Counsel,7.6,32760.71,44.0,4.0,No,6.1,10.0,1.0,10.0,5,6.0,17.0,0.0,5.0,Yes,7.0,Low,Low,Low,"March 21, 2023"
EMP1213,23.0,Male,R&D,Research Analyst,4.7,34619.27,50.0,4.0,No,7.1,8.0,1.0,8.0,10,7.0,10.0,3.0,4.0,No,7.0,Low,Low,Low,-
 emp4213 ,20.0,Female,Finance,Financial Analyst,2.5,24249.04,45.0,17.0,Y,6.7,9.0,1.0,10.0,6,6.0,-3.0,3.0,5.0,No,8.0,Low,Low,Low,05/03/2020
EMP5443,40.0,Male,Hr,Compliance Officer,1.1,28465.77,63.0,22.0,N,7.0,7.0,1.0,10.0,6,6.0,2.0,3.0,5.0,Yes,7.0,Low,Low,Low,07/11/2019
EMP3852,25.0,Female,Admin,Office Manager,1.4,42913.97,59.0,23.0,No,7.1,5.0,1.0,10.0,8,6.0,7.0,4.0,5.0,Yes,8.0,Low,Low,Low,2026-01-20
EMP3075,29.0,Female,Operations,Logistics Coordinator,1.6,30636.43,39.0,4.0,No,9.0,10.0,2.0,7.0,6,8.0,7.0,3.0,5.0,No,6.0,Low,Low,Low,2028-01-01
EMP2275,51.0,Male,Sales,Business Development Executive,4.5,27728.57,45.0,14.0,No,6.0,9.0,2.0,7.0,10,7.0,2.0,3.0,5.0,N,7.0,Low,Low,Low,06-02-2015
EMP6454,47.0,Female,Sales,Business Development Executive,0.7,25093.0,38.0,5.0,N,8.7,10.0,3.0,9.0,5,6.0,8.0,1.0,4.0,Y,7.0,Low,Low,Low,2019-11-04
EMP6814,31.0,Female,Hr,Marketing Manager,0.5,46286.0,45.0,13.0,Yes,15.0,10.0,1.0,10.0,10,8.0,3.0,4.0,5.0,Y,8.0,Low,Low,Low,09-20-2017
EMP1580,47.0,Female,Admin,Front Desk Executive,4.0,30390.1,45.0,5.0,Yes,7.7,8.0,4.0,7.0,6,5.0,10.0,5.0,5.0,No,7.0,Low,Low,Low,2025/10/21
EMP2295,41.0,Male,Marketing,Marketing Manager,1.5,36446.57,52.0,12.0,Yes,7.2,9.0,1.0,10.0,4,5.0,14.0,4.0,5.0,Yes,9.0,Low,Low,Low,"December 08, 2018"
EMP6911,33.0,F,Admin,Front Desk Executive,2.0,17666.75,44.0,0.0,No,6.2,10.0,1.0,10.0,5,5.0,12.0,1.0,5.0,No,8.0,Low,Low,Low,"July 01, 2025"
EMP6166,41.0,Male,R&D,Research Analyst,9.0,45608.09,55.0,18.0,Y,7.9,10.0,1.0,7.0,8,7.0,3.0,0.0,5.0,Y,8.0,Low,Low,-,02-20-2022
EMP1285,45.0,Male,Sales,Sales Executive,1.0,32425.18,35.0,5.0,No,7.3,10.0,1.0,8.0,5,5.0,56.0,2.0,4.0,N,8.0,-,Low,Low,-
EMP2140,30.0,Female,Finance,Accountant,0.8,27321.89,48.0,13.0,Yes,7.4,8.0,1.0,9.0,8,7.0,0.0,4.0,5.0,Yes,6.0,Low,Low,Low,"February 27, 2021"
EMP6759,20.0,Male,Legal,Legal Advisor,0.2,23881.02,42.0,2.0,No,7.1,9.0,1.0,10.0,6,9.0,10.0,3.0,5.0,N,7.0,Low,Low,Low,04-Jan-2020
EMP4012,20.0,Male,Fiannce,Support Team Lead,2.0,25251.05,45.0,0.0,No,7.4,9.0,1.0,8.0,6,7.0,1.0,3.0,5.0,N,8.0,Low,Low,Low,06-Sep-2021
EMP3570,42.0,Female,Admin,Front Desk Executive,3.3,29624.22,46.0,15.0,No,7.7,9.0,1.0,9.0,7,5.0,0.0,3.0,5.0,Y,6.0,Low,Low,Low,-
EMP2303,38.0,Female,Finance,Accountant,3.4,31390.49,43.0,2.0,,-11.3406312880678,10.0,1.0,9.0,4,5.0,11.0,1.0,5.0,Yes,9.0,Low,Low,Low,"March 03, 2017"
EMP2292,39.0,Female,Hr,Operations Executive,4.3,30151.24,35.0,0.0,Yes,6.3,10.0,1.0,10.0,8,8.0,11.0,1.0,5.0,No,7.0,Low,Low,Low,10-19-2021
EMP4176,46.0,Male,Hr,Operations Executive,1.5,28942.61,40.0,8.0,Yes,6.7,8.0,2.0,8.0,2,6.0,23.0,2.0,5.0,Yes,7.0,Low,Low,Low,"April 10, 2024"
EMP5845,28.0,Male,Hr,Recruiter,6.8,32883.95,44.0,1.0,Y,6.0,10.0,1.0,9.0,8,6.0,15.0,4.0,5.0,N,9.0,Low,Low,Low,2021/06/22
EMP5168,30.0,Male,Operations,Operations Manager,2.6,41645.5,51.0,14.0,N,6.4,7.0,1.0,9.0,6,6.0,10.0,3.0,5.0,N,8.0,Low,Low,Low,05-06-2016
EMP2675,26.0,Male,Operations,Support Team Lead,8.0,40091.91,45.0,17.0,Yes,6.1,9.0,1.0,10.0,5,8.0,18.0,9.0,5.0,Yes,5.0,Low,Low,Low,09-Jun-2025
EMP5329,34.0,M,Finance,Accountant,3.1,23121.12,40.0,0.0,No,6.8,10.0,1.0,10.0,5,7.0,19.0,4.0,4.0,Y,6.0,Low,Low,Low,2015-09-16
EMP5980,33.0,Male,Legal,Compliance Officer,5.4,25674.22,45.0,6.0,No,5.7,10.0,1.0,8.0,7,9.0,16.0,5.0,5.0,N,7.0,Low,Low,Low,2019/03/15
EMP3678,29.0,Male,Operations,Logistics Coordinator,2.5,28918.8,52.0,10.0,No,7.6,7.0,1.0,10.0,4,6.0,8.0,4.0,5.0,No,7.0,Low,Low,Low,19-Dec-2020
EMP6976,28.0,Male,Customer Support,Customer Success Manager,1.2,33992.6,39.0,1.0,Yes,7.6,9.0,3.0,9.0,4,6.0,30.0,2.0,5.0,Y,8.0,Low,Low,Low,04-Jan-2022
EMP6396,30.0,Male,Marketing,Marketing Manager,0.2,35291.36,45.0,2.0,No,6.9,10.0,2.0,7.0,5,6.0,0.0,4.0,5.0,No,7.0,Low,Low,Low,12-25-2022
EMP4349,33.0,Female,Admin,Office Manager,1.9,40050.92,48.0,14.0,N,7.2,9.0,1.0,9.0,6,8.0,16.0,6.0,5.0,N,8.0,Low,Low,Low,2024/08/23
EMP6535,38.0,Male,Hr,Front Desk Executive,4.5,29176.8,49.0,9.0,-,6.2,8.0,2.0,8.0,6,6.0,9.0,4.0,5.0,No,7.0,Low,Low,Low,04-Jun-2024
EMP5629,33.0,Male,Rnd,Research Analyst,2.5,40228.97,45.0,9.0,N,7.5,9.0,2.0,8.0,9,6.0,2.0,3.0,5.0,Yes,7.0,Low,Low,Low,"June 17, 2024"
EMP5371,36.0,M,Customer Support,Support Team Lead,5.0,47411.31,45.0,9.0,Yes,6.3,8.0,1.0,10.0,6,7.0,10.0,1.0,5.0,No,8.0,Low,Low,Low,2018/11/07
EMP6258,28.0,Female,Legal,Legal Counsel,0.4,26957.66,38.0,0.0,No,7.4,10.0,1.0,10.0,9,7.0,35.0,4.0,5.0,Y,6.0,Low,Low,Low,12-10-2023
EMP2820,59.0,-,Customer Support,Support Team Lead,0.3,47655.69,52.0,8.0,Yes,9.0,8.0,1.0,9.0,5,6.0,11.0,3.0,5.0,Yes,7.0,Low,Low,Low,"January 30, 2023"
EMP6467,21.0,Female,R&D,R&D Engineer,3.0,32425.18,35.0,0.0,N,7.9,10.0,1.0,9.0,6,7.0,55.0,4.0,4.0,No,6.0,Low,Low,Low,05-28-2019
EMP2072,24.0,Female,Admin,Admin Executive,4.6,35523.1,45.0,19.0,No,6.1,9.0,2.0,9.0,9,8.0,32.0,3.0,4.0,No,8.0,Low,Low,Low,2021/10/02
EMP1388,31.0,Male,Sales,Sales Manager,1.4,39824.65,45.0,21.0,Y,6.6,8.0,2.0,8.0,8,6.0,14.0,5.0,5.0,No,6.0,Low,Low,Low,06-Jun-2022
EMP1519,20.0,Male,Marketing,Content Strategist,0.6,24905.14,59.0,28.0,Yes,5.6,5.0,2.0,10.0,4,6.0,9.0,4.0,4.0,N,8.0,Low,Low,Low,08-29-2015
EMP3325,33.0,Male,Sales,,5.4,26315.48,45.0,9.0,No,9.0,9.0,1.0,10.0,3,7.0,3.0,1.0,5.0,No,6.0,Low,Low,Low,2019/08/12
EMP3996,45.0,-,Rnd,Research Analyst,0.5,32425.18,43.0,8.0,N,7.0,9.0,1.0,10.0,4,5.0,2.0,3.0,5.0,No,7.0,Low,Low,Low,"January 24, 2022"
EMP2204,25.0,Female,It,System Admin,7.0,36144.04,42.0,0.0,Yes,7.8,9.0,1.0,8.0,4,5.0,8.0,1.0,5.0,Yes,7.0,Low,Low,Low,11/05/2015
EMP3608,30.0,Male,Legal,Legal Advisor,2.4,30414.04,45.0,5.0,Yes,7.4,7.0,1.0,9.0,8,7.0,2.0,1.0,5.0,No,7.0,Low,Low,Low,2021/06/25
EMP6581,30.0,Male,Sale,Business Development Executive,1.9,21148.26,41.0,0.0,No,5.8,10.0,1.0,10.0,9,7.0,4.0,3.0,5.0,No,7.0,Low,Low,Low,2023-03-20
EMP1812,33.0,Female,Hr,Account Manager,1.6,37059.9,33.0,7.0,No,7.5,8.0,1.0,10.0,4,5.0,16.0,6.0,5.0,No,6.0,Low,Low,Low,"October 25, 2021"
EMP3105,20.0,M,Ops,Logistics Coordinator,2.0,32689.23,30.0,0.0,Yes,7.5,10.0,2.0,7.0,3,3.0,44.0,3.0,5.0,N,8.0,Low,Low,Medium,"October 08, 2015"
EMP5645,42.0,Male,Admin,Support Team Lead,7.7,36873.55,49.0,5.0,No,8.5,9.0,1.0,10.0,7,6.0,8.0,2.0,5.0,Yes,6.0,Low,Low,Low,"June 10, 2026"
EMP3582,33.0,Female,Operations,Operations Manager,4.7,46499.52,58.0,17.0,N,6.7,9.0,1.0,10.0,6,9.0,1.0,5.0,5.0,Yes,7.0,Low,Low,Low,"March 09, 2017"
EMP5943,31.0,Male,Rnd,R&D Engineer,1.7,28145.12,44.0,0.0,No,8.2,9.0,1.0,10.0,8,8.0,50.0,2.0,5.0,N,8.0,Low,Low,Low,2020-05-03
EMP1569,42.0,Male,Legal,Legal Counsel,2.0,23927.09,38.0,0.0,Yes,8.0,10.0,1.0,10.0,8,6.0,11.0,10.0,5.0,N,7.0,Low,Low,Low,"July 03, 2019"
EMP5531,33.0,F,Legal,Lega Ladvisor,11.4,45838.2,47.0,13.0,No,7.7,8.0,1.0,6.0,10,5.0,46.0,3.0,5.0,No,7.0,Low,Low,Low,2021-11-28
EMP1893,33.0,Female,Finance,Financial Analyst,1.5,28706.52,50.0,4.0,Y,7.6,10.0,1.0,10.0,-,6.0,2.0,4.0,5.0,No,7.0,,Low,Low,08-24-2017
EMP5264,49.0,Male,Administration,Support Team Lead,1.4,40238.96,41.0,1.0,No,8.2,10.0,1.0,9.0,5,7.0,2.0,4.0,5.0,No,7.0,Low,Low,Low,02-15-2026
EMP5389,27.0,Male,Administration,Office Manager,2.5,42714.83,40.0,0.0,Yes,6.5,10.0,2.0,10.0,6,7.0,34.0,3.0,5.0,No,8.0,Low,Low,Low,2015-08-24
EMP2409,27.0,Male,R&D,R&D Engineer,3.8,32425.18,42.0,7.0,No,7.6,10.0,2.0,9.0,7,6.0,38.0,1.0,5.0,N,7.0,Low,Low,Low,2016/08/12
EMP6042,33.0,Female,Hr,Hr Executive,4.3,27688.22,69.0,33.0,Y,5.4,5.0,4.0,7.0,6,4.0,30.0,0.0,4.0,No,7.0,Medium,Moderate,Medium,14-Jul-2017
EMP3731,37.0,Female,Admin,Office Manager,1.3,38341.36,51.0,14.0,No,7.4,8.0,1.0,10.0,6,6.0,4.0,3.0,5.0,N,8.0,Low,Low,Low,2018/06/14
EMP4667,40.0,Female,Customer Support,Support Team Lead,2.5,37624.95,52.0,13.0,No,6.2,8.0,2.0,9.0,6,7.0,10.0,0.0,5.0,No,7.0,Low,Low,Low,07-04-2016
EMP3115,20.0,Female,It,Devops Engineer,2.0,34474.12,35.0,2.0,Y,7.2,10.0,1.0,9.0,2,6.0,3.0,7.0,5.0,N,8.0,Low,Low,Low,2026-06-17
EMP6779,37.0,Male,I.T.,Software Engineer,6.2,34034.21,45.0,1.0,No,7.2,10.0,1.0,10.0,7,6.0,9.0,2.0,5.0,No,7.0,Low,Low,Low,16/06/2025
EMP2749,20.0,Male,It,Support Team Lead,0.7,18072.54,40.0,0.0,No,7.9,9.0,2.0,8.0,2,5.0,10.0,4.0,5.0,No,8.0,Low,Low,Low,08/04/2020
EMP6516,20.0,Female,Hr,Recruiter,2.0,32948.8,41.0,5.0,No,7.6,9.0,1.0,8.0,10,6.0,12.0,6.0,5.0,N,7.0,Low,Low,Low,2017/10/30
EMP6792,42.0,-,Hr,Operations Executive,4.8,34341.52,37.0,1.0,N,8.5,9.0,1.0,10.0,9,7.0,6.0,3.0,5.0,Y,7.0,Low,Low,Low,2018/06/22
EMP3770,21.0,Male,,Auditor,3.0,23496.96,42.0,1.0,N,8.7,10.0,1.0,10.0,3,5.0,27.0,5.0,5.0,N,9.0,Low,Low,Low,11-22-2024
EMP2466,33.0,Male,R&D,Research Analyst,8.7,37570.52,45.0,0.0,N,6.9,8.0,1.0,10.0,10,7.0,8.0,1.0,5.0,Yes,7.0,Low,Low,Low,2022/08/04
EMP2087,37.0,Female,Finance,,1.2,52514.86,53.0,18.0,Y,7.3,9.0,1.0,7.0,4,6.0,28.0,4.0,5.0,No,6.0,Low,Low,Low,05-Feb-2015
EMP1671,48.0,F,Admin,Admin Executive,0.6,29063.06,54.0,16.0,No,7.0,6.0,1.0,8.0,5,6.0,2.0,3.0,5.0,No,7.0,Low,Low,Low,15/03/2027
EMP1719,42.0,Male,Legal,Compliance Officer,3.3,26897.42,38.0,9.0,Yes,6.4,9.0,1.0,9.0,7,6.0,3.0,2.0,5.0,Yes,8.0,Low,Low,Low,28/02/2015
EMP4626,37.0,Male,Admin,Admin Executive,0.4,19637.67,33.0,0.0,No,7.6,9.0,1.0,9.0,7,7.0,29.0,0.0,5.0,No,9.0,Low,Low,Low,25-Feb-2022
EMP4262,27.0,Male,It,Devops Engineer,4.2,30228.31,55.0,15.0,Yes,6.0,9.0,2.0,10.0,7,5.0,10.0,3.0,4.0,N,6.0,Low,Low,Low,2018/04/01
EMP2173,57.0,Male,Customer Support,Support Executive,7.8,34369.88,37.0,0.0,Yes,8.5,9.0,1.0,9.0,8,6.0,8.0,4.0,5.0,No,7.0,Low,Low,Low,2018/05/24
EMP1009,27.0,Male,Operations,Operations Executive,1.4,23488.29,52.0,16.0,N,6.8,8.0,1.0,9.0,5,5.0,21.0,6.0,5.0,Yes,7.0,Low,Low,Low,2020-12-27
EMP2091,39.0,Female,Operations,Operations Executive,0.2,35323.16,34.0,0.0,No,7.2,10.0,1.0,9.0,4,6.0,1.0,3.0,5.0,No,7.0,Low,Low,Low,"February 13, 2026"
EMP2518,28.0,Male,Finance,Auditor,2.2,33008.39,50.0,18.0,No,7.0,10.0,4.0,8.0,6,5.0,5.0,3.0,5.0,No,7.0,Low,Low,Low,08-31-2017
EMP6885,28.0,Male,Marketing,Support Team Lead,0.3,23056.15,36.0,0.0,N,8.8,9.0,1.0,10.0,6,7.0,3.0,4.0,5.0,No,7.0,Low,Low,Low,2024/02/06
EMP6178,29.0,Male,Operations,Logistics Coordinator,1.9,24548.08,45.0,14.0,Yes,6.8,8.0,1.0,10.0,,5.0,6.0,5.0,5.0,No,5.0,Low,Low,Low,"February 18, 2021"
EMP4833,33.0,Female,Hr,Hr Generalist,0.1,26639.74,51.0,5.0,No,6.4,7.0,1.0,9.0,5,5.0,10.0,5.0,5.0,No,8.0,Low,Low,Low,05-18-2018
EMP5699,34.0,Male,It,It Support,10.2,41321.96,51.0,15.0,Yes,6.7,7.0,1.0,10.0,7,7.0,1.0,3.0,5.0,Yes,9.0,Low,Low,Low,02-06-2019
EMP3256,20.0,Female,Sale,Account Manager,2.5,42573.86,42.0,7.0,No,5.5,9.0,2.0,9.0,7,7.0,43.0,2.0,4.0,No,7.0,Low,Low,Low,2023-07-11
EMP2735,24.0,Female,Operations,,5.8,40685.4,45.0,14.0,Yes,6.8,9.0,2.0,9.0,5,6.0,6.0,3.0,5.0,No,7.0,Low,Low,Low,08-10-2020
EMP5196,21.0,Female,Hr,Sales Executive,2.5,33265.15,55.0,21.0,No,6.1,8.0,1.0,10.0,7,7.0,33.0,3.0,5.0,,7.0,Low,Low,Low,"August 22, 2016"
EMP6543,27.0,Male,Customer Support,Support Team Lead,5.7,39613.12,54.0,18.0,No,7.2,9.0,1.0,10.0,6,7.0,0.0,1.0,5.0,Yes,7.0,Low,Low,Low,02-14-2021
EMP3899,33.0,Female,Customersupport,Support Team Lead,0.5,39688.6,45.0,3.0,Yes,7.0,9.0,1.0,9.0,9,8.0,2.0,3.0,5.0,No,8.0,Low,Low,Low,09-Jan-2017
EMP2934,49.0,Male,Operations,Operations Manager,3.1,45929.91,48.0,12.0,Yes,7.1,9.0,1.0,9.0,10,8.0,15.0,1.0,5.0,No,8.0,Low,Low,Low,-
EMP5086,23.0,F,Admin,Office Manager,1.5,23525.48,45.0,0.0,No,8.4,10.0,1.0,9.0,4,6.0,23.0,2.0,5.0,Y,6.0,Low,Low,Low,2021/09/07
EMP6505,35.0,Female,Legal,Legal Counsel,2.8,27352.22,49.0,5.0,No,6.7,10.0,2.0,10.0,8,8.0,6.0,2.0,5.0,Yes,6.0,Low,Low,Low,04/08/2022
EMP5808,43.0,Male,Customersupport,Support Executive,0.7,24356.32,47.0,13.0,No,6.4,9.0,2.0,9.0,4,6.0,3.0,1.0,5.0,No,6.0,Low,Low,Low,"May 14, 2019"
EMP2958,36.0,Female,It,It Support,9.3,37746.49,45.0,19.0,Yes,6.3,10.0,2.0,8.0,3,5.0,5.0,2.0,5.0,N,8.0,Low,Low,Low,2017-12-29
EMP5742,31.0,Female,Cust. Support,Customer Success Manager,0.2,34190.37,36.0,3.0,No,6.9,10.0,1.0,10.0,5,5.0,2.0,2.0,5.0,No,9.0,Low,Low,Low,2016-11-06
EMP5698,26.0,F,Human Resources,Hr Executive,0.9,22495.89,51.0,14.0,No,7.2,7.0,1.0,8.0,6,8.0,2.0,3.0,5.0,No,7.0,Low,Low,Low,2023/10/19
EMP1967,25.0,Male,Sales,Sales Executive,4.8,29688.79,41.0,1.0,No,8.2,10.0,1.0,10.0,6,5.0,14.0,4.0,5.0,Yes,9.0,Low,Low,Low,03-11-2017
EMP4278,20.0,Female,Legal,Compliance Officer,2.0,36571.02,50.0,8.0,Yes,7.5,10.0,1.0,9.0,9,7.0,4.0,2.0,5.0,N,9.0,Low,Low,Low,"July 23, 2020"
EMP4639,38.0,Male,Admin,Admin Executive,2.2,31695.74,52.0,9.0,No,8.0,9.0,1.0,8.0,3,4.0,36.0,1.0,5.0,Yes,6.0,Low,Low,Medium,19-Jan-2016
EMP3865,25.0,Female,Marketing,Content Strategist,0.3,25373.09,40.0,0.0,Yes,7.2,10.0,1.0,9.0,5,6.0,13.0,5.0,5.0,Yes,7.0,Low,Low,Low,2022-12-26
EMP3904,44.0,Male,Admin,Front Desk Executive,0.2,32425.18,44.0,2.0,No,7.2,10.0,3.0,7.0,4,6.0,8.0,0.0,5.0,,7.0,Low,Low,Low,11-09-2023
EMP3522,33.0,Female,Admin,Support Team Lead,0.0,21504.18,44.0,0.0,No,7.4,10.0,1.0,10.0,6,7.0,10.0,3.0,5.0,Yes,8.0,Low,Low,Low,03/09/2022
EMP1471,32.0,Female,Marketing,Content Strategist,4.1,31239.63,49.0,11.0,No,6.9,9.0,1.0,9.0,8,8.0,20.0,3.0,5.0,No,4.0,Low,Low,Low,15-Oct-2023
EMP6958,35.0,Female,It,Support Team Lead,1.3,32192.93,39.0,4.0,No,7.2,10.0,1.0,9.0,6,6.0,19.0,1.0,5.0,Yes,7.0,Low,Low,Low,2020-06-08
EMP4364,37.0,Female,It,Software Engineer,4.3,30277.56,40.0,0.0,No,7.7,10.0,1.0,10.0,10,8.0,3.0,4.0,5.0,N,7.0,Low,Low,Low,10-Jan-2026
EMP2918,33.0,Male,Hr,Legal Advisor,1.7,26920.56,40.0,5.0,No,7.2,9.0,2.0,9.0,4,6.0,16.0,5.0,5.0,Yes,5.0,Low,Low,Low,"March 29, 2015"
EMP2980,42.0,Male,It,It Support,0.1,25370.69,48.0,4.0,No,5.9,10.0,1.0,10.0,10,7.0,10.0,4.0,5.0,No,8.0,Low,Low,Low,30-Jul-2022
EMP3512,39.0,F,Sales,Business Development Executive,2.0,36271.05,30.0,6.0,No,9.0,10.0,2.0,9.0,4,5.0,15.0,5.0,5.0,Y,9.0,Low,Low,Low,13-Jun-2021
EMP1346,33.0,Male,Legal,Compliance Officer,8.6,36515.35,55.0,10.0,Yes,7.5,10.0,1.0,10.0,6,8.0,44.0,3.0,5.0,N,7.0,Low,Low,Low,"December 18, 2025"
EMP4965,26.0,Female,Marketing,Support Team Lead,8.0,37276.12,47.0,6.0,Yes,5.5,9.0,1.0,9.0,6,6.0,10.0,3.0,5.0,N,8.0,Low,Low,Low,-
EMP2776,41.0,Male,Marketing,Seo Specialist,4.0,31745.06,47.0,8.0,No,7.0,7.0,1.0,10.0,8,7.0,68.0,1.0,5.0,Yes,7.0,Low,Low,Low,2018-07-17
EMP5018,35.0,Male,It,Qa Engineer,1.3,16732.94,54.0,5.0,No,7.1,8.0,1.0,9.0,3,5.0,25.0,2.0,5.0,Yes,8.0,Low,Low,Low,"September 05, 2021"
EMP6752,29.0,Male,R&D,Reesarch Analyst,5.8,33975.13,47.0,16.0,No,8.0,9.0,3.0,8.0,5,7.0,18.0,2.0,5.0,No,5.0,Low,Low,Low,20-Sep-2016
EMP5226,49.0,Female,Sale,Account Manager,0.1,40798.72,48.0,11.0,N,7.6,8.0,3.0,6.0,3,5.0,14.0,3.0,5.0,No,5.0,Low,Low,Medium,03-Jan-2016
EMP6222,35.0,Female,Admin,Front Desk Executive,3.1,24026.61,49.0,8.0,Y,7.1,10.0,1.0,8.0,6,7.0,28.0,6.0,5.0,N,8.0,-,Low,Low,05-Apr-2025
EMP3581,20.0,Male,Admin,Admin Executive,2.0,36151.7,37.0,0.0,No,5.6,9.0,1.0,9.0,5,5.0,10.0,3.0,5.0,Yes,7.0,Low,Low,Low,2024/07/30
EMP2583,34.0,Male,Fiannce,Financial Analyst,0.1,23761.13,45.0,4.0,No,7.6,7.0,1.0,8.0,6,6.0,24.0,5.0,5.0,Yes,7.0,Low,Low,Low,2018/03/18
EMP2021,32.0,Male,Legal,Legal Davisor,2.9,32425.18,45.0,7.0,No,6.1,10.0,2.0,6.0,8,7.0,6.0,7.0,5.0,Yes,7.0,Low,Low,Low,13/03/2017
EMP4390,42.0,Male,Legal,Support Team Lead,1.2,25052.17,52.0,13.0,Y,6.9,9.0,2.0,10.0,6,5.0,10.0,1.0,5.0,No,4.0,Low,Low,Low,2019-10-20
EMP6952,26.0,Male,Finance,Accountant,0.0,22350.93,43.0,2.0,No,6.5,10.0,1.0,10.0,8,6.0,9.0,3.0,5.0,No,9.0,Low,Low,Low,11-10-2017
EMP4434,42.0,Male,-,Data Scientist,2.7,43905.32,45.0,6.0,No,7.2,8.0,2.0,7.0,6,5.0,16.0,4.0,5.0,No,7.0,,Low,Low,"July 17, 2015"
EMP3207,33.0,Male,R&D,-,0.4,27755.52,45.0,0.0,Yes,7.5,9.0,1.0,10.0,7,7.0,10.0,3.0,4.0,Yes,7.0,Low,Low,Low,2020-10-02
EMP2619,34.0,M,Operations,Logistics Coordinator,-7.273918620880003,33685.57,36.0,5.0,No,15.0,10.0,2.0,8.0,4,6.0,10.0,1.0,5.0,No,7.0,Low,Low,Low,09-06-2025
EMP2796,33.0,Male,Customer Support,Customer Success Manager,-6.044116559521347,50618.3,37.0,0.0,,6.8,9.0,1.0,9.0,4,6.0,21.0,2.0,5.0,No,5.0,Low,Low,,04-Oct-2016
EMP1367,31.0,Male,Marketing,Content Strategist,0.1,23849.36,52.0,10.0,Yes,8.5,7.0,1.0,9.0,9,7.0,17.0,2.0,5.0,Yes,6.0,Low,Low,Low,"February 01, 2025"
EMP1371,38.0,Female,Information Technology,It Support,3.0,32425.18,42.0,0.0,No,8.3,9.0,1.0,10.0,6,8.0,34.0,4.0,5.0,No,6.0,Low,Low,Low,08-03-2019
EMP1876,21.0,Male,Customer Support,Customer Success Manager,2.5,42754.64,45.0,3.0,N,7.2,10.0,1.0,8.0,5,6.0,20.0,3.0,5.0,No,5.0,Low,Low,Low,02-Aug-2018
EMP3209,33.0,Male,I.T.,It Support,10.1,37120.29,57.0,11.0,No,6.3,8.0,1.0,10.0,8,7.0,10.0,7.0,5.0,No,8.0,Low,Low,Low,2016-12-09
EMP5362,20.0,-,Hr,Hr Executive,2.5,25534.29,41.0,1.0,N,7.1,8.0,1.0,10.0,4,5.0,2.0,1.0,4.0,Yes,7.0,Low,Low,Low,03-06-2024
EMP2357,32.0,Female,Hr,Front Desk Executive,0.3,32425.18,30.0,5.0,No,7.4,10.0,1.0,10.0,6,6.0,0.0,2.0,5.0,Yes,8.0,Low,Low,Low,2023/07/21
EMP5035,41.0,F,Sales,Sales Executive,3.0,32151.74,53.0,19.0,N,7.4,7.0,1.0,10.0,3,5.0,28.0,3.0,5.0,No,7.0,Low,Low,Low,2020/07/11
EMP2734,35.0,Male,It,Qa Engineer,5.6,30121.72,37.0,0.0,No,7.3,10.0,1.0,8.0,5,6.0,82.0,2.0,3.0,,6.0,Low,Low,Low,20/11/2018
EMP2553,32.0,Male,Sales,Sales Executive,4.5,32454.31,37.0,0.0,No,7.3,10.0,1.0,8.0,3,7.0,23.0,4.0,5.0,No,7.0,Low,Low,Low,2020-10-09
EMP3042,32.0,Female,It,System Admin,0.0,23407.9,36.0,0.0,N,7.2,10.0,1.0,9.0,6,6.0,22.0,2.0,5.0,Yes,6.0,Low,Low,Low,06-Jun-2026
EMP4470,33.0,Male,-,Operations Executive,1.4,27376.65,45.0,1.0,No,7.9,8.0,1.0,10.0,9,8.0,11.0,6.0,5.0,No,7.0,Low,Low,-,-
EMP5850,34.0,Male,Sales,Sales Executive,0.7,29176.48,39.0,7.0,N,7.2,10.0,1.0,10.0,7,6.0,9.0,9.0,5.0,No,6.0,Low,Low,Low,2019-12-23
EMP6128,41.0,F,Legal,Legal Counsel,0.6,27159.0,58.0,18.0,No,7.1,7.0,2.0,8.0,8,8.0,8.0,6.0,5.0,Yes,6.0,Low,Low,Low,08-31-2016
EMP5121,26.0,F,It,Software Engineer,2.5,39796.21,48.0,0.0,No,7.6,10.0,1.0,9.0,6,6.0,0.0,5.0,5.0,No,6.0,Low,Low,Low,06-Aug-2024
EMP6629,32.0,Female,Customer Support,Customer Success Manager,3.6,49387.22,38.0,4.0,No,7.3,9.0,2.0,9.0,5,6.0,4.0,0.0,5.0,N,7.0,Low,Low,Low,31/12/2023
EMP3624,43.0,Male,Sales,Busines Sdevelopment Executive,1.9,29619.68,32.0,0.0,Yes,6.8,10.0,1.0,9.0,6,7.0,10.0,3.0,5.0,No,9.0,Low,Low,Low,2023-09-29
EMP4970,26.0,Male,R&D,Support Team Lead,0.4,30165.47,48.0,7.0,No,7.1,7.0,2.0,8.0,4,8.0,46.0,3.0,5.0,Yes,6.0,Low,Low,Low,08/01/2023
EMP1537,23.0,Male,It,Software Engineer,1.1,27005.71,44.0,5.0,No,5.8,8.0,2.0,9.0,3,6.0,10.0,3.0,5.0,No,7.0,Low,Low,Low,05-30-2024
EMP5893,25.0,Female,Admin,Front Desk Executive,3.0,35963.06,44.0,8.0,N,6.3,8.0,1.0,10.0,8,8.0,3.0,5.0,5.0,N,7.0,Low,Low,Low,2018/09/17
EMP4218,33.0,Female,Sales,Support Team Lead,3.8,35239.26,50.0,13.0,N,7.1,8.0,1.0,10.0,5,8.0,11.0,0.0,5.0,N,5.0,Low,Low,Low,"December 31, 2026"
EMP2680,32.0,Male,R&D,Research Analyst,2.5,48471.75,46.0,5.0,No,6.0,9.0,1.0,10.0,7,6.0,1.0,2.0,5.0,N,7.0,Low,Low,Low,2020-04-20
EMP5222,35.0,Male,Hr,Hr Generalist,2.0,26998.52,48.0,10.0,No,6.9,8.0,3.0,6.0,4,7.0,8.0,4.0,4.0,No,5.0,Low,Low,Low,2019/07/21
EMP1702,33.0,Male,R&D,Data Scientist,2.9,40811.38,38.0,0.0,Y,7.2,8.0,1.0,10.0,6,8.0,1.0,3.0,5.0,No,8.0,Low,Low,Low,"November 12, 2024"
EMP2839,36.0,Female,Admin,Admin Executive,1.2,32425.18,45.0,5.0,No,7.6,7.0,1.0,9.0,6,5.0,7.0,3.0,3.0,Y,6.0,Low,Low,Low,2022-12-17
 emp6607 ,36.0,Male,R&D,Research Analyst,13.2,45533.15,45.0,0.0,No,6.5,10.0,1.0,9.0,3,5.0,8.0,4.0,5.0,No,7.0,Low,Low,Low,11-20-2024
EMP2627,28.0,Male,Hr,Hr Generalist,9.8,36793.22,45.0,0.0,N,6.6,10.0,2.0,9.0,6,7.0,23.0,5.0,5.0,No,8.0,Low,Low,Low,23/09/2023
EMP6839,32.0,Female,Operations,Operations Executive,4.0,30813.49,53.0,8.0,Y,7.8,10.0,1.0,9.0,5,6.0,25.0,5.0,5.0,Yes,9.0,Low,Low,Low,12-Jan-2015
EMP2867,31.0,Female,R&D,R&D Engineer,0.3,27241.89,56.0,19.0,No,7.2,7.0,1.0,8.0,6,5.0,21.0,2.0,5.0,N,6.0,Low,Low,Low,26/08/2015
EMP6223,32.0,Male,Marketing,Content Strategist,1.0,26769.71,42.0,2.0,No,7.8,8.0,1.0,10.0,6,6.0,8.0,0.0,4.0,Yes,6.0,Low,Low,Low,23-Dec-2025
EMP6446,51.0,Male,Hr,Hr Generalist,10.4,43267.02,48.0,5.0,No,9.0,10.0,1.0,10.0,7,8.0,10.0,6.0,5.0,No,7.0,Low,Low,Low,"July 07, 2024"
EMP1800,33.0,Female,Marketting,Marketing Executive,2.5,30886.54,46.0,4.0,N,6.5,8.0,1.0,10.0,8,7.0,2.0,6.0,5.0,No,9.0,Low,Low,Low,11-Aug-2021
EMP2187,33.0,Female,Marketing,Content Strategist,13.2,42835.07,47.0,5.0,-,7.5,10.0,1.0,10.0,9,7.0,8.0,2.0,5.0,No,7.0,Low,Low,Low,11/09/2024
EMP3305,49.0,Male,R&D,Research Analyst,0.0,24161.03,30.0,5.0,No,5.9,10.0,2.0,8.0,6,6.0,19.0,3.0,5.0,Yes,5.0,Low,Low,Low,"July 09, 2018"
 emp1439 ,45.0,Female,R&D,R&D Engineer,2.1,31134.4,41.0,0.0,Yes,8.0,10.0,1.0,9.0,8,8.0,2.0,3.0,5.0,N,6.0,Low,Low,Low,12-12-2019
EMP6010,45.0,Male,Legal,Legal Counsel,2.1,32425.18,42.0,3.0,No,7.9,10.0,2.0,8.0,5,6.0,20.0,1.0,5.0,No,5.0,Low,Low,Low,2018/04/05
EMP6167,41.0,F,Sales,Sales Executive,1.7,28720.77,41.0,4.0,No,7.2,10.0,2.0,9.0,6,5.0,21.0,6.0,5.0,No,6.0,Low,Low,Low,22-Jun-2016
EMP4165,36.0,Male,It,System Admin,2.8,34957.47,45.0,7.0,Yes,6.6,9.0,1.0,9.0,4,5.0,5.0,1.0,5.0,Yes,7.0,Low,Low,Low,15/03/2027
EMP3878,34.0,Male,Finance,Finance Manager,0.8,34477.62,55.0,16.0,N,8.3,8.0,4.0,8.0,6,5.0,26.0,0.0,5.0,N,7.0,Low,Low,Low,2020-12-16
EMP1905,33.0,Male,Hr,Content Strategist,11.2,46222.68,52.0,16.0,Yes,6.7,6.0,1.0,7.0,7,6.0,1.0,2.0,5.0,N,7.0,Low,Low,Low,07-14-2019
EMP1667,34.0,Male,It,Software Engineer,1.7,25631.64,41.0,0.0,Yes,7.1,9.0,2.0,9.0,6,6.0,18.0,3.0,5.0,No,7.0,Low,Low,Low,-
EMP2071,25.0,Male,Marketing,Marketing Executive,1.6,19961.29,49.0,5.0,No,7.6,9.0,2.0,9.0,8,6.0,7.0,1.0,5.0,N,5.0,Low,Low,Low,10/02/2019
EMP6168,33.0,Male,-,Business Development Executive,0.4,23239.91,56.0,23.0,Yes,7.4,7.0,1.0,8.0,10,9.0,15.0,3.0,5.0,N,7.0,Low,Low,Low,09-Sep-2021
EMP3611,42.0,Male,Operations,Operations Executive,6.9,36190.45,47.0,5.0,N,7.6,9.0,1.0,9.0,6,7.0,5.0,3.0,5.0,No,7.0,Low,Low,Low,13/05/2018
EMP4339,20.0,Female,Finance,Support Team Lead,2.5,27757.7,41.0,5.0,Y,9.0,9.0,1.0,10.0,4,6.0,10.0,2.0,5.0,Yes,8.0,Low,Low,,11-12-2016
EMP1230,32.0,Male,Ops,Logistics Coordinator,7.9,32425.18,49.0,10.0,No,7.0,10.0,1.0,10.0,8,7.0,7.0,2.0,5.0,N,8.0,Low,Low,Low,04-Jul-2022
EMP3848,34.0,Male,Hr,Marketing Executive,5.5,28412.1,43.0,10.0,Yes,7.9,9.0,2.0,9.0,-,8.0,3.0,3.0,5.0,No,7.0,Low,Low,Low,2020/04/16
EMP2784,48.0,Male,Finance,Support Team Lead,3.5,37754.06,54.0,13.0,No,8.5,8.0,1.0,10.0,7,7.0,24.0,4.0,5.0,Yes,9.0,Low,Low,Low,09-Feb-2020
EMP4736,33.0,Female,Hr,Support Team Lead,4.0,32477.43,45.0,8.0,No,6.3,10.0,1.0,10.0,10,8.0,16.0,7.0,5.0,Yes,8.0,Low,Low,Low,02-02-2020
EMP5623,33.0,Male,Fiannce,Financial Analyst,0.2,31841.57,45.0,0.0,No,7.7,10.0,1.0,8.0,10,8.0,7.0,1.0,5.0,Y,6.0,Low,Low,Low,08-14-2024
EMP2722,34.0,Male,It,System Admin,14.6,46380.5,42.0,0.0,N,7.2,10.0,1.0,9.0,4,4.0,2.0,6.0,5.0,-,5.0,Low,Low,Low,2017-06-03
EMP1363,33.0,Female,Customersupport,Customer Success Manager,-3.5736100552981,40468.19,42.0,0.0,N,6.4,10.0,1.0,10.0,6,7.0,20.0,2.0,5.0,No,7.0,Low,Low,Low,-
EMP2651,33.0,Female,Marketing,Content Strategist,0.2,29657.62,45.0,11.0,No,7.9,8.0,2.0,10.0,6,7.0,6.0,2.0,5.0,Yes,6.0,Low,Low,Low,2017-02-03
EMP2291,31.0,Male,Operations,Operations Executive,1.7,24940.48,47.0,5.0,No,6.6,9.0,1.0,9.0,6,7.0,18.0,3.0,4.0,Yes,7.0,Low, ,Low,2015-06-12
EMP6646,46.0,Male,Legal,Legal Advisor,0.4,17654.69,42.0,0.0,Y,8.1,9.0,1.0,8.0,10,8.0,8.0,2.0,5.0,N,7.0,Low,Low,Low,2024/01/17
EMP5198,27.0,Male,Sales,Account Manager,2.1,28879.7,36.0,5.0,No,8.1,9.0,2.0,9.0,6,5.0,10.0,3.0,5.0,No,7.0,Low,Low,Low,2025-01-10
EMP2886,33.0,Female,Operations,Logistics Coordinator,0.9,28885.62,43.0,3.0,No,8.2,10.0,1.0,9.0,6,4.0,9.0,4.0,5.0,No,7.0,Low,Low,Low,23-Jul-2015
EMP5142,27.0,Female,Customer Support,Support Team Lead,9.0,52144.11,56.0,24.0,No,6.1,7.0,3.0,8.0,2,5.0,9.0,5.0,5.0,No,7.0,Medium,Low,Medium,2024-07-20
EMP6951,35.0,Male,-,System Admin,4.1,27518.13,54.0,24.0,No,6.4,7.0,3.0,8.0,7,5.0,10.0,3.0,5.0,No,6.0,Low,Low,Low,16-May-2017
EMP4602,28.0,Female,Information Technology,System Admin,1.1,25463.51,45.0,5.0,Yes,6.2,10.0,1.0,10.0,6,7.0,11.0,2.0,5.0,N,6.0,Low,Low,,"June 11, 2019"
EMP3610,27.0,Male,Sale,Sales Executive,3.7,32511.48,44.0,16.0,Yes,8.1,9.0,1.0,10.0,5,7.0,47.0,2.0,5.0,Yes,9.0,Low,Low,Low,05/07/2020
EMP2065,23.0,M,Marketting,Marketing Manager,5.0,43957.09,34.0,0.0,Yes,7.7,8.0,1.0,10.0,5,6.0,27.0,2.0,4.0,No,8.0,Low,Low,Low,2020/06/27
EMP2285,29.0,Other,Rnd,R&D Engineer,9.9,38394.07,56.0,32.0,No,5.9,7.0,2.0,7.0,8,9.0,2.0,2.0,5.0,No,6.0,Low,Low,Low,2022-08-30
EMP2011,33.0,Male,Cust. Support,Support Executive,3.6,28047.35,44.0,8.0,No,9.0,10.0,1.0,10.0,4,5.0,26.0,5.0,5.0,Y,7.0,Low,Low,Low,2025-07-25
EMP2726,27.0,Female,Operations,Operations Manager,0.2,34269.58,50.0,17.0,Yes,6.6,8.0,1.0,8.0,2,6.0,13.0,3.0,5.0,Y,5.0,Low,Low,Low,20-Apr-2018
EMP5710,30.0,Female,Finance,Audiotr,4.7,28450.26,45.0,5.0,No,6.7,10.0,1.0,7.0,8,8.0,61.0,3.0,5.0,No,7.0,Low,Low,Low,23-Jul-2024
EMP5453,35.0,Female,Finance,Finance Manager,0.7,39821.45,45.0,0.0,N,7.3,9.0,1.0,9.0,6,6.0,18.0,4.0,5.0,No,7.0,Low,Low,Low,02-07-2018
EMP2340,36.0,Male,Customer Support,Customer Success Manager,2.6,41421.89,34.0,0.0,Yes,7.9,10.0,1.0,8.0,2,6.0,12.0,4.0,5.0,No,8.0,Low,Low,Low,16/09/2020
EMP2968,33.0,,Sales,Business Development Executive,12.3,42454.97,47.0,7.0,No,8.9,9.0,1.0,9.0,5,7.0,0.0,3.0,5.0,No,7.0,Low,Low,Low,2024/06/22
EMP2905,33.0,Male,Customer Support,Customer Success Manager,3.7,42891.38,45.0,2.0,N,7.7,9.0,1.0,8.0,6,9.0,1.0,2.0,5.0,Yes,7.0,Low,Low,Low,2024/01/17
EMP4702,32.0,Male,Customer Support,Support Executive,0.7,26770.96,52.0,14.0,No,7.2,10.0,2.0,9.0,3,5.0,2.0,3.0,4.0,N,7.0,Low,Low,Low,2024/04/19
EMP2395,36.0,M,Customer Support,Support Executive,0.5,20196.68,48.0,10.0,N,6.5,8.0,1.0,10.0,5,8.0,14.0,6.0,5.0,Yes,7.0,Low,Low,Low,"May 27, 2023"
EMP1528,52.0,M,Hr,Hr Manager,2.7,38069.72,51.0,11.0,No,8.1,9.0,1.0,9.0,6,6.0,28.0,4.0,4.0,No,7.0,Low,Low,Low,"March 09, 2023"
EMP6805,49.0,F,Operations,Logistics Coordinator,2.5,48084.76,32.0,0.0,,6.8,9.0,1.0,9.0,-,5.0,8.0,3.0,5.0,Yes,7.0,Low,Low,Low,23-Jun-2022
EMP4520,33.0,Female,Research And Development,R&D Engineer,3.6,33395.43,50.0,11.0,No,6.2,9.0,1.0,10.0,7,7.0,24.0,3.0,5.0,Y,6.0,Low,Low,Low,2024-05-27
EMP5307,34.0,Male,,Support Team Lead,0.8,41734.96,37.0,0.0,No,7.0,10.0,1.0,10.0,6,5.0,5.0,1.0,5.0,No,7.0,Low,Low,Low,-
EMP2915,38.0,Male,Marketing,Content Strategist,10.8,32425.18,59.0,13.0,N,6.6,6.0,1.0,9.0,7,8.0,30.0,2.0,5.0,No,7.0,Low,Low,Low,28-Dec-2025
EMP4395,39.0,Female,Hr,Support Team Lead,1.4,32822.75,43.0,5.0,N,7.8,10.0,2.0,8.0,6,5.0,4.0,4.0,5.0,N,7.0,Low,Low,Low,-
EMP5384,26.0,Female,Legal,Legal Counsel,3.7,33315.09,45.0,1.0,No,8.7,9.0,1.0,8.0,4,6.0,3.0,3.0,5.0,No,7.0,Low,Low,Low,13/01/2016
EMP3012,37.0,Female,Marketing,Marketing Executive,4.5,33995.64,43.0,10.0,No,6.4,8.0,1.0,9.0,-,8.0,-16.0,7.0,5.0,N,7.0,Low,Low,Low,07-14-2015
EMP5134,33.0,Female,Customer Support,Customer Success Manager,3.6,46149.69,57.0,23.0,Yes,6.8,9.0,1.0,9.0,6,6.0,2.0,4.0,4.0,N,6.0,Low,Low,Low,13-Oct-2020
EMP6605,30.0,Male,Sales,Sales Executive,2.0,22029.71,56.0,20.0,No,6.3,7.0,1.0,9.0,4,5.0,5.0,3.0,5.0,No,8.0,Low,Low,Low,-
EMP6445,33.0,Other,Hr,Support Team Lead,0.3,32425.18,50.0,11.0,Yes,7.4,9.0,1.0,10.0,10,6.0,23.0,2.0,5.0,N,7.0,Low,Low,Low,2018/10/10
EMP2217,37.0,Male,Hr,Hr Manager,4.4,32425.18,40.0,2.0,Y,8.0,10.0,1.0,8.0,6,6.0,53.0,7.0,4.0,No,8.0,Low,Low,Low,10-30-2025
EMP2260,40.0,Female,R&D,Support Team Lead,6.9,41793.21,46.0,15.0,No,7.8,9.0,1.0,10.0,3,5.0,10.0,0.0,5.0,Y,6.0,Low,Low,Low,2024-03-09
EMP3825,25.0,Male,-,Rceruiter,2.4,28404.19,49.0,10.0,N,7.9,9.0,1.0,8.0,3,6.0,-29.0,3.0,5.0,No,9.0,Low,Low,Low,26-May-2017
EMP6828,34.0,Female,Hr,Hr Manager,2.7,47167.94,52.0,12.0,No,-10.94844833240513,9.0,2.0,9.0,8,7.0,9.0,-3.0,5.0,Yes,6.0,Low,Low,Low,2017/11/25
EMP6366,46.0,Female,Sales,Account Manager,1.6,42929.18,34.0,0.0,N,7.5,8.0,2.0,9.0,,5.0,1.0,7.0,4.0,No,6.0,Low,Low,Low,2020-02-27
EMP2051,27.0,Male,Legal,Legal Advisor,9.0,34699.8,51.0,16.0,Yes,6.9,8.0,1.0,7.0,10,8.0,14.0,3.0,5.0,N,9.0,Low,Low,Low,11/12/2019
EMP1534,41.0,Male,Hr,Logistics Coordinator,2.0,26825.11,30.0,2.0,Yes,5.9,10.0,1.0,10.0,8,7.0,10.0,3.0,5.0,No,7.0,Low,Low,Low,"February 16, 2026"
EMP1236,35.0,Male,Hr,Support Team Lead,0.0,32425.18,49.0,8.0,,6.4,10.0,1.0,8.0,5,6.0,2.0,0.0,5.0,N,8.0,Low,Low,Low,08-Apr-2017
EMP1344,42.0,Female,Legal,Legal Counsel,0.4,24789.4,45.0,0.0,N,7.9,9.0,1.0,10.0,6,8.0,26.0,5.0,5.0,N,8.0,Low,Low,Low,2017/07/08
EMP3807,26.0,,Hr,Hr Executive,8.0,33230.95,45.0,0.0,No,7.1,9.0,2.0,7.0,6,6.0,18.0,3.0,5.0,No,7.0,Low,Low,Low,29/04/2025
EMP3901,32.0,Male,Hr,Admin Executive,0.7,23262.91,34.0,5.0,No,9.0,10.0,1.0,8.0,10,7.0,30.0,2.0,5.0,No,7.0,Low,Low,Low,04-24-2016
EMP1715,33.0,Female,It,It Support,1.6,18859.22,45.0,3.0,N,7.8,10.0,1.0,7.0,6,7.0,28.0,4.0,5.0,N,5.0,Unknown,Low,Low,-
EMP3890,43.0,Female,Operations,Operations Manager,5.5,37012.02,48.0,4.0,N,6.3,8.0,1.0,8.0,6,7.0,7.0,3.0,5.0,N,8.0,Low,Low,Low,2020/11/17
EMP5995,32.0,Male,Legal,Support Team Lead,1.7,32750.31,48.0,8.0,No,6.0,10.0,3.0,9.0,5,6.0,15.0,1.0,5.0,Y,5.0,Low,Low,Low,"November 08, 2019"
EMP4782,32.0,Female,H.R.,-,11.7,51176.94,34.0,3.0,Y,8.0,10.0,1.0,8.0,6,6.0,19.0,3.0,4.0,No,8.0,Low,Low,Low,27-Jun-2021
EMP6654,38.0,Male,Operations,Operations Manager,2.5,43837.12,48.0,12.0,No,7.4,9.0,2.0,10.0,5,5.0,45.0,3.0,5.0,No,6.0,Low,Low,Low,26/02/2018
EMP4149,28.0,Male,Hr,Marketing Manager,6.7,54706.0,51.0,11.0,Yes,7.2,7.0,2.0,8.0,4,6.0,8.0,3.0,5.0,,6.0,Low,Low,Low,2025/08/15
EMP4032,33.0,Female,Marketting,Marketing Executive,0.1,26411.73,44.0,0.0,Yes,7.3,10.0,1.0,10.0,8,8.0,2.0,3.0,5.0,Yes,7.0,Low,Low,Low,07/02/2017
EMP1206,37.0,Female,Hr,Hr Manager,0.8,40882.37,45.0,0.0,No,7.8,10.0,1.0,9.0,8,8.0,2.0,3.0,5.0,Y,7.0,Low,Low,Low,"October 30, 2016"
EMP4340,54.0,Female,It,System Admin,2.6,31118.71,30.0,0.0,Yes,7.5,10.0,1.0,10.0,5,6.0,45.0,5.0,5.0,No,8.0,Low,Low,Low,01-Feb-2019
EMP4134,40.0,Male,Hr,Hr Generalist,1.3,22779.39,52.0,16.0,No,6.6,9.0,1.0,8.0,6,7.0,8.0,2.0,5.0,N,8.0,Low,Low,Low,09-16-2017
EMP6709,24.0,Male,Hr,Hr Generalist,6.0,41124.42,40.0,0.0,Yes,7.1,9.0,1.0,10.0,3,6.0,29.0,1.0,5.0,No,6.0,Low,Low,Low,18/10/2024
EMP5679,28.0,Male,Sales,Business Development Executive,0.7,29325.63,45.0,0.0,No,8.5,10.0,1.0,9.0,6,7.0,12.0,3.0,5.0,No,8.0,Low,Low,Low, 
EMP4983,20.0,Female,Operations,Logistics Coordinator,2.5,32425.18,46.0,0.0,No,8.1,10.0,1.0,10.0,4,7.0,4.0,4.0,5.0,N,8.0,Low,Low,Low,"February 05, 2018"
EMP2542,50.0,Female,Hr,Recruiter,5.4,37622.14,50.0,13.0,N,7.2,8.0,2.0,8.0,7,7.0,7.0,2.0,5.0,Y,7.0,Low,Low,Low,"January 08, 2016"
EMP2901,31.0,Male,Research And Development,Support Team Lead,0.6,32425.18,58.0,30.0,Yes,7.2,8.0,1.0,7.0,7,7.0,13.0,3.0,5.0,Yes,5.0,Low,Low,Low,2025-07-21
EMP5598,34.0,Female,R&D,Data Scientist,1.1,35009.51,44.0,0.0,Yes,8.5,9.0,1.0,8.0,4,5.0,8.0,4.0,5.0,Y,9.0,Low,Low,Low,2021-01-18
EMP4880,24.0,Male,Hr,Seo Specialist,0.9,25751.4,43.0,2.0,No,9.0,9.0,1.0,8.0,10,7.0,11.0,1.0,5.0,N,9.0,Low,Low,Low,06-16-2017
EMP3199,45.0,Male,Finance,Auditor,1.0,31688.44,48.0,5.0,Yes,6.8,9.0,1.0,9.0,6,6.0,18.0,3.0,5.0,No,6.0,Low,Low,Low,08-May-2015
EMP4109,34.0,Female,Marketing,Support Team Lead,0.8,22184.06,37.0,4.0,No,6.8,10.0,1.0,10.0,,5.0,30.0,3.0,5.0,Yes,8.0,Low,Low,Low,02-Apr-2016
EMP2352,37.0,M,Finance,Auditor,1.4,23774.21,49.0,8.0,No,7.6,8.0,1.0,10.0,8,7.0,10.0,4.0,5.0,,8.0,Low,Low,Low,09-13-2019
EMP3289,32.0,Female,Customer Support,Support Team Lead,2.7,32425.18,42.0,0.0,Yes,9.0,9.0,1.0,10.0,8,7.0,10.0,4.0,5.0,Y,6.0,Low,Low,Low,2018-07-23
EMP5915,28.0,Male,R&D,Research Analyst,3.4,29679.78,57.0,24.0,N,7.0,7.0,2.0,9.0,6,7.0,6.0,3.0,5.0,No,8.0,Low,Low,Low,"July 08, 2021"
EMP2879,44.0,Male,It,It Support,1.7,30395.35,43.0,5.0,No,8.6,9.0,1.0,9.0,8,7.0,10.0,3.0,5.0,Y,9.0,Low,Low,Low,20/01/2021
EMP6240,22.0,Male,Operations,Logistics Coordinator,0.4,29542.12,45.0,-25.0,Yes,6.5,9.0,4.0,6.0,1,2.0,42.0,3.0,5.0,N,7.0,Medium,Moderate,Medium,2026/06/08
EMP2088,36.0,Other,It,System Admin,2.5,33399.88,49.0,13.0,No,7.6,8.0,1.0,9.0,9,9.0,17.0,4.0,5.0,No,7.0,Low,Low,Low,"August 24, 2025"
EMP3543,33.0,M,Administration,Front Desk Executive,0.1,21511.0,44.0,7.0,No,7.2,9.0,1.0,8.0,6,4.0,10.0,1.0,5.0,Y,8.0,Low,Low,Low,06-29-2022
EMP3008,47.0,,,R&D Engineer,6.6,35211.88,53.0,19.0,Yes,5.3,7.0,1.0,10.0,5,8.0,42.0,3.0,5.0,N,8.0,Low,Low,Low,2020/06/04
EMP3392,20.0,Male,Fiannce,Accountant,2.0,28277.36,62.0,33.0,No,5.0,7.0,3.0,6.0,3,3.0,10.0,5.0,5.0,No,7.0,,Low,Medium,06/06/2026
EMP5912,30.0,Male,Finance,Financial Analyst,0.7,20688.15,30.0,5.0,N,7.7,10.0,1.0,9.0,6,7.0,11.0,1.0,5.0,No,6.0,Low,Low,Low,2018-04-12
EMP1093,35.0,Female,Research And Development,Research Analyst,7.8,32425.18,45.0,21.0,No,6.9,8.0,1.0,7.0,6,7.0,4.0,4.0,5.0,N,6.0,Low,Low,Low,-
EMP1003,19.0,Male,Admin,Office Manager,2.0,40111.42,49.0,14.0,No,7.6,8.0,1.0,8.0,5,5.0,4.0,1.0,5.0,Yes,7.0,Low,Low,Low,2018-07-31
EMP5657,33.0,Male,Finance,Finance Manager,2.8,43693.25,49.0,12.0,Yes,7.8,6.0,2.0,9.0,4,5.0,4.0,1.0,5.0,No,7.0,Low,Low,Low,10-21-2020
EMP2989,28.0,Female,Admin,Fofice Manager,1.8,32425.18,41.0,0.0,N,6.8,9.0,1.0,10.0,6,6.0,5.0,7.0,5.0,No,8.0,Low,Low,Low,04-13-2015
EMP1649,20.0,Female,Sales,Business Development Executive,0.3,34066.79,45.0,23.0,Y,6.8,7.0,4.0,7.0,6,5.0,16.0,3.0,5.0,No,8.0,Low,Low,Low,"June 26, 2019"
EMP3185,40.0,Female,Hr,Hr Executive,2.9,25274.69,45.0,5.0,No,6.4,6.0,1.0,10.0,7,7.0,18.0,3.0,5.0,N,6.0,Low,Low,Low,26/07/2022
EMP3314,29.0,Female,Customer Support,Customer Success Manager,8.1,47935.88,36.0,5.0,Yes,7.7,10.0,3.0,7.0,2,6.0,3.0,1.0,5.0,N,7.0,Low,Low,Low,2019-08-25
EMP4293,35.0,Male,,Business Development Executive,1.1,27312.76,62.0,27.0,No,7.2,7.0,1.0,9.0,8,8.0,26.0,3.0,5.0,No,7.0,Low,Low,Low,04-Jul-2015
EMP1134,39.0,Male,R&D,R&D Engineer,6.1,44564.51,41.0,0.0,No,8.1,10.0,1.0,10.0,5,5.0,18.0,3.0,5.0,No,6.0,Low,Low,Low,28/10/2015
EMP3871,20.0,Female,Customer Support,-,2.0,31728.67,38.0,5.0,N,8.6,9.0,1.0,8.0,6,6.0,18.0,1.0,5.0,Y,6.0,Low,Low,Low,2023/10/18
EMP3170,40.0,Male,Administration,Support Team Lead,2.6,36398.98,45.0,16.0,No,7.7,9.0,1.0,9.0,7,8.0,14.0,4.0,5.0,Yes,6.0,Low,Low,Low,2022-01-20
EMP5608,42.0,Male,Admin,Support Team Lead,1.1,30914.49,49.0,20.0,N,6.7,9.0,1.0,10.0,6,6.0,7.0,3.0,5.0,No,9.0,Low,Low,Low,2016-05-27
EMP3000,37.0,Female,R&D,R&D Engineer,2.5,24765.02,45.0,0.0,Yes,6.8,10.0,1.0,9.0,3,4.0,-10.0,4.0,5.0,N,6.0,Low,Low,Low,"July 09, 2018"
 emp6354 ,31.0,Female,Operations,Logistics Coordinator,4.7,32149.09,50.0,19.0,No,5.6,8.0,1.0,10.0,7,6.0,10.0,3.0,5.0,Y,7.0,Low,Low,Low,09-Sep-2023
EMP2394,38.0,Male,Finance,Financial Analyst,2.5,40383.17,44.0,4.0,Y,8.2,9.0,3.0,10.0,5,5.0,4.0,4.0,5.0,N,7.0,Low,Low,Low,2017/10/13
EMP2891,49.0,Male,Admin,Front Desk Executive,1.1,32425.18,30.0,0.0,No,8.0,10.0,1.0,10.0,4,6.0,18.0,3.0,5.0,Yes,9.0,Low,Low,Low,09-10-2019
EMP6312,41.0,Male,Legal,Legal Counsel,10.9,33025.72,43.0,0.0,Y,6.2,10.0,1.0,9.0,3,5.0,9.0,1.0,5.0,Yes,7.0,Low,Low,Low,2017/12/09
EMP4866,44.0,Female,Customer Support,Support Team Lead,12.0,50312.21,44.0,0.0,Yes,7.9,10.0,1.0,9.0,6,6.0,9.0,7.0,5.0,No,8.0,Low,Low,Low,10-Dec-2023
EMP6110,22.0,Female,Customer Support,Support Team Lead,4.0,31518.2,44.0,12.0,No,7.2,9.0,-3.0,10.0,5,6.0,2.0,2.0,5.0,Y,8.0,Low,-,Low,"December 31, 2018"
EMP5939,44.0,Female,Marketing,Marketing Manager,0.6,31101.18,43.0,11.0,No,7.5,8.0,1.0,10.0,6,7.0,10.0,2.0,5.0,Yes,7.0,Low,Low,Low,16-Aug-2022
EMP5574,33.0,Female,Finance,Finance Manager,5.1,36579.46,46.0,12.0,No,5.4,9.0,2.0,8.0,3,6.0,6.0,2.0,4.0,No,7.0,Low,Low,Low,"November 13, 2024"
EMP6190,30.0,Female,Operations,Operations Manager,4.8,48143.59,47.0,7.0,No,6.3,10.0,2.0,6.0,6,5.0,15.0,4.0,5.0,No,7.0,Low,Low,Low,11-Dec-2022
EMP6678,31.0,Female,R&D,-,2.5,32028.23,39.0,0.0,,9.0,10.0,2.0,10.0,7,8.0,1.0,0.0,5.0,Yes,5.0,Low,Low,Low,2015-12-07
EMP1420,33.0,M,R&D,Data Scientist,1.0,33620.18,38.0,0.0,N,8.4,10.0,1.0,10.0,5,6.0,10.0,1.0,5.0,No,6.0,Low,Low,Low,2022-09-26
EMP1577,28.0,Male,Admin,Office Manager,0.9,37683.12,33.0,0.0,N,8.5,10.0,1.0,10.0,6,7.0,6.0,1.0,5.0,No,6.0,Low,Low,Low,03-05-2021
EMP3072,32.0,Female,Information Technology,System Admin,3.5,30808.6,30.0,0.0,No,7.4,9.0,1.0,10.0,5,5.0,2.0,2.0,5.0,Y,7.0,Low,Low,Low,09-12-2024
EMP1354,33.0,Other,Customer Support,Customer Success Manager,0.7,41531.42,55.0,22.0,Yes,6.5,8.0,1.0,10.0,6,7.0,6.0,3.0,5.0,No,6.0,Low,Low,Low,29/01/2015
EMP4350,33.0,Male,Operations,Operations Executive,0.2,23239.85,37.0,6.0,No,5.9,10.0,1.0,8.0,7,5.0,24.0,1.0,4.0,No,6.0,Low,Low,Low,"August 26, 2015"
EMP5504,33.0,Female,It,System Admin,3.5,30504.47,39.0,5.0,No,8.1,9.0,1.0,10.0,6,7.0,33.0,2.0,5.0,No,7.0,Low,Low,Low,"December 26, 2020"
EMP3435,37.0,,Admin,Front Desk Executive,2.5,26326.85,37.0,5.0,No,8.2,10.0,1.0,9.0,7,7.0,15.0,2.0,5.0,No,8.0,Low,Low,Low,12-12-2018
EMP5609,26.0,Female,Marketing,Marketing Executive,1.2,30168.64,43.0,9.0,Y,8.0,10.0,1.0,8.0,6,6.0,11.0,6.0,5.0,No,7.0,Low,Low,Low,01/04/2015
EMP1838,32.0,Female,Sales,Account Manager,4.5,40097.87,50.0,8.0,Yes,7.6,8.0,2.0,9.0,6,6.0,10.0,1.0,5.0,Yes,8.0,Low,Low,Low,01/12/2024
EMP5280,38.0,Female,Hr,,6.7,45331.16,37.0,6.0,No,8.7,10.0,1.0,8.0,1,6.0,0.0,5.0,5.0,Yes,7.0,Low,Low,Low,2024-06-16
EMP2445,45.0,Female,Finance,Finance Manager,2.5,37543.74,36.0,11.0,N,8.6,10.0,2.0,9.0,6,7.0,42.0,2.0,5.0,N,7.0,Low,Low,Low,10-05-2017
EMP1879,30.0,Male,R&D,R&D Engineer,12.0,36776.61,45.0,6.0,No,7.7,7.0,2.0,9.0,5,7.0,3.0,2.0,4.0,Yes,6.0,Low,Low,Low,2017/12/13
EMP2207,26.0,Male,Sales,Sales Executive,0.3,21240.31,34.0,0.0,Y,7.0,9.0,1.0,10.0,6,6.0,3.0,2.0,5.0,N,6.0,Low,Low,Low,"December 26, 2024"
EMP6451,33.0,Male,Hr,Operations Executive,0.4,33874.17,53.0,13.0,No,6.4,7.0,2.0,6.0,4,6.0,6.0,2.0,3.0,Y,6.0,Low,Low,Low,15-Feb-2015
EMP6378,41.0,Male,Hr,Legal Advisor,2.2,28177.04,41.0,0.0,Y,8.1,10.0,1.0,10.0,6,7.0,21.0,4.0,5.0,No,7.0,Low,Low,Low,29-Jan-2026
EMP4030,38.0,Female,Sales,Sales Manager,2.0,41251.25,48.0,13.0,No,7.0,9.0,1.0,9.0,4,5.0,8.0,3.0,4.0,N,6.0,Low,Low,Low,2015/01/25
EMP4512,24.0,Female,Customer Support,Support Executive,6.0,28517.92,47.0,3.0,N,8.0,8.0,2.0,10.0,5,6.0,10.0,1.0,5.0,No,7.0,Low,Low,Low,"February 22, 2016"
EMP4105,39.0,Female,Operations,Logistics Coordinator,0.5,23380.87,50.0,15.0,N,7.0,10.0,2.0,9.0,5,5.0,27.0,3.0,5.0,Yes,7.0,Low,Low,Low,07/01/2025
EMP3759,27.0,Male,Ops,Logistics Coordinator,0.2,22199.26,40.0,0.0,No,7.8,10.0,1.0,8.0,6,7.0,3.0,1.0,5.0,N,7.0,Low,Low,Low, 
EMP5356,36.0,Male,Administration,Admin Executive,14.8,46290.95,34.0,4.0,Y,8.1,8.0,1.0,10.0,5,6.0,14.0,4.0,5.0,Y,7.0,Low,Low,Low,04/12/2020
EMP6730,33.0,Male,Hr,Hr Manager,0.3,27460.14,50.0,10.0,Y,15.0,7.0,3.0,6.0,10,8.0,5.0,3.0,4.0,Yes,6.0,Low,Low,Low,02-Dec-2025
EMP1331,45.0,Other,,Support Team Lead,1.7,36880.59,39.0,0.0,Yes,7.9,9.0,3.0,8.0,8,5.0,7.0,2.0,5.0,No,8.0,Low,Low,Low,29/06/2021
EMP2863,28.0,Male,Hr,Recruiter,0.2,23586.1,47.0,5.0,No,6.7,9.0,1.0,10.0,9,7.0,18.0,5.0,5.0,No,7.0,Low,Low,Low,2025-11-17
EMP3509,27.0,Male,Admin,Office Manager,0.1,37667.9,46.0,11.0,No,6.0,9.0,1.0,10.0,10,8.0,19.0,3.0,4.0,Yes,8.0,Low,Low,Low,-
EMP5616,30.0,Male,Hr,Recruiter,4.1,31097.21,47.0,15.0,No,7.0,7.0,1.0,9.0,5,3.0,9.0,6.0,5.0,-,6.0,Low,Low,Low,07-Nov-2016
EMP3683,27.0,Female,Finance,Finance Manager,5.2,51061.21,45.0,10.0,N,6.0,8.0,1.0,9.0,6,6.0,24.0,1.0,4.0,Yes,7.0,Low,Low,Low,29/11/2015
EMP6002,41.0,Male,It,Support Team Lead,8.3,34244.66,37.0,1.0,N,8.5,10.0,1.0,10.0,9,9.0,6.0,0.0,5.0,N,7.0,Low,Low,Low,2016/04/02
EMP5288,48.0,Male,Customer Support,Customer Success Manager,5.0,51989.72,37.0,0.0,No,6.4,10.0,1.0,8.0,5,4.0,15.0,1.0,5.0,Yes,7.0,Low,Low,Low,-
EMP4084,25.0,Female,Marketing,Seo Specialist,0.2,25926.5,43.0,3.0,No,8.6,10.0,1.0,9.0,6,7.0,7.0,1.0,5.0,,7.0,Low,Low,Low,04/09/2024
EMP5784,26.0,Male,Hr,Sales Executive,0.0,20296.39,54.0,8.0,No,7.0,9.0,1.0,10.0,10,7.0,11.0,2.0,5.0,No,8.0,Low,Low,Low,06-Jul-2021
EMP6321,40.0,Female,Admin,Office Manager,4.6,41555.36,45.0,0.0,N,8.9,8.0,1.0,10.0,5,5.0,0.0,3.0,5.0,Yes,8.0,-,Low,Low,2024-09-17
EMP2470,20.0,Male,It,Software Engineer,2.0,28800.0,49.0,9.0,No,6.7,10.0,1.0,10.0,6,7.0,3.0,0.0,5.0,No,7.0,Low,Low,Low,07-Jun-2026
EMP2423,35.0,Male,Hr,Hr Generalist,2.6,31752.53,45.0,22.0,Yes,6.5,8.0,1.0,10.0,3,6.0,42.0,3.0,5.0,Y,6.0,Low,Low,Low,15/05/2024
EMP6675,35.0,Male,Sales,Business Development Executive,2.5,26388.93,43.0,5.0,Y,8.3,8.0,3.0,8.0,5,4.0,0.0,2.0,4.0,No,6.0,Low,Low,Low,09-22-2016
EMP6504,20.0,Male,Hr,Recruiter,2.0,32425.18,56.0,10.0,N,6.2,9.0,1.0,10.0,6,6.0,17.0,2.0,5.0,N,9.0,Low,Low,Low,"May 23, 2024"
EMP6921,36.0,Male,Customer Support,Support Team Lead,6.7,35003.21,47.0,6.0,Yes,6.9,10.0,1.0,9.0,6,8.0,12.0,2.0,5.0,,6.0,Low,Low,Low,03-29-2024
EMP2593,33.0,Female,R&D,R&D Engineer,0.4,26353.89,31.0,8.0,Yes,7.1,7.0,3.0,6.0,3,6.0,6.0,5.0,4.0,N,7.0,Low,Low,Low,14-Jul-2023
EMP5675,28.0,Male,R&D,R&D Engineer,1.8,31490.54,42.0,3.0,No,9.0,10.0,2.0,10.0,4,4.0,13.0,4.0,5.0,N,7.0,Low,Low,Low,27-May-2023
EMP2975,26.0,Female,Sales,Account Manager,4.8,43592.7,42.0,1.0,Yes,7.2,10.0,1.0,10.0,5,7.0,26.0,3.0,4.0,N,8.0,Low,Low,Low,05-24-2015
EMP6133,33.0,M,Sales,Sales Manager,9.4,52908.94,43.0,5.0,No,6.8,8.0,1.0,10.0,6,7.0,4.0,7.0,5.0,Yes,7.0,,Low,Low,"June 05, 2020"
EMP4423,37.0,Male,Sales,Business Development Executive,0.0,31040.31,52.0,13.0,Yes,7.7,9.0,1.0,10.0,8,5.0,29.0,4.0,5.0,Yes,8.0,Low,Low,Low, 
EMP4955,33.0,Female,Hr,Hr Manager,2.5,38131.41,38.0,0.0,No,7.7,9.0,2.0,10.0,7,6.0,10.0,4.0,5.0,N,7.0,Low,Low,Low,2021/01/09
EMP2743,43.0,Male,It,Qa Engineer,14.1,48892.47,45.0,1.0,N,7.4,10.0,2.0,7.0,4,6.0,13.0,2.0,4.0,N,7.0,Low,Low,Low,"May 13, 2016"
EMP1761,37.0,Male,Operations,Logistics Coordinator,2.6,24303.43,35.0,0.0,No,7.4,10.0,1.0,9.0,3,7.0,1.0,6.0,5.0,No,8.0,Low,Low,Low,"September 20, 2022"
EMP1020,40.0,Female,Marketing,Content Strategist,2.5,29166.47,63.0,26.0,N,4.9,8.0,1.0,10.0,5,4.0,34.0,4.0,4.0,,7.0,Low,Low,Medium,2021-09-10
EMP4021,25.0,Female,Operations,Support Team Lead,1.9,33273.54,46.0,11.0,N,8.5,9.0,1.0,10.0,8,6.0,14.0,3.0,5.0,Y,7.0,Low,Low,Low,2018/12/22
EMP1379,20.0,F,Legal,Support Team Lead,2.0,27052.41,41.0,0.0,No,6.4,10.0,1.0,10.0,3,6.0,20.0,1.0,5.0,N,7.0,Low,Low,Low,2016-08-31
EMP4347,30.0,Male,R&D,R&D Engineer,12.0,51408.83,37.0,5.0,N,6.7,9.0,1.0,7.0,6,6.0,5.0,3.0,5.0,No,9.0,Low, ,Low,2023/12/01
EMP1186,28.0,Female,Sales,Sales Mangaer,0.0,37386.29,44.0,5.0,Y,6.2,9.0,1.0,8.0,4,5.0,10.0,6.0,5.0,Yes,7.0,Low,Low,Low,2024/06/10
EMP4881,35.0,Male,Customer Support,Customer Success Manager,3.8,43637.06,45.0,5.0,Yes,7.4,10.0,1.0,10.0,8,7.0,6.0,4.0,5.0,Y,8.0,Low,Low,Low,16-Feb-2022
EMP3413,29.0,Male,Operations,Logistics Coordinator,3.9,30775.41,38.0,0.0,No,5.0,10.0,1.0,8.0,9,6.0,2.0,3.0,5.0,Yes,8.0,Low,Low,Low,05-25-2020
EMP3925,31.0,Female,Human Resources,Hr Generalist,2.7,27033.07,37.0,0.0,Yes,7.8,10.0,1.0,9.0,3,4.0,15.0,0.0,4.0,No,6.0,Low,Low,Low,"September 10, 2018"
EMP2794,36.0,Female,Finance,Auditor,5.2,29854.95,57.0,20.0,N,8.0,9.0,2.0,8.0,7,6.0,29.0,3.0,5.0,No,8.0,Low,Low,Low,"July 25, 2021"
EMP4809,35.0,Male,Legal,Compliance Officer,0.2,32425.18,47.0,5.0,N,7.4,9.0,1.0,10.0,6,6.0,34.0,5.0,5.0,N,6.0,Low,Low,Low,08/01/2019
EMP2388,33.0,Male,Sales,Business Development Executive,1.6,32425.18,45.0,-4.0,No,8.5,10.0,1.0,10.0,8,7.0,19.0,3.0,5.0,Y,8.0,Low,Low,Low,09-Oct-2019
EMP4133,53.0,M,Sales,Business Development Executive,5.3,26172.96,43.0,6.0,,8.4,10.0,1.0,8.0,7,6.0,16.0,3.0,5.0,N,8.0,Low,Low,Low,-
EMP3217,30.0,Male,Research And Development,Research Analyst,2.7,36591.82,45.0,8.0,No,8.0,9.0,1.0,10.0,4,6.0,80.0,-4.0,5.0,N,7.0,Low,Low,Low,15-Jun-2021
EMP5435,41.0,Female,R&D,Research Analyst,5.7,36971.42,39.0,0.0,Yes,7.3,9.0,1.0,9.0,5,7.0,33.0,3.0,3.0,-,5.0,Low,Low,Low,"December 01, 2017"
EMP5411,31.0,Female,Legal,Legal Counsel,3.2,30224.19,50.0,17.0,Yes,6.1,9.0,3.0,9.0,4,4.0,2.0,5.0,5.0,Y,7.0,Low,Low,Medium,06/09/2019
EMP1977,39.0,Male,It,Software Engineer,2.5,40202.62,45.0,8.0,Y,5.8,9.0,3.0,7.0,3,6.0,33.0,3.0,5.0,N,8.0,Low,Low,Low,14-Aug-2020
EMP4668,34.0,Male,Marketing,Marketing Executive,3.6,30598.53,56.0,26.0,No,6.1,8.0,1.0,10.0,7,5.0,3.0,1.0,5.0,No,9.0,Low,Low,Low,2015-10-02
EMP1666,33.0,-,Legal,Compliance Officer,2.1,26422.68,45.0,0.0,No,7.4,10.0,1.0,9.0,10,9.0,24.0,2.0,4.0,Yes,6.0,Low,Low,Low,2019/04/27
EMP5044,46.0,Male,R&D,Data Scientist,4.4,32425.18,41.0,5.0,Yes,-11.53699930053244,10.0,1.0,8.0,5,5.0,15.0,1.0,5.0,N,7.0,Low,Low,Low,"October 12, 2019"
EMP2928,33.0,Male,Hr,Support Team Lead,2.5,55143.35,45.0,0.0,No,7.1,10.0,1.0,8.0,10,7.0,2.0,4.0,5.0,N,6.0,Low,Low,Low,06-16-2016
EMP4819,45.0,Female,Hr,Hr Exceutive,2.5,39609.23,47.0,14.0,No,6.4,9.0,3.0,9.0,6,6.0,25.0,5.0,4.0,N,6.0,Low,Low,Low,06-04-2020
EMP5601,26.0,Female,Finance,Auditor,8.0,45142.6,46.0,3.0,No,7.7,9.0,1.0,8.0,3,4.0,10.0,5.0,5.0,N,7.0,Low,Low,Low,01/12/2022
EMP1933,41.0,Male,Marketting,Marketing Manager,3.6,43593.31,41.0,1.0,No,7.1,10.0,1.0,8.0,8,9.0,3.0,4.0,5.0,No,8.0,Low, ,Low,2017/01/01
EMP5392,39.0,Female,Marketing,Marketing Executive,0.6,29655.48,40.0,2.0,No,6.8,9.0,1.0,7.0,6,8.0,34.0,5.0,5.0,N,7.0,Low,Low,Low,2020-02-24
EMP4550,40.0,Female,Hr,Hr Generalsit,2.9,30109.29,38.0,0.0,Yes,6.6,10.0,1.0,10.0,3,5.0,12.0,3.0,5.0,Y,7.0,Low,Low,Low,07-Oct-2021
EMP4101,20.0,Female,Admin,Front Desk Executive,1.9,23439.47,44.0,0.0,No,7.1,10.0,1.0,9.0,6,7.0,15.0,0.0,5.0,No,6.0,Low,Low,Low,30-Aug-2024
EMP3792,33.0,Male,H.R.,Hr Executive,5.2,27814.81,49.0,14.0,Yes,6.5,9.0,1.0,10.0,8,7.0,11.0,2.0,5.0,No,6.0,Low,Low,Low,07-05-2025
EMP1092,33.0,Female,Cust. Support,Support Team Lead,6.0,52489.12,40.0,0.0,No,7.2,9.0,1.0,9.0,4,8.0,5.0,0.0,5.0,No,7.0,Low,Low,Low,2020-08-28
EMP6179,46.0,Male,R&D,Data Scientist,0.6,37753.81,38.0,0.0,No,7.8,10.0,1.0,9.0,6,6.0,10.0,4.0,5.0,Yes,5.0,Low,Low,Low,01-06-2026
EMP3809,29.0,Male,Customer Support,Support Team Lead,3.9,42948.25,48.0,10.0,No,7.1,9.0,1.0,9.0,8,7.0,9.0,3.0,5.0,No,7.0,Low,Low,Low,09/12/2015
EMP2126,30.0,Female,Legal,Legal Advisor,7.4,39161.38,38.0,0.0,No,7.5,10.0,1.0,6.0,5,7.0,3.0,4.0,4.0,Yes,8.0,Low,Low,Low,-
EMP2625,34.0,Female,Marketing,Content Strategist,3.0,32425.18,37.0,5.0,-,7.1,8.0,1.0,9.0,7,7.0,9.0,3.0,5.0,Yes,7.0,Low,Low,Low,08-11-2024
EMP3872,32.0,Female,R&D,Data Scientist,8.2,51118.09,41.0,0.0,N,7.4,10.0,2.0,10.0,4,8.0,21.0,3.0,5.0,-,8.0,Low,Low,Low,2030-06-01
EMP5768,20.0,Male,R&D,Support Team Lead,2.0,26641.83,49.0,22.0,No,6.0,7.0,3.0,10.0,7,6.0,9.0,2.0,5.0,N,7.0,Low,Low,Low,10-19-2023
EMP5536,27.0,Female,Legal,Compliance Officer,9.0,38827.59,50.0,8.0,No,7.3,9.0,2.0,7.0,5,5.0,13.0,4.0,5.0,No,7.0,Low,Low,Low,13-Apr-2024
EMP5238,23.0,Female,Operations,Logistics Coordinator,5.0,32425.18,34.0,0.0,Yes,7.2,9.0,1.0,9.0,7,7.0,2.0,4.0,5.0,No,7.0,Low,Low,Low,05-Feb-2024
EMP1111,41.0,Male,Legal,Compliance Officer,16.6,51078.37,45.0,17.0,No,8.4,7.0,1.0,10.0,3,6.0,2.0,2.0,5.0,No,8.0,Low,Low,Low,2021/11/16
EMP1157,25.0,Male,It,Devops Engineer,0.8,26667.92,30.0,0.0,No,7.1,9.0,1.0,10.0,7,8.0,45.0,3.0,5.0,N,7.0,Low,Low,Low,2020-05-26
EMP3805,25.0,Female,R&D,Research Analyst,1.0,28794.66,45.0,4.0,Y,7.3,10.0,4.0,9.0,8,5.0,13.0,1.0,5.0,No,7.0,Low,Low,Low,2017/01/31
EMP2752,37.0,Male,Legal,Legal Advisor,4.4,35526.82,45.0,7.0,N,7.0,9.0,1.0,8.0,7,6.0,23.0,3.0,5.0,Yes,6.0,Low,Low,Low,2017-03-30
EMP4153,27.0,Male,Hr,Marketing Executive,9.0,49190.37,43.0,15.0,No,6.4,8.0,2.0,8.0,5,7.0,39.0,6.0,5.0,No,6.0,Low,Low,Low,07-Jun-2023
EMP3310,56.0,Female,Operations,Logistics Coordinator,8.6,33976.84,49.0,7.0,No,6.9,9.0,1.0,10.0,,5.0,33.0,2.0,5.0,Y,7.0,Low,Low,Low,23-Jun-2026
EMP6186,47.0,Male,Admin,Admin Executive,6.5,37564.46,47.0,4.0,N,6.9,10.0,3.0,6.0,6,6.0,10.0,2.0,4.0,N,6.0,,Low,Low,-
EMP5107,33.0,Male,Finance,Auditor,14.5,45023.97,36.0,0.0,No,7.6,10.0,2.0,10.0,5,5.0,10.0,3.0,5.0,No,7.0,Low,Low,Low,20-Nov-2023
EMP1961,33.0,-,Legal,Legal Advisor,3.3,22732.39,50.0,16.0,No,7.7,9.0,1.0,9.0,8,6.0,31.0,3.0,5.0,No,7.0,Low,Low,Low,23/08/2025
EMP4401,20.0,Male,-,Logistics Coordinator,1.7,26923.52,44.0,0.0,Yes,7.5,10.0,1.0,10.0,9,10.0,6.0,3.0,4.0,Yes,8.0,Low,Low,Low,29/01/2024
EMP1641,33.0,Female,H.R.,Hr Manager,0.3,49478.89,50.0,17.0,No,7.2,8.0,1.0,9.0,9,7.0,7.0,4.0,5.0,Yes,7.0,Low,Low,Low,2023-09-09
EMP6102,25.0,Male,Hr,Hr Generalist,3.1,27427.49,42.0,13.0,,7.2,8.0,1.0,10.0,6,8.0,22.0,1.0,5.0,No,9.0,Low,Low,Low,02/11/2017
EMP2277,44.0,Male,Customer Support,Support Team Lead,0.3,49550.94,46.0,12.0,Y,6.8,9.0,1.0,8.0,7,7.0,10.0,6.0,5.0,No,9.0,Low,Low,Low,-
EMP3096,34.0,Male,Hr,Support Team Lead,2.3,21201.49,61.0,23.0,Yes,6.8,7.0,1.0,10.0,9,9.0,3.0,2.0,5.0,Yes,8.0,Low,Low,Low,"October 22, 2018"
EMP1550,35.0,Male,Sales,Account Manager,1.7,42764.57,46.0,8.0,N,5.8,9.0,4.0,9.0,1,4.0,3.0,4.0,3.0,Y,6.0,Low,Low,Medium,09/01/2021
EMP3463,34.0,Male,Marketing,-,2.1,28066.71,45.0,2.0,No,7.8,9.0,1.0,7.0,5,5.0,14.0,5.0,5.0,Yes,7.0,-,Low,Low,"May 06, 2019"
EMP2444,20.0,Male,Sales,Sales Manager,2.0,33753.22,35.0,0.0,No,8.0,9.0,1.0,8.0,4,7.0,3.0,3.0,5.0,N,5.0,Low,Low,Low,2023-08-08
EMP5936,33.0,Male,Hr,Recruiter,4.7,32425.18,58.0,23.0,N,6.9,7.0,1.0,9.0,7,8.0,45.0,2.0,5.0,N,6.0,Low,Low,Low,25/08/2018
EMP5933,40.0,Female,Hr,Hr Executive,8.0,40451.04,38.0,0.0,No,7.9,10.0,1.0,10.0,9,7.0,18.0,6.0,5.0,Yes,9.0,Low,Low,Low,-
EMP3775,33.0,Female,Sales,Business Development Executive,3.2,27475.52,52.0,18.0,No,5.6,9.0,20.0,10.0,4,5.0,4.0,3.0,5.0,No,7.0,Low,Low,Low,27/06/2020
EMP1531,33.0,F,R&D,Data Scientist,2.3,44544.91,35.0,0.0,Yes,8.0,10.0,1.0,10.0,2,5.0,11.0,3.0,5.0,No,6.0,Low,Low,Low,2023-01-02
EMP3957,31.0,Male,Finance,Accountant,0.9,21960.19,57.0,15.0,No,6.8,8.0,2.0,10.0,7,6.0,2.0,3.0,4.0,Yes,6.0,Low,Low,Low,28/08/2023
EMP4816,33.0,Male,Legal,Compliance Officer,6.4,35316.63,58.0,24.0,N,5.3,9.0,15.0,9.0,7,6.0,55.0,3.0,5.0,No,7.0,Low,Low,Low,2023/05/24
EMP4341,34.0,Male,Sales,Business Development Executive,0.8,32813.8,46.0,1.0,No,7.5,9.0,1.0,9.0,5,7.0,9.0,2.0,5.0,No,6.0,Low,Low,Low,13-Jul-2016
EMP2757,20.0,Male,Hr,,2.0,30109.11,45.0,5.0,N,6.6,10.0,1.0,10.0,6,7.0,29.0,3.0,5.0,No,7.0,Low,Low,Low,23/09/2019
EMP1914,39.0,Female,Marketing,Content Strategist,10.7,34000.51,47.0,-4.0,No,7.9,8.0,1.0,9.0,9,8.0,24.0,3.0,5.0,N,7.0,Low,Low,Low,2020/06/28
EMP5513,26.0,Male,Hr,,3.5,25405.26,45.0,0.0,Yes,6.5,10.0,1.0,10.0,6,6.0,74.0,2.0,5.0,N,8.0,Low,Low,Low,2018/04/09
EMP2073,35.0,Male,Operations,Operations Executiev,6.6,34462.57,30.0,13.0,No,7.2,8.0,3.0,9.0,8,6.0,22.0,2.0,5.0,Yes,6.0,Low,Low,Low,03-23-2018
EMP6001,34.0,,R&D,Data Scientist,2.5,35681.89,37.0,1.0,Yes,7.6,9.0,1.0,8.0,6,9.0,0.0,1.0,5.0,No,7.0,Low,Low,Low,14-May-2025
EMP6519,31.0,Female,Operations,Logistics Coordinator,10.3,39741.34,45.0,6.0,No,6.4,10.0,1.0,8.0,6,6.0,8.0,1.0,5.0,No,6.0,Low,Low,Low,12-18-2021
EMP2400,42.0,Female,Finance,Auditor,2.5,33530.76,37.0,0.0,No,7.3,9.0,1.0,10.0,6,5.0,3.0,5.0,5.0,Yes,8.0,Low,Low,Low,19/02/2015
EMP5101,37.0,Female,It,Qa Engineer,-3.001404999284054,21907.44,58.0,15.0,No,8.0,9.0,1.0,8.0,8,6.0,24.0,2.0,5.0,No,6.0,Low,Low,Low,15/02/2018
EMP4409,44.0,Female,Hr,Recruiter,2.1,30395.78,41.0,0.0,No,6.6,10.0,1.0,8.0,4,4.0,27.0,6.0,5.0,No,9.0,Low,Low,Low,01/06/2030
EMP6343,20.0,Female,Marketing,Support Team Lead,2.0,27990.7,31.0,1.0,No,5.7,10.0,2.0,10.0,7,6.0,10.0,4.0,5.0,No,6.0,Low,Low,Low,18/04/2020
EMP1957,33.0,Male,Legal,Support Team Lead,13.4,43010.71,45.0,11.0,Yes,8.1,10.0,1.0,9.0,,6.0,22.0,1.0,5.0,Y,10.0,Low,Low,Low,-
EMP2119,35.0,Male,It,It Support,1.4,28221.73,50.0,12.0,Yes,7.3,8.0,3.0,7.0,2,4.0,20.0,3.0,5.0,N,8.0,Low,Low,Medium,07-15-2022
EMP2938,27.0,Male,Admin,Office Manager,6.2,50278.21,43.0,7.0,Yes,7.5,10.0,1.0,10.0,6,4.0,15.0,1.0,5.0,-,7.0,Low,Low,Low,01-31-2025
EMP6315,46.0,,Operations,Operations Manager,3.7,36459.97,45.0,4.0,No,6.4,10.0,3.0,9.0,4,5.0,8.0,7.0,5.0,N,7.0,Low,Low,Low,17/05/2017
EMP5085,37.0,Female,Sales,Account Manager,2.3,39695.06,41.0,1.0,Yes,7.8,9.0,1.0,6.0,9,7.0,10.0,6.0,5.0,No,7.0,Low,Low,Low,2015-01-06
EMP6203,40.0,Male,Admin,Support Team Lead,1.6,28105.28,41.0,3.0,N,6.8,10.0,2.0,8.0,6,6.0,35.0,3.0,5.0,No,8.0,Low,Low,Low,08-02-2021
EMP3380,49.0,Male,Hr,Operations Manager,3.8,50897.15,54.0,22.0,No,7.0,8.0,3.0,7.0,6,6.0,6.0,5.0,4.0,N,7.0,Low,Low,Low,31/01/2018
EMP1008,42.0,-,Marketing,Marketing Executive,10.0,39365.46,36.0,0.0,No,7.1,10.0,1.0,10.0,6,7.0,14.0,0.0,5.0,N,9.0,Low,Low,-,2023/07/11
EMP3766,29.0,Male,Finance,Accountant,1.2,24865.72,45.0,4.0,No,6.6,7.0,1.0,10.0,8,7.0,8.0,1.0,5.0,N,8.0,Low,Low,Low,06/08/2017
EMP4400,27.0,Male,Finance,Ifnancial Analyst,0.5,25126.31,51.0,12.0,N,7.5,7.0,1.0,10.0,4,6.0,0.0,3.0,5.0,Yes,7.0,Low,Low,Low,"July 16, 2025"
EMP5175,39.0,Male,R&D,Data Scientist,1.9,35855.58,45.0,7.0,Yes,7.2,10.0,1.0,10.0,4,5.0,33.0,2.0,5.0,Yes,6.0,Low,Low,Low,01/11/2015
EMP6386,27.0,Female,Hr,Operations Executive,1.6,27338.14,34.0,0.0,Yes,6.9,10.0,1.0,8.0,10,8.0,9.0,4.0,5.0,No,8.0,Low,Low,Low,-
EMP1198,40.0,Female,Hr,Support Team Lead,7.8,54992.63,38.0,0.0,N,7.1,8.0,2.0,8.0,8,7.0,17.0,3.0,5.0,N,6.0,Low,Low,Low,2024-06-26
EMP3227,31.0,Male,Hr,Content Strategist,1.9,31818.42,43.0,1.0,Yes,7.9,10.0,1.0,10.0,8,8.0,18.0,1.0,5.0,No,6.0,Low,Low,Low,2020-02-03
EMP4771,41.0,Male,Customer Support,Customer Success Manager,2.7,50647.29,53.0,18.0,No,7.2,9.0,1.0,9.0,6,6.0,77.0,1.0,5.0,No,8.0,Low,Low,Low,23-Apr-2020
EMP2931,39.0,Male,Legal,Compliance Officer,1.9,30720.94,39.0,0.0,Y,6.7,10.0,1.0,9.0,9,9.0,63.0,3.0,4.0,N,7.0,Low,Low,Low,"December 06, 2016"
EMP3408,43.0,Male,Fiannce,Finance Manager,7.0,46651.0,37.0,0.0,No,6.3,10.0,1.0,10.0,8,8.0,22.0,2.0,5.0,No,7.0,Low,Low,Low,-
EMP6865,24.0,Female,Hr,Support Team Lead,1.0,27749.01,41.0,5.0,No,7.2,9.0,1.0,10.0,6,7.0,4.0,5.0,5.0,Y,8.0,Low,Low,Low,"May 04, 2019"
EMP5793,25.0,Female,Finance,Finance Manager,7.0,44833.92,39.0,7.0,Y,8.6,9.0,1.0,9.0,9,8.0,3.0,4.0,5.0,No,7.0,-,Low,Low,04-19-2026
EMP4286,37.0,Male,It,Devops Engineer,2.1,23862.79,55.0,17.0,No,7.5,9.0,1.0,10.0,6,7.0,4.0,2.0,5.0,No,7.0,Low,Low,-,2024-03-10
EMP5532,21.0,Male,It,Support Team Lead,3.0,28725.62,49.0,10.0,No,6.7,9.0,2.0,9.0,9,8.0,6.0,0.0,5.0,No,7.0,Low,Low,-,01-27-2016
EMP2182,33.0,Male,R&D,-,5.2,39456.65,52.0,11.0,No,6.1,9.0,1.0,8.0,5,5.0,10.0,4.0,5.0,Yes,7.0,Low,Low,Low,02-17-2015
EMP1450,37.0,Female,Hr,Hr Manager,2.5,34089.94,51.0,15.0,Yes,5.9,9.0,3.0,8.0,6,5.0,5.0,2.0,5.0,Yes,7.0,Low,Low,Medium,2020-07-20
EMP3975,34.0,Male,Research And Development,Research Analyst,5.7,32664.58,30.0,2.0,No,7.9,9.0,1.0,10.0,3,5.0,1.0,2.0,5.0,No,8.0,Low,Low,Low,2015/07/11
EMP4711,33.0,Male,Legal,Legal Counsel,5.4,31002.68,50.0,11.0,No,6.9,8.0,1.0,9.0,5,5.0,4.0,2.0,5.0,N,7.0,Low,Low,Low,"February 18, 2015"
EMP1031,33.0,F,Admin,Front Desk Executive,2.0,27728.08,47.0,3.0,N,7.5,8.0,2.0,8.0,9,7.0,28.0,5.0,5.0,No,7.0,Low,Low,Low,02-17-2024
EMP1981,31.0,Female,Sales,Business Development Executive,0.1,24483.03,54.0,17.0,No,6.8,8.0,2.0,10.0,3,6.0,21.0,2.0,5.0,No,6.0,High!,Low,Low,10-24-2025
EMP3085,33.0,Male,Finance,Financial Analyst,1.7,20861.36,47.0,6.0,No,8.1,9.0,1.0,10.0,6,6.0,10.0,5.0,5.0,Yes,7.0,Low,Low,Low,"September 22, 2020"
EMP6795,20.0,Male,Customer Support,Customer Success Manager,2.0,34088.7,54.0,10.0,No,6.2,8.0,1.0,9.0,5,6.0,33.0,2.0,5.0,Yes,6.0,Low,Low,Low,2015/09/28
EMP2496,33.0,Female,Marketing,Marketing Executive,1.2,22251.28,35.0,0.0,No,7.4,10.0,1.0,9.0,7,6.0,10.0,4.0,5.0,No,6.0,Low,Low,Low,2017-11-01
EMP2278,28.0,Female,Hr,Recruiter,1.2,21192.26,52.0,5.0,N,8.1,9.0,1.0,9.0,6,7.0,6.0,5.0,5.0,Yes,6.0,Low,Low,Low,01/07/2020
EMP5863,20.0,Female,Finance,Finance Manager,2.0,43530.34,38.0,0.0,No,7.1,10.0,1.0,10.0,5,6.0,5.0,3.0,5.0,Yes,8.0,Low,Low,Low,05-23-2022
EMP4878,27.0,Female,Finance,Finance Manager,2.3,46547.11,45.0,5.0,N,7.8,10.0,1.0,10.0,6,6.0,32.0,4.0,5.0,Yes,7.0,Low,Low,Low,2024/09/19
EMP6207,33.0,Female,Operations,Logistics Coordinator,0.2,27983.86,45.0,0.0,Y,7.4,10.0,1.0,8.0,3,6.0,5.0,3.0,5.0,Yes,7.0,Low,-,,"August 20, 2017"
EMP2842,45.0,Male,Sales,Account Manager,2.5,34959.87,35.0,0.0,No,6.1,10.0,1.0,8.0,5,7.0,25.0,2.0,5.0,No,7.0,Low,Low,Low,10-Mar-2022
EMP3479,32.0,Male,Admin,Support Team Lead,0.1,36591.8,61.0,33.0,No,7.2,6.0,1.0,9.0,7,7.0,10.0,3.0,5.0,No,6.0,Medium,Low,Low,04-Apr-2017
EMP2079,33.0,Male,Marketing,Marketing Executive,2.5,22801.75,46.0,10.0,No,6.6,10.0,2.0,9.0,9,7.0,2.0,4.0,4.0,Yes,7.0,Low,Low,Low,"November 20, 2017"
EMP6264,21.0,Male,Human Resources,Hr Generalist,3.0,31042.7,47.0,7.0,Yes,7.3,10.0,1.0,10.0,3,6.0,1.0,2.0,5.0,Y,7.0,Low,Low,Low,2018-04-06
EMP3041,30.0,Female,Finance,Finance Manager,2.9,42659.92,39.0,0.0,Yes,7.2,9.0,1.0,9.0,6,8.0,5.0,0.0,5.0,No,7.0,Low,Low,Low,2021/12/04
EMP6103,33.0,M,Operations,Operations Manager,2.5,49129.44,44.0,-9.0,-,6.9,9.0,1.0,9.0,6,6.0,10.0,3.0,5.0,Yes,7.0,Low,Low,Low,2018-08-30
EMP1478,44.0,Male,Marketting,Marketing Executive,1.2,28073.89,35.0,3.0,No,20.0,10.0,1.0,8.0,6,7.0,12.0,2.0,5.0,Yes,6.0,Low,Low,Low,2018-06-26
EMP1839,34.0,Female,R&D,Research Analyst,1.7,28009.9,47.0,8.0,No,8.2,10.0,1.0,9.0,7,7.0,10.0,2.0,5.0,Yes,7.0,Low,Low,Low,05-21-2023
EMP2636,23.0,Male,Operations,Operations Manager,5.0,50267.45,30.0,1.0,No,7.2,10.0,2.0,8.0,6,7.0,14.0,3.0,5.0,No,8.0,Low,Low,Very High,14-Jul-2022
EMP1617,33.0,Male,R&D,R&D Engineer,2.5,33880.51,51.0,19.0,N,7.1,5.0,3.0,7.0,4,5.0,12.0,3.0,5.0,No,5.0,Low,Low,Medium,22/09/2025
EMP5431,33.0,Female,Customer Support,Customer Success Manager,0.5,38837.18,41.0,0.0,No,7.9,10.0,1.0,10.0,7,5.0,0.0,1.0,5.0,Y,9.0,Low,Low,Low,2021-03-29
EMP1216,33.0,Male,It,System Admin,3.5,30353.85,30.0,0.0,N,8.3,9.0,2.0,10.0,6,6.0,8.0,4.0,4.0,No,5.0,Low,Low,Low,-
EMP2623,34.0,Female,Customersupport,Support Team Lead,4.3,44881.38,33.0,0.0,Yes,8.2,10.0,1.0,7.0,7,7.0,14.0,1.0,4.0,Yes,7.0,Low,Low,Low,2027-03-15
EMP6685,33.0,Male,Admin,Admin Executive,4.3,31831.15,44.0,7.0,N,7.1,10.0,1.0,10.0,6,6.0,10.0,5.0,5.0,Y,7.0,Low,Low,,08-May-2021
EMP5193,32.0,Female,Finance,Accountant,2.6,28756.83,44.0,7.0,No,7.5,10.0,1.0,8.0,4,5.0,31.0,3.0,5.0,No,6.0,Low,Low,Low,-
EMP5261,33.0,Male,H.R.,Recruiter,2.0,27762.17,46.0,5.0,No,6.6,10.0,2.0,9.0,6,6.0,42.0,5.0,5.0,N,6.0,Low,Low,Low,2024-07-01
EMP3230,34.0,Male,Customersupport,Support Executive,6.3,38661.29,40.0,1.0,N,7.8,10.0,1.0,10.0,7,6.0,51.0,3.0,5.0,Yes,8.0,Low,Low,Low,2019/11/13
EMP5345,34.0,Female,Sales,Sales Manager,3.7,32425.18,45.0,3.0,N,8.1,10.0,1.0,7.0,5,5.0,11.0,4.0,5.0,Yes,7.0,Low,Low,Low,2021-06-22
EMP1146,45.0,Male,Legal,Legal Counsel,7.0,37440.79,45.0,5.0,No,8.6,10.0,2.0,10.0,2,5.0,15.0,2.0,4.0,N,6.0,Low,Low,Low,03-26-2019
EMP2563,41.0,Female,Sales,Sales Execuitve,1.4,29200.0,45.0,14.0,No,6.2,9.0,1.0,8.0,3,6.0,17.0,2.0,5.0,No,7.0,Low,Low,Low,27/11/2016
EMP3740,35.0,Female,Finance,Accountant,2.0,30300.71,45.0,0.0,N,7.2,10.0,1.0,9.0,6,6.0,10.0,1.0,4.0,No,7.0,Low,Low,Low,"April 24, 2017"
EMP3537,28.0,Male,Hr,Operations Manager,4.9,54629.32,37.0,4.0,No,7.2,9.0,1.0,10.0,5,6.0,12.0,4.0,5.0,Yes,8.0,Low,Low,Low,06/10/2019
EMP6953,36.0,Female,Hr,Hr Generalist,3.3,32425.18,33.0,6.0,No,7.2,9.0,2.0,10.0,4,4.0,8.0,1.0,5.0,No,6.0,Low,Low,Low,2016/07/19
EMP1015,46.0,F,Hr,Support Team Lead,3.0,37026.88,36.0,5.0,Y,7.6,10.0,2.0,9.0,3,4.0,47.0,4.0,5.0,No,8.0,Low,Low,Low,2026-06-06
EMP4468,25.0,Female,Legal,Compliance Officer,7.0,39879.5,45.0,3.0,No,6.7,10.0,2.0,9.0,6,5.0,2.0,2.0,5.0,N,7.0,Low,Low,Low,2015/01/10
EMP4958,27.0,-,-,Data Scientist,1.7,43201.5,59.0,25.0,Yes,6.3,9.0,2.0,6.0,2,6.0,56.0,5.0,4.0,,8.0,Low,Low,Low,10-29-2021
EMP3549,49.0,Female,Marketing,Seo Specialist,5.7,30981.69,43.0,0.0,Yes,8.2,10.0,1.0,8.0,4,7.0,23.0,3.0,5.0,No,9.0,Low,Low,Low,10-18-2017
EMP3455,40.0,Male,Marketing,Seo Specialist,2.5,34299.66,35.0,0.0,No,6.9,9.0,1.0,10.0,5,8.0,8.0,0.0,5.0,N,9.0,Low,Low,Low,28-Nov-2015
EMP5180,36.0,Female,,Hr Generalist,0.2,25329.06,50.0,27.0,Yes,6.9,6.0,2.0,9.0,7,6.0,44.0,0.0,5.0,N,7.0,Low,Low,Low,-
EMP4261,36.0,Female,Information Technology,Devops Engineer,4.1,33222.42,45.0,1.0,No,7.7,9.0,1.0,8.0,6,6.0,12.0,4.0,5.0,Y,8.0,Low,Low,Low,08-23-2021
EMP6121,33.0,Male,Legal,Compilance Officer,2.0,25887.5,43.0,0.0,Yes,8.5,8.0,1.0,9.0,7,7.0,14.0,7.0,5.0,Y,8.0,,Low,Low,"July 18, 2023"
EMP1128,33.0,Male,R&D,Data Scientist,0.6,42137.19,51.0,20.0,Yes,6.6,6.0,3.0,7.0,6,6.0,4.0,2.0,5.0,No,7.0,Low,Low,Low,02-08-2021
EMP5852,20.0,Female,Sales,Business Development Executive,0.4,29798.7,38.0,4.0,No,7.6,9.0,1.0,9.0,6,7.0,25.0,3.0,5.0,Yes,7.0,Low,Low,Low,28/08/2016
EMP1718,28.0,Male,Marketing,Marketing Manager,0.6,40766.6,50.0,5.0,No,6.5,8.0,1.0,10.0,6,7.0,6.0,3.0,5.0,No,9.0,Low,Low,Low,2016-11-17
EMP1321,37.0,Male,Operations,Logistics Coordinator,2.5,44880.84,52.0,21.0,No,7.2,8.0,3.0,9.0,6,5.0,20.0,7.0,5.0,No,6.0,Low,Low,Low,2021-02-18
EMP4552,31.0,Male,Hr,Recruiter,2.5,32425.18,41.0,2.0,Y,6.4,9.0,1.0,10.0,7,7.0,7.0,1.0,5.0,No,7.0,Low,Low,Low,2024-01-13
EMP6434,26.0,M,Finance,Auditor,0.5,20909.29,57.0,12.0,No,6.8,6.0,2.0,9.0,4,5.0,33.0,3.0,5.0,N,9.0,Low,Low,Low,2023-11-05
EMP4453,33.0,Male,It,It Support,1.0,21017.51,38.0,0.0,N,7.9,10.0,1.0,10.0,7,7.0,1.0,2.0,5.0,Yes,7.0,Low,Low,Low,26-Jan-2017
EMP5825,37.0,Male,,Marketing Manager,4.6,42846.43,42.0,5.0,No,7.2,10.0,1.0,8.0,7,6.0,7.0,3.0,5.0,N,8.0,Low,Low,Low,"March 31, 2026"
EMP5322,35.0,Female,Sales,Sales Manager,0.3,32026.39,45.0,3.0,No,7.5,10.0,1.0,10.0,9,8.0,11.0,2.0,5.0,No,6.0,Low,Low,Low,2025/02/24
EMP6649,33.0,Female,Legal,Compliance Officer,1.8,34443.01,42.0,2.0,Yes,7.2,9.0,1.0,9.0,8,7.0,7.0,3.0,4.0,N,7.0,Low,Low,Low,"June 24, 2020"
EMP5942,36.0,Male,Legal,Legal Counsel,0.5,25524.24,45.0,3.0,No,7.2,9.0,1.0,9.0,5,6.0,19.0,3.0,5.0,No,8.0,Low,Low,Low,16/12/2019
EMP4375,28.0,Male,Hr,Recuriter,9.3,33783.3,38.0,4.0,Yes,7.2,10.0,1.0,7.0,6,7.0,2.0,4.0,5.0,N,7.0,Low,Low,Low,2023-12-25
EMP3506,20.0,Female,R&D,Research Naalyst,2.0,28101.7,30.0,0.0,Y,7.9,10.0,2.0,7.0,3,7.0,10.0,4.0,2.0,Yes,6.0,Low,Low,Low,29-May-2016
EMP4824,33.0,Male,Admin,Front Desk Executive,2.0,32425.18,38.0,0.0,Y,7.4,10.0,1.0,10.0,5,5.0,0.0,3.0,4.0,N,9.0,Low,Low,Low,02-Aug-2022
EMP5127,28.0,Female,Finance,Finance Manager,3.0,35970.25,42.0,5.0,Yes,7.6,10.0,1.0,10.0,5,5.0,10.0,1.0,5.0,Yes,6.0,Low,Low,Low,2025-11-27
EMP6898,21.0,Male,Hr,,3.0,43617.04,45.0,0.0,Yes,7.1,10.0,2.0,9.0,8,6.0,17.0,1.0,5.0,Yes,6.0,Low,-,Low,28-Jul-2018
EMP2944,34.0,Female,Hr,Admin Executive,4.9,24902.9,46.0,3.0,Yes,7.4,8.0,1.0,10.0,5,7.0,10.0,2.0,5.0,Yes,6.0,Low,Low,Low,18-Jan-2023
EMP6849,38.0,Female,Customer Support,Customer Success Manager,2.5,47417.9,42.0,5.0,No,8.4,9.0,1.0,9.0,6,6.0,12.0,9.0,5.0,Yes,7.0,Low,Low,Low,2016/04/26
EMP6068,29.0,Female,Legal,Legal Counsel,0.4,26924.03,44.0,0.0,No,7.9,9.0,1.0,9.0,5,6.0,7.0,3.0,5.0,N,8.0,Low,Low,Low,04/05/2025
EMP2235,20.0,Male,Sales,Sales Manager,0.2,42051.83,36.0,5.0,No,7.9,10.0,1.0,10.0,7,6.0,4.0,1.0,5.0,Y,8.0,Low,Low,Low,-
EMP2993,33.0,,Operations,Operations Manager,1.5,34923.62,56.0,13.0,N,8.2,9.0,1.0,9.0,6,6.0,21.0,3.0,5.0,Yes,6.0,Low,Low,Low,27-Sep-2018
EMP2888,43.0,Male,It,Software Engineer,8.7,32425.18,35.0,0.0,N,7.5,8.0,1.0,10.0,5,7.0,2.0,2.0,5.0,N,7.0,Low,Low,Low,-
EMP6735,25.0,Female,It,Sofwtare Engineer,2.8,26548.73,56.0,5.0,No,6.6,9.0,2.0,8.0,4,7.0,1.0,3.0,5.0,N,9.0,Low,Low,Low,-
EMP3335,50.0,Male,Sales,Account Manager,1.2,34213.09,49.0,9.0,No,7.9,10.0,2.0,10.0,8,6.0,-11.0,3.0,5.0,N,7.0,,Low,Low,10/10/2021
EMP2452,25.0,Other,Operations,Operations Mnaager,2.3,34817.47,46.0,14.0,No,5.9,9.0,1.0,9.0,8,6.0,11.0,2.0,5.0,N,7.0,Low,Low,Low,31/10/2017
EMP3559,31.0,Female,Hr,Recruiter,0.5,28204.53,54.0,12.0,Y,7.5,10.0,1.0,10.0,9,8.0,16.0,3.0,5.0,N,7.0,Low,Low,Low,2015/04/23
EMP6672,33.0,Female,Sales,Business Development Executive,0.8,32425.18,48.0,5.0,No,8.0,9.0,1.0,8.0,5,8.0,10.0,4.0,5.0,Y,6.0,Low,Low,Low,12-22-2024
EMP4937,39.0,Male,Legal,Legal Counsel,3.7,37362.86,36.0,0.0,Yes,7.5,10.0,1.0,10.0,6,8.0,15.0,3.0,5.0,Y,7.0,Low,Low,Low,27-Dec-2016
EMP6652,27.0,Male,Finance,Financial Analyst,4.3,32092.78,56.0,16.0,No,7.0,8.0,1.0,10.0,6,6.0,14.0,1.0,5.0,No,8.0,Low,Low,Low,10-01-2019
EMP5644,47.0,Female,Operations,Operations Executive,2.0,28796.88,37.0,0.0,No,6.8,10.0,1.0,10.0,5,7.0,13.0,4.0,5.0,Yes,6.0,Low,Low,Low,28-Nov-2018
EMP1898,48.0,Female,R&D,R&D Engineer,0.3,29035.95,66.0,31.0,No,6.1,9.0,3.0,6.0,4,5.0,1.0,3.0,5.0,No,7.0,Medium,Moderate,Medium, 
EMP5686,23.0,M,Sales,Sales Executive,0.7,26930.41,30.0,9.0,N,7.7,9.0,1.0,10.0,7,8.0,2.0,3.0,5.0,N,9.0,Low,Low,Low,10/12/2020
EMP5592,30.0,Male,Marketing,Support Team Lead,6.9,39144.23,41.0,0.0,No,7.2,9.0,1.0,9.0,6,5.0,2.0,3.0,5.0,Yes,9.0,Low,Low,Low, 
EMP2453,23.0,Male,Admin,Front Desk Executive,0.0,32425.18,52.0,19.0,Yes,6.6,6.0,1.0,10.0,7,6.0,3.0,2.0,5.0,Yes,8.0,Low,Low,Low,05-01-2025
 emp5340 ,41.0,Male,Hr,Research Analyst,1.2,22890.08,57.0,18.0,Yes,7.2,9.0,1.0,10.0,9,8.0,28.0,1.0,5.0,No,7.0,Low,Low,Low,10-Aug-2017
EMP3698,33.0,Male,Customer Support,Support Executive,14.5,44540.83,60.0,-25.0,No,7.5,9.0,2.0,10.0,5,6.0,10.0,2.0,5.0,N,10.0,Low,Low,Low, 
EMP6151,20.0,Male,Customer Support,Customer Success Manager,1.7,43764.16,46.0,0.0,No,9.0,9.0,1.0,10.0,6,5.0,8.0,2.0,5.0,No,7.0,Low,Low,Low,2017-02-09
EMP2733,24.0,Male,,R&D Engineer,0.8,24787.35,49.0,9.0,Yes,7.9,6.0,1.0,9.0,7,8.0,24.0,3.0,5.0,No,7.0,Low,Low,Low,31/08/2023
EMP6615,28.0,Male,R&D,Research Analyst,2.6,24558.22,39.0,0.0,No,6.8,10.0,1.0,9.0,6,6.0,5.0,5.0,5.0,No,7.0,Low,Low,Low,2020/10/12
EMP1123,33.0,,It,System Admin,3.2,20274.93,53.0,9.0,Yes,7.4,9.0,1.0,6.0,8,6.0,18.0,2.0,5.0,N,7.0,Low,Low,Low,"July 16, 2025"
EMP5564,29.0,Male,Marketing,Marketing Executive,5.0,39258.18,30.0,1.0,Yes,5.8,10.0,1.0,9.0,5,5.0,10.0,5.0,5.0,N,9.0,Low,Low,Low,"October 30, 2022"
EMP1934,27.0,Female,Admin,Front Desk Executive,0.9,23532.26,40.0,0.0,No,7.7,10.0,1.0,9.0,6,7.0,0.0,3.0,5.0,Yes,6.0,Low,Low,Low,2021/08/06
EMP3145,31.0,Female,Hr,Support Team Lead,0.5,46755.64,42.0,0.0,No,8.4,8.0,1.0,8.0,6,5.0,12.0,5.0,5.0,N,7.0,Low,Low,Low,-
EMP6984,28.0,Female,Finance,Auditor,3.1,32425.18,47.0,3.0,No,8.1,7.0,1.0,10.0,1,2.0,12.0,4.0,5.0,Yes,7.0,Low,Low,Medium,07-28-2016
EMP4462,25.0,Male,Admin,Office Manager,4.7,44024.93,33.0,4.0,Y,6.6,10.0,1.0,10.0,9,8.0,8.0,8.0,5.0,Yes,6.0,Low,Low,Low,29/10/2020
EMP5321,38.0,Female,Legal,Legal Counsel,0.3,20907.52,45.0,0.0,Y,6.4,10.0,1.0,10.0,10,9.0,1.0,1.0,5.0,Yes,9.0,Low,Low,Low,"December 11, 2021"
EMP2228,31.0,M,Hr,Hr Executive,0.2,25137.9,36.0,5.0,No,9.0,10.0,1.0,9.0,1,4.0,27.0,2.0,5.0,No,8.0,Low,Low,Low,28-Apr-2024
EMP4057,46.0,Female,R&D,Data Scientist,2.5,38519.85,30.0,0.0,Yes,6.6,9.0,1.0,10.0,3,6.0,1.0,3.0,5.0,Yes,7.0,Low,Low,Low,2017/02/12
EMP2638,33.0,Male,Cust. Support,Support Team Lead,0.9,37021.3,32.0,3.0,No,7.3,10.0,2.0,9.0,2,5.0,0.0,2.0,5.0,No,9.0,Low,Low,Low,"October 23, 2024"
EMP2646,27.0,Male,Sales,Sales Manager,3.9,42172.06,45.0,8.0,No,7.4,9.0,1.0,9.0,7,6.0,6.0,3.0,5.0,No,7.0,Low,Low,Low,2022/02/13
EMP4452,45.0,Male,Admin,Admin Executive,0.5,33596.88,44.0,0.0,No,7.2,10.0,1.0,10.0,6,8.0,40.0,0.0,5.0,Y,8.0,Low,Low,Low,-
EMP3237,37.0,Female,Admin,Admin Executive,1.4,23512.31,45.0,0.0,Yes,6.8,10.0,1.0,9.0,4,5.0,9.0,4.0,4.0,Yes,7.0,Low,Low,Low,05/07/2020
EMP6945,21.0,Male,Marketting,Seo Specialist,3.0,23444.83,45.0,5.0,Y,7.4,9.0,1.0,9.0,6,7.0,21.0,1.0,5.0,No,7.0,Low,Low,Low,"July 15, 2019"
EMP4283,29.0,Female,Sales,Business Development Executive,7.7,34351.29,46.0,5.0,No,7.9,9.0,2.0,8.0,4,4.0,12.0,2.0,5.0,No,7.0,Low,Low,Low,"August 26, 2023"
EMP5828,20.0,Male,Cust. Support,Customer Success Manager,2.0,25349.71,54.0,19.0,No,6.6,7.0,3.0,9.0,8,8.0,10.0,3.0,5.0,No,7.0,Low,Low,Low,2028-01-01
EMP1038,27.0,Male,Sale,Business Development Executive,2.5,30145.45,37.0,0.0,Y,8.4,10.0,1.0,10.0,4,5.0,7.0,2.0,5.0,N,8.0,Low,Low,Low,16-Mar-2025
EMP3986,31.0,Female,Operations,Support Team Lead,2.4,39413.33,37.0,0.0,No,6.2,10.0,1.0,10.0,10,6.0,39.0,5.0,5.0,N,10.0,Low,Low,Low,04/10/2024
EMP1689,33.0,F,Hr,Hr Manager,1.7,38141.68,57.0,16.0,Yes,7.0,8.0,1.0,10.0,7,5.0,2.0,1.0,5.0,No,8.0,Low,Low,Low,18-Sep-2016
EMP2860,36.0,Male,I.T.,Support Team Lead,3.7,22868.09,47.0,6.0,N,6.9,8.0,1.0,9.0,6,5.0,29.0,4.0,5.0,N,6.0,Low,Low,Low,"January 27, 2015"
EMP3425,36.0,Female,Finance,Accountant,4.9,38270.29,48.0,10.0,Y,7.9,9.0,1.0,10.0,10,8.0,23.0,6.0,5.0,N,7.0,Low,Low,Low, 
EMP1853,24.0,Female,It,It Support,1.2,34329.25,42.0,0.0,No,6.4,9.0,1.0,9.0,6,7.0,2.0,3.0,5.0,N,7.0,Low,Low,Low,07-Feb-2020
EMP1778,44.0,Male,Hr,Legal Advisor,4.9,33438.37,45.0,12.0,,6.0,7.0,2.0,10.0,7,6.0,68.0,5.0,5.0,N,7.0,,Low,Low,-
EMP5883,33.0,Male,Finance,Auditor,4.6,35340.25,41.0,0.0,No,7.2,8.0,1.0,10.0,6,7.0,2.0,3.0,5.0,No,7.0,Low,Low,Low,09-Feb-2022
EMP2584,33.0,Male,Sale,Business Development Executive,3.3,29752.07,45.0,9.0,N,6.9,9.0,2.0,8.0,5,6.0,4.0,2.0,4.0,No,7.0,Low,Low,Low,2016/08/27
EMP6542,20.0,Female,Admin,Admin Executive,2.0,33839.19,41.0,0.0,N,6.8,10.0,1.0,10.0,5,6.0,0.0,4.0,5.0,N,8.0,Low,Low,Low,01/02/2025
EMP6339,38.0,Female,Hr,Account Manager,0.7,41539.8,51.0,16.0,No,6.7,8.0,2.0,10.0,6,7.0,10.0,6.0,5.0,Yes,7.0,Low,Low,Low,30-Dec-2016
EMP5920,25.0,M,It,Software Engineer,1.1,32425.18,45.0,17.0,Yes,6.7,8.0,1.0,7.0,7,5.0,0.0,3.0,5.0,Y,7.0,Low,Low,Low,"October 23, 2016"
EMP4552,32.0,Male,Hr,,1.6,24593.45,41.0,2.0,Yes,20.0,9.0,1.0,10.0,7,7.0,7.0,1.0,5.0,No,7.0,Low,Low,Low,2024-01-13
EMP5119,28.0,Male,Customer Support,Support Team Lead,0.6,51008.67,46.0,2.0,No,6.4,10.0,2.0,8.0,7,8.0,1.0,1.0,5.0,Y,7.0,Low,Low,Low,-
EMP4517,29.0,Female,Hr,Admin Executive,0.4,30887.95,32.0,0.0,No,8.2,8.0,1.0,9.0,6,6.0,24.0,3.0,5.0,N,8.0,Low,Low,Low,26-Apr-2024
EMP3723,43.0,Male,Admin,Front Desk Executive,0.0,32081.61,52.0,15.0,No,6.5,8.0,1.0,7.0,7,6.0,11.0,3.0,5.0,No,8.0,Low,Low,Low,18/09/2024
EMP3889,21.0,Male,Legal,,1.0,20403.22,47.0,11.0,N,7.7,8.0,1.0,9.0,5,6.0,13.0,7.0,5.0,No,7.0,Low,Low,Low,-
EMP1862,26.0,Male,R&D,Research Naalyst,8.0,39095.65,38.0,0.0,No,6.0,10.0,1.0,9.0,9,7.0,4.0,2.0,5.0,No,9.0,Low,Low,Low,2023/05/22
EMP1422,40.0,Male,Hr,Recruiter,2.5,26316.61,54.0,14.0,Yes,7.5,8.0,1.0,9.0,6,7.0,45.0,1.0,5.0,-,6.0,Low,Low,Low,22/08/2019
EMP2526,42.0,Female,Legal,Legal Counsel,4.2,37309.76,46.0,7.0,Y,6.8,9.0,2.0,10.0,6,5.0,36.0,2.0,5.0,No,6.0,Low,Low,Low,"May 03, 2018"
EMP4879,31.0,Female,,Office Manager,3.0,41822.65,35.0,1.0,No,6.8,9.0,1.0,9.0,8,6.0,0.0,3.0,5.0,N,8.0,Low,Low,Low,2025/12/03
EMP6669,22.0,Male,Marketing,Seo Specialist,4.0,28591.08,41.0,5.0,N,5.4,8.0,1.0,8.0,9,7.0,10.0,2.0,5.0,Yes,7.0,,Low,Low,2018-08-25
EMP3120,38.0,Female,Admin,Office Manager,0.8,35937.58,43.0,0.0,No,8.1,9.0,1.0,10.0,7,7.0,7.0,2.0,5.0,N,7.0,Low,Low,Low,2023/12/28
EMP1228,34.0,Other,Hr,Devops Engineer,4.8,27916.37,45.0,2.0,N,7.7,8.0,2.0,10.0,4,6.0,11.0,2.0,5.0,Yes,9.0,Low,Low,Low,26-Oct-2024
EMP3152,33.0,Female,Legal,Compliance Officer,2.3,25557.93,49.0,9.0,No,7.2,10.0,1.0,10.0,2,7.0,26.0,5.0,5.0,No,6.0,Low,Low,Low,"December 05, 2023"
EMP6252,20.0,Other,Human Resources,Hr Manager,2.0,46818.45,44.0,4.0,N,7.5,7.0,3.0,9.0,5,5.0,0.0,5.0,5.0,Yes,7.0,Low,Low,Low,23-Dec-2023
EMP1389,33.0,Female,Information Technology,Devops Engineer,1.1,28168.97,45.0,10.0,No,7.5,10.0,1.0,10.0,6,7.0,36.0,2.0,5.0,Y,6.0,Low,Low,Low,2025/08/31
EMP2358,25.0,Male,Customer Support,Support Team Lead,7.0,39385.14,48.0,10.0,No,7.1,9.0,2.0,10.0,4,5.0,27.0,2.0,5.0,Yes,8.0,Low,Low,Low,2017-06-08
EMP5290,31.0,Male,Operations,Operations Executive,0.9,25310.88,31.0,0.0,Yes,7.7,10.0,1.0,9.0,8,7.0,6.0,1.0,5.0,N,7.0,,Low,Low,02-Dec-2015
EMP4024,33.0,Male,It,-,2.0,32425.18,43.0,3.0,Yes,8.1,10.0,1.0,10.0,7,5.0,6.0,3.0,5.0,No,6.0,Low,Low,Low,"February 08, 2019"
EMP1209,31.0,Female,Marketing,Marketing Executive,1.2,27724.04,46.0,1.0,No,7.2,10.0,1.0,10.0,6,7.0,12.0,3.0,5.0,N,8.0,Low,-,Low,24/03/2016
EMP2656,29.0,Female,Admin,Admin Executive,8.3,41334.67,62.0,28.0,Yes,5.8,9.0,3.0,8.0,5,4.0,5.0,4.0,5.0,No,7.0,Medium,Low,Medium,-
EMP2030,41.0,Male,Finance,Accountant,2.5,31209.41,53.0,18.0,No,5.3,8.0,2.0,8.0,4,6.0,10.0,3.0,5.0,Yes,7.0,Low,Low,Low,"July 19, 2017"
EMP3797,42.0,Female,R&D,Data Scientist,0.0,39828.33,35.0,0.0,No,7.2,10.0,2.0,10.0,,5.0,3.0,2.0,5.0,No,8.0,Low,Low,Low,"October 31, 2024"
EMP4698,28.0,Male,Marketting,Content Strategist,1.9,31520.95,36.0,0.0,N,7.1,8.0,1.0,9.0,6,6.0,2.0,2.0,5.0,No,7.0,Low,Low,Low,02-Feb-2017
EMP1557,40.0,Male,Information Technology,Software Engineer,5.1,32431.19,37.0,0.0,No,8.3,9.0,3.0,7.0,1,4.0,23.0,3.0,5.0,Yes,6.0,Low,Low,Medium,04-25-2022
EMP6100,35.0,Female,Research And Development,R&D Engineer,10.9,44683.74,45.0,6.0,No,7.2,9.0,1.0,10.0,5,6.0,2.0,1.0,5.0,No,7.0,Low,Low,Low,04-03-2016
EMP3198,31.0,Female,I.T.,It Support,7.3,34243.48,31.0,0.0,No,6.9,8.0,1.0,9.0,5,6.0,16.0,1.0,5.0,N,9.0,Low,Low,Low,"March 08, 2022"
EMP2349,29.0,Female,Admin,Front Desk Executive,1.3,20946.54,46.0,5.0,Yes,7.8,10.0,1.0,9.0,9,6.0,10.0,0.0,5.0,No,7.0,Low,Low,Low,"May 07, 2018"
EMP4566,20.0,Male,Hr,Hr Generalist,2.0,23124.13,36.0,0.0,Y,7.7,10.0,3.0,8.0,9,5.0,40.0,4.0,5.0,No,6.0,Low,Low,Low,"December 02, 2017"
EMP3985,35.0,Female,Operations,Operations Manager,3.1,46569.13,58.0,18.0,No,7.1,8.0,3.0,10.0,3,6.0,2.0,2.0,4.0,Yes,7.0,Low,Low,-,2022-10-10
EMP2059,45.0,F,Customer Support,Support Executive,0.5,20873.73,52.0,16.0,No,20.0,8.0,2.0,9.0,7,6.0,10.0,3.0,5.0,N,8.0,Low,Low,Low,"June 01, 2030"
EMP4159,51.0,Male,Admin,Front Desk Executive,2.9,32425.18,40.0,4.0,N,9.0,10.0,1.0,9.0,5,6.0,18.0,3.0,5.0,Yes,9.0,Low,Low,Low,24/07/2024
EMP5743,33.0,Other,Finance,Financial Analyst,17.3,48257.68,48.0,11.0,No,7.2,10.0,1.0,10.0,4,6.0,3.0,1.0,5.0,Y,9.0,-,Low,Low,09-01-2018
EMP5696,41.0,Female,Rnd,Data Scientist,6.1,36577.77,55.0,5.0,No,7.1,8.0,2.0,8.0,7,6.0,33.0,4.0,5.0,No,8.0,Low,Low,Low,02-23-2026
EMP2826,24.0,Other,Legal,Legal Counsel,2.3,23912.02,48.0,19.0,No,6.9,6.0,2.0,10.0,6,8.0,10.0,5.0,5.0,No,8.0,Low,Low,Low,-
EMP1741,29.0,Female,Finance,Finance Manager,9.3,46499.95,41.0,0.0,No,7.0,10.0,1.0,9.0,5,8.0,26.0,0.0,4.0,Yes,6.0,Low,-,Low,2015/03/21
EMP5318,34.0,Female,Ops,Support Team Lead,8.1,35333.19,37.0,0.0,N,7.8,9.0,1.0,10.0,9,9.0,19.0,5.0,5.0,No,8.0,Low,Low,Low,25-Oct-2016
EMP3918,42.0,Male,R&D,Data Scientist,2.7,42959.81,45.0,0.0,No,7.4,10.0,2.0,8.0,7,6.0,0.0,2.0,5.0,N,6.0,Low,-,Low,2018/01/05
EMP2866,41.0,M,R&D,R&D Engineer,0.8,31140.0,34.0,0.0,No,8.8,9.0,1.0,9.0,7,6.0,7.0,4.0,4.0,N,6.0,Low,Low,Low,12-06-2023
EMP6194,35.0,Female,It,Its Upport,10.0,41643.21,49.0,12.0,No,20.0,7.0,1.0,10.0,3,7.0,31.0,2.0,5.0,No,5.0,Low, ,Low,-
EMP1564,31.0,Female,Sales,Account Manager,1.4,36991.76,51.0,15.0,No,7.2,9.0,1.0,9.0,6,7.0,30.0,5.0,5.0,Yes,7.0,Low,Low,Low,15/04/2021
EMP6006,29.0,Female,Admin,Admin Executive,9.2,40843.09,38.0,0.0,No,7.2,10.0,1.0,10.0,6,7.0,5.0,3.0,5.0,No,6.0,Low,Low,Low,"January 12, 2020"
EMP5426,52.0,Female,It,Software Engineer,1.0,32425.18,48.0,13.0,No,7.2,8.0,1.0,7.0,6,7.0,9.0,2.0,5.0,Yes,6.0,,Low,Low,-
EMP2569,33.0,Male,It,System Admin,2.7,30262.19,38.0,0.0,Y,8.6,10.0,1.0,9.0,6,8.0,17.0,4.0,4.0,No,7.0,Low,Low,Low,06-Jan-2023
EMP6501,44.0,Male,Operations,Operations Executive,1.0,32425.18,41.0,5.0,No,7.5,10.0,1.0,8.0,4,6.0,62.0,4.0,5.0,,9.0,Low,Low,Low,11-24-2016
EMP1029,21.0,Male,Sale,Sales Manager,3.0,38282.88,54.0,4.0,No,6.6,7.0,2.0,9.0,4,5.0,8.0,1.0,5.0,N,7.0,Low,Low,Low,30/05/2022
EMP3963,33.0,Female,Admin,Office Manager,6.7,32425.18,56.0,5.0,N,8.0,8.0,1.0,10.0,10,8.0,14.0,6.0,5.0,No,7.0,Low,Low,Low,2015/10/13
EMP4800,34.0,Female,It,Devops Engineer,4.6,34790.18,47.0,5.0,No,7.2,9.0,2.0,10.0,6,6.0,10.0,0.0,5.0,Yes,7.0,Low,Low,Low,10/11/2022
EMP6482,27.0,Female,Marketing,Content Strategist,9.0,30721.47,42.0,0.0,No,7.5,9.0,1.0,9.0,9,7.0,4.0,2.0,5.0,No,6.0,Low,Low,Low,"March 23, 2015"
EMP1768,29.0,Male,R&D,R&D Engineer,3.7,26759.3,42.0,0.0,N,6.3,8.0,1.0,7.0,3,6.0,24.0,1.0,5.0,No,7.0,Low,Low,Low,-
EMP2859,33.0,Male,Hr,Hr Generalist,6.8,36770.9,32.0,5.0,No,7.7,10.0,1.0,10.0,7,6.0,0.0,4.0,5.0,No,7.0,Low,Low,Low,04-May-2021
EMP4258,46.0,Female,Sales,Sales Executive,16.6,51111.41,33.0,5.0,No,8.9,9.0,1.0,9.0,6,5.0,14.0,1.0,5.0,Y,7.0,Low,Low,Low,-
EMP3592,29.0,M,Marketting,Content Strategist,3.3,28309.4,50.0,14.0,No,6.8,9.0,1.0,9.0,2,6.0,10.0,2.0,5.0,No,7.0,Low,Low,Low,"June 14, 2015"
EMP3063,20.0,Female,Hr,Hr Executive,1.9,20252.49,52.0,8.0,No,8.9,8.0,1.0,9.0,7,7.0,15.0,3.0,5.0,No,7.0,Low,Low,Low,15-Jan-2022
EMP2965,32.0,Male,Customer Support,Support Executive,1.1,26977.54,59.0,23.0,Yes,6.8,7.0,1.0,10.0,7,6.0,10.0,1.0,5.0,No,8.0,Low,Low,Low,2017-05-21
EMP3659,29.0,Male,Sales,Sales Executive,2.5,26307.3,45.0,0.0,Yes,8.1,9.0,2.0,8.0,6,6.0,2.0,8.0,5.0,No,7.0,Low,Low,Low,2015-02-10
EMP2741,34.0,Male,Hr,Support Executive,0.0,19159.28,51.0,5.0,No,7.5,10.0,1.0,9.0,8,8.0,16.0,3.0,5.0,Yes,7.0,Low,Low,Low,2025-04-28
EMP5155,24.0,Female,Finance,Auditor,3.4,32750.19,49.0,17.0,No,6.4,7.0,1.0,8.0,6,6.0,14.0,3.0,4.0,N,8.0,Low,Low,Low,04-04-2016
EMP4645,24.0,Male,Hr,Auditor,1.1,27532.63,39.0,5.0,Yes,7.4,8.0,1.0,9.0,,8.0,2.0,0.0,5.0,No,7.0,Low,Low,Low,22-Oct-2020
EMP3477,33.0,Male,Finance,Auditor,1.0,28597.4,60.0,23.0,N,8.3,5.0,1.0,10.0,5,5.0,32.0,3.0,5.0,N,7.0,Low,Low,Low,2023/11/21
EMP5383,20.0,Male,Sales,Sales Manager,0.8,41897.08,43.0,6.0,Yes,7.3,10.0,1.0,9.0,8,6.0,10.0,5.0,5.0,No,8.0,Low,Low,Low,2025/07/19
EMP6290,46.0,Male,Legal,Compliance Officer,6.8,32425.18,46.0,5.0,No,7.7,10.0,1.0,9.0,2,5.0,5.0,0.0,5.0,No,8.0,Low,Low,Low,"April 07, 2021"
EMP6576,41.0,M,Sales,Sales Executive,5.3,25792.69,43.0,16.0,No,7.7,7.0,3.0,8.0,5,4.0,22.0,5.0,5.0,No,7.0,Low,Low,Low,-
EMP2567,24.0,Male,Finance,Financial Analyst,6.0,32425.18,53.0,5.0,Y,7.1,8.0,2.0,8.0,5,4.0,4.0,0.0,5.0,N,6.0,Low, ,Low,"December 04, 2022"
 emp1498 ,27.0,Male,Finance,Auditor,1.5,23939.8,48.0,12.0,No,6.0,9.0,1.0,10.0,6,7.0,6.0,1.0,4.0,Yes,7.0,Low,Low,Low,"March 12, 2018"
EMP2013,47.0,Male,Operations,Operations Executive,6.5,29344.89,38.0,0.0,No,6.6,10.0,1.0,10.0,7,8.0,29.0,3.0,5.0,Yes,6.0,Low,Low,Low,2023/01/16
EMP4298,33.0,Male,Hr,Front Desk Executive,11.9,43453.21,39.0,0.0,No,6.5,8.0,1.0,9.0,5,6.0,6.0,6.0,5.0,Y,8.0,Low,Low,Low,-
EMP6860,36.0,Female,It,Qa Engineer,2.4,33686.64,42.0,5.0,Yes,20.0,8.0,2.0,9.0,4,7.0,4.0,0.0,5.0,Yes,8.0,Low,Low,Low,-
EMP6472,41.0,Male,R&D,Research Analyst,0.7,27512.84,39.0,1.0,No,7.3,10.0,1.0,10.0,6,8.0,10.0,5.0,5.0,No,8.0,Low,Low,Low,07-Sep-2017
EMP4111,31.0,Female,Hr,Sales Executive,1.5,26546.35,35.0,0.0,,8.1,10.0,1.0,10.0,7,9.0,2.0,3.0,5.0,No,7.0,Low,Low,,2017/09/26
EMP2263,47.0,Female,It,Devops Engineer,1.2,32425.18,47.0,19.0,Yes,6.4,8.0,1.0,10.0,7,6.0,16.0,4.0,4.0,No,6.0,Low,Low,Low,"March 09, 2016"
EMP4544,33.0,Female,Administration,Office Manager,4.1,44471.07,43.0,0.0,Yes,7.5,9.0,2.0,8.0,3,5.0,20.0,4.0,5.0,N,8.0,Low,Low,Low,"June 04, 2015"
EMP1418,33.0,Female,Operations,Operations Manager,0.2,37147.67,31.0,0.0,Yes,7.3,9.0,1.0,10.0,2,6.0,9.0,3.0,5.0,Yes,6.0,Low,Low,Low,24-Dec-2019
EMP2300,33.0,Female,R&D,R&D Engineer,0.7,32425.18,48.0,10.0,No,7.6,8.0,2.0,10.0,4,5.0,27.0,3.0,5.0,No,7.0,Low,Low,,2020-01-14
EMP1915,36.0,Male,Hr,Seo Specialist,1.2,24788.94,50.0,7.0,No,5.5,9.0,1.0,9.0,7,7.0,10.0,3.0,5.0,Yes,7.0,Low,Low,Low,26-Aug-2015
EMP2009,33.0,Male,Finance,Auditor,7.2,39461.39,47.0,5.0,N,7.4,9.0,1.0,10.0,8,6.0,37.0,0.0,5.0,Yes,8.0,Low,Low,Low,"June 17, 2019"
EMP4332,20.0,Male,Operations,Operations Executive,2.0,30749.98,36.0,0.0,No,8.2,8.0,2.0,9.0,3,3.0,7.0,-9.0,5.0,No,8.0,Low,Low,Medium,"May 08, 2022"
EMP4840,27.0,Female,Customer Support,Support Team Lead,1.0,32655.66,44.0,5.0,No,7.2,9.0,1.0,10.0,6,6.0,16.0,3.0,5.0,Yes,9.0,Low,Low,Low,"September 30, 2018"
EMP3397,33.0,Male,Customer Support,Customer Success Manager,1.5,39244.45,43.0,0.0,No,7.2,10.0,1.0,9.0,6,6.0,15.0,1.0,5.0,N,8.0,Low,Low,Low,"January 29, 2018"
EMP3472,53.0,Male,Hr,Hr Manager,2.3,38330.93,36.0,0.0,N,6.6,10.0,1.0,9.0,7,8.0,20.0,2.0,5.0,N,7.0,Low,Low,Low,30-Jul-2020
EMP4721,37.0,,It,Qa Engineer,0.5,23330.72,44.0,1.0,N,9.0,9.0,1.0,10.0,6,6.0,5.0,4.0,5.0,N,8.0,Low,Low,Low,2026/03/06
EMP6766,33.0,M,Customer Support,Support Team Lead,1.5,37835.44,44.0,0.0,Yes,6.8,10.0,2.0,7.0,5,6.0,25.0,3.0,5.0,No,7.0,Low,Low,Low,02/07/2025
EMP3175,21.0,Female,Cust. Support,Customer Success Manager,2.5,41960.58,59.0,30.0,No,6.2,6.0,2.0,10.0,4,6.0,14.0,3.0,5.0,No,5.0,Low,Low,Low,08/02/2019
EMP5202,30.0,Male,Sales,Business Development Executive,10.1,45376.09,31.0,0.0,No,8.0,10.0,1.0,9.0,6,8.0,16.0,3.0,5.0,N,5.0,Low,Low,Low,13-Jun-2021
EMP4201,41.0,Male,Customer Support,Customer Success Manager,0.9,32229.57,50.0,9.0,No,7.6,8.0,1.0,10.0,6,7.0,17.0,6.0,5.0,Yes,6.0,Low,Low,Low,14-Jan-2022
EMP6893,28.0,F,R&D,R&D Engineer,1.5,26296.27,33.0,0.0,No,7.6,9.0,1.0,8.0,10,7.0,13.0,5.0,5.0,N,6.0,Low,Low,Low,09-19-2020
EMP3981,37.0,Male,Customer Support,Customer Success Manager,-4.254279099130508,41851.94,42.0,1.0,Yes,7.2,10.0,1.0,10.0,3,6.0,25.0,4.0,4.0,Y,8.0,Low,-,Low,-
EMP2729,32.0,Female,It,Software Engineer,6.9,35168.32,45.0,5.0,No,7.0,10.0,1.0,9.0,8,8.0,16.0,4.0,5.0,Yes,7.0,Low,Low,Low,2022-11-25
EMP2212,21.0,Male,Hr,Sales Executive,2.3,28968.27,56.0,13.0,No,7.0,8.0,1.0,9.0,6,7.0,23.0,3.0,5.0,Y,7.0,Low,Low,Low,06-04-2016
EMP5851,41.0,Female,Operations,Logistics Coordinator,2.5,41378.16,49.0,0.0,No,7.8,10.0,1.0,9.0,6,6.0,5.0,3.0,5.0,-,7.0,Low,Low,Low,07-13-2019
EMP6909,33.0,F,Marketing,Support Team Lead,2.3,30086.06,57.0,5.0,,6.5,9.0,2.0,8.0,8,7.0,19.0,2.0,5.0,No,6.0,Low,Low,Low,08-01-2016
EMP2873,28.0,Female,Sales,Business Development Executive,0.2,24212.98,61.0,21.0,Yes,7.1,8.0,2.0,8.0,2,6.0,2.0,2.0,5.0,No,7.0,Low,Low,Medium,01/06/2030
EMP5848,33.0,Male,Legal,Legal Advisor,5.0,29181.99,41.0,3.0,N,8.3,10.0,1.0,9.0,7,6.0,11.0,3.0,4.0,No,8.0,Low,Low,Low,"July 11, 2020"
EMP3767,45.0,Female,Ops,Operations Executive,2.5,37547.72,45.0,0.0,Yes,7.3,10.0,1.0,9.0,6,6.0,9.0,6.0,5.0,N,7.0,Low,Low,Low,2025/10/11
EMP3633,32.0,Female,Marketing,Seo Specialist,3.2,27010.29,44.0,8.0,N,8.2,8.0,1.0,8.0,5,6.0,18.0,3.0,5.0,Yes,6.0,Low,Low,Low,23/12/2019
EMP1948,23.0,Male,Information Technology,Devops Engineer,0.2,24417.18,45.0,12.0,No,7.5,9.0,2.0,8.0,4,6.0,19.0,6.0,5.0,Yes,7.0,Low,Low,Low,03-08-2016
EMP3510,21.0,Male,R&D,Research Analyst,0.2,24434.1,56.0,25.0,No,7.3,8.0,2.0,8.0,5,6.0,9.0,3.0,5.0,N,8.0,Low,Low,,"September 15, 2016"
EMP4207,29.0,Male,Hr,Hr Manager,9.4,54694.58,45.0,5.0,,7.3,8.0,1.0,7.0,6,4.0,6.0,6.0,5.0,Yes,10.0,Low,Low,Medium,01-21-2018
EMP4982,41.0,Male,Hr,Hr Manager,7.4,39678.01,45.0,8.0,Yes,8.6,10.0,1.0,9.0,4,6.0,4.0,1.0,5.0,No,8.0,Low,Low,Low,2024-09-06
EMP4826,37.0,Male,Sales,-,4.1,31352.23,42.0,0.0,No,7.8,9.0,1.0,9.0,10,8.0,10.0,-3.0,5.0,-,8.0,Low,Low,Low,06/12/2018
EMP6500,25.0,Female,Admin,Front Desk Executive,4.9,30888.26,43.0,5.0,N,8.2,10.0,1.0,10.0,10,8.0,14.0,2.0,5.0,Yes,8.0,Low,Low,,23-May-2022
EMP5480,27.0,Male,Marketing,Marketing Manager,2.5,48784.21,47.0,11.0,Yes,7.5,9.0,3.0,10.0,6,6.0,1.0,5.0,5.0,Yes,5.0,,Low,Low,16/11/2017
EMP2376,36.0,,Sales,Account Manager,3.1,36885.32,41.0,0.0,Y,8.5,10.0,1.0,9.0,1,5.0,25.0,3.0,5.0,N,7.0,Low,Low,Low,"May 03, 2022"
EMP2959,33.0,Male,Operations,Operations Manager,3.2,39631.82,31.0,0.0,No,-12.02691886261014,10.0,1.0,10.0,7,8.0,14.0,5.0,5.0,No,7.0,Low,Low,Low,"July 10, 2024"
EMP2125,41.0,Male,Customer Support,Support Team Lead,2.5,36036.34,40.0,0.0,No,7.1,10.0,2.0,8.0,3,5.0,0.0,5.0,5.0,No,6.0,Low,Low,Low,"January 19, 2019"
EMP6728,33.0,Male,Finance,Auditor,2.2,18920.19,53.0,11.0,Yes,6.6,9.0,1.0,9.0,6,6.0,19.0,4.0,5.0,No,6.0,Low,Low,Low,03-22-2015
EMP5842,40.0,Male,Hr,R&D Engineer,2.2,32425.18,43.0,14.0,Yes,6.1,8.0,1.0,10.0,7,5.0,3.0,8.0,5.0,Yes,9.0,Low,Low,Low,01-08-2016
EMP4186,36.0,Other,Admin,Office Manager,0.7,31075.8,45.0,0.0,Yes,7.3,9.0,1.0,8.0,5,8.0,47.0,2.0,5.0,N,7.0,Low,-,Low,08-01-2017
EMP3895,43.0,Male,R&D,Data Scientist,4.9,39594.15,55.0,21.0,Yes,6.7,8.0,1.0,9.0,7,7.0,11.0,3.0,5.0,Yes,7.0,Low,Low,Low,12-06-2024
EMP3936,30.0,Male,Sales,Sales Manager,3.0,41560.41,48.0,12.0,No,7.3,10.0,1.0,10.0,6,6.0,47.0,1.0,5.0,N,7.0,Low,Low,Low,07-06-2023
EMP2161,42.0,Male,Marketing,Seo Specialist,1.9,24881.13,45.0,8.0,No,7.1,9.0,1.0,10.0,7,6.0,7.0,3.0,4.0,Yes,7.0,Low,Low,Low,03-Sep-2024
EMP5916,33.0,Female,H.R.,Hr Manager,1.6,36767.96,45.0,6.0,Yes,7.0,9.0,1.0,10.0,4,4.0,19.0,5.0,5.0,Yes,9.0,Low,Low,Low,"June 08, 2016"
EMP5632,31.0,Female,It,It Support,1.7,33728.33,37.0,5.0,Yes,7.1,10.0,1.0,8.0,3,7.0,17.0,4.0,5.0,Yes,8.0,Low,Low,Low,21/04/2018
EMP3546,27.0,Male,Customer Support,Support Executive,0.0,32425.18,47.0,5.0,No,7.2,10.0,1.0,9.0,3,5.0,42.0,3.0,5.0,No,7.0,Low,Low,Low,"March 17, 2019"
EMP6625,27.0,Female,It,It Support,2.5,22166.81,43.0,0.0,Y,7.1,8.0,1.0,7.0,5,7.0,0.0,2.0,5.0,No,7.0,Low,Low,Low,2018/01/18
EMP1308,33.0,Female,Legal,Compliance Officer,3.8,25655.51,43.0,4.0,Yes,7.5,10.0,1.0,8.0,,9.0,25.0,0.0,5.0,No,7.0,Low,Low,Low,"February 19, 2018"
EMP4473,40.0,Other,Legal,Legal Advisor,13.6,41455.13,42.0,7.0,No,8.1,9.0,1.0,10.0,5,6.0,17.0,2.0,5.0,Yes,7.0,Low,Low,Low,09-Aug-2017
EMP6250,28.0,Male,Operations,Operations Executive,10.0,35927.52,49.0,2.0,N,6.5,9.0,1.0,8.0,7,6.0,0.0,2.0,5.0,N,7.0,Low,Low,Low,2024-02-26
EMP1994,33.0,Male,Finance,Support Team Lead,6.1,39980.73,45.0,6.0,Yes,-11.80938493932219,9.0,15.0,8.0,,6.0,25.0,2.0,5.0,No,7.0,Low,Low,Low,"January 07, 2024"
EMP1194,41.0,Female,Hr,Support Team Lead,2.5,41723.32,45.0,0.0,No,7.8,10.0,1.0,9.0,,6.0,5.0,2.0,5.0,Yes,8.0,Low,Low,Low,-
EMP4769,33.0,Female,Hr,Business Development Executive,4.2,27811.59,43.0,8.0,No,-10.87745419017439,8.0,1.0,9.0,1,5.0,31.0,2.0,5.0,Yes,8.0,Low,Low,Medium,2023/10/15
EMP3315,30.0,Male,It,Qa Engineer,1.5,25103.96,41.0,0.0,Y,6.9,9.0,1.0,10.0,10,7.0,6.0,2.0,5.0,Y,6.0,Low,Low,Low,18-Jul-2015
EMP5410,33.0,Male,Finance,Finance Manager,2.5,35161.0,51.0,12.0,N,6.8,7.0,1.0,7.0,10,8.0,6.0,4.0,5.0,Yes,10.0,Low,Low,Low,"September 22, 2021"
EMP6804,36.0,Female,Hr,Hr Manager,4.2,42318.69,37.0,1.0,Yes,6.9,10.0,2.0,10.0,6,7.0,32.0,3.0,5.0,Yes,6.0,Low,Low,Low,"April 23, 2023"
EMP2377,56.0,Female,R&D,R&D Engineer,3.2,32425.18,40.0,0.0,No,7.6,8.0,1.0,9.0,5,5.0,1.0,1.0,5.0,N,6.0,Low,Low,Low,"June 07, 2020"
EMP1676,32.0,Male,Finance,Accountant,5.5,33920.92,40.0,0.0,N,8.0,10.0,2.0,8.0,7,5.0,8.0,3.0,5.0,No,5.0,Low,Low,Low,2021-08-13
EMP6967,33.0,Female,Legal,Compliance Offcier,1.8,23071.04,36.0,0.0,No,7.6,9.0,1.0,9.0,7,7.0,11.0,4.0,5.0,Y,8.0,Low,Low,Low,26/10/2025
EMP4148,23.0,Male,It,System Admin,3.2,37002.12,38.0,0.0,N,5.5,8.0,2.0,9.0,7,6.0,17.0,3.0,5.0,N,7.0,Low,Low,Low,2016-04-14
EMP3323,39.0,Male,Operations,Operations Manager,5.2,49015.41,41.0,4.0,-,6.3,10.0,2.0,9.0,6,5.0,11.0,2.0,5.0,No,6.0,Low,Low,Low,2025-02-16
EMP3589,47.0,Male,Hr,Support Team Lead,2.5,25277.33,38.0,5.0,Y,7.2,9.0,1.0,10.0,7,6.0,2.0,6.0,5.0,N,6.0,Low,Low,Low,2024/09/30
EMP5401,38.0,Male,Hr,Recruiter,1.2,30628.04,47.0,0.0,No,7.6,10.0,1.0,8.0,7,9.0,10.0,2.0,5.0,No,9.0,Low,Low,Low,-
EMP4534,41.0,Female,Admin,Admin Executive,2.5,25272.49,46.0,0.0,No,7.1,7.0,3.0,7.0,8,6.0,11.0,0.0,5.0,Yes,7.0,Low,Low,Low,02-16-2020
EMP1971,20.0,Female,Admin,Admin Executive,1.7,24887.26,43.0,5.0,No,6.9,9.0,1.0,10.0,-,6.0,14.0,4.0,5.0,N,8.0,Low,Low,Low,"September 06, 2020"
EMP4438,35.0,Male,Customer Support,Customer Success Manager,5.6,37714.34,38.0,0.0,No,7.5,10.0,1.0,10.0,5,5.0,39.0,1.0,5.0,No,6.0,Low,Low,Low,"May 28, 2021"
EMP5218,45.0,Male,Legal,Compliance Officer,7.8,39049.22,45.0,2.0,No,7.9,9.0,1.0,9.0,9,8.0,23.0,2.0,5.0,No,8.0,Low,Low,Low,09-25-2018
EMP6848,40.0,Female,R&D,Data Scientist,2.5,32425.18,39.0,0.0,No,6.6,9.0,2.0,9.0,6,7.0,9.0,3.0,5.0,Yes,6.0,Low,Low,Low,08/08/2015
EMP2740,26.0,,Marketing,Content Strategist,2.8,36214.36,59.0,24.0,No,6.2,7.0,1.0,9.0,4,5.0,5.0,2.0,5.0,Yes,7.0,Medium,Moderate,Medium,31/07/2021
EMP4089,22.0,Female,Operations,Logistics Coordinator,3.8,25948.98,54.0,20.0,N,8.2,9.0,2.0,8.0,5,5.0,37.0,4.0,5.0,Yes,6.0,Low,Low,Low,"May 24, 2018"
EMP4828,29.0,Male,Legal,Support Team Lead,6.6,26141.52,45.0,15.0,No,7.2,6.0,2.0,10.0,4,6.0,19.0,2.0,5.0,Yes,6.0,Low,Low,Low,2025/11/02
EMP5073,26.0,Male,Hr,Hr Manager,4.7,32425.18,36.0,1.0,No,6.7,9.0,2.0,9.0,1,5.0,6.0,3.0,5.0,Yes,7.0,Low,Low,Medium,2024/10/17
EMP4334,41.0,Male,Sale,Account Manager,2.8,42845.09,65.0,30.0,Yes,5.6,6.0,3.0,10.0,7,6.0,75.0,2.0,4.0,Y,7.0,Low,Low,Low,-
EMP6303,29.0,Female,Finance,Finance Manager,1.2,38476.31,46.0,5.0,Y,6.7,10.0,2.0,10.0,9,9.0,56.0,-8.0,5.0,-,7.0,Low,Low,Low,-
EMP1922,20.0,Female,Operations,Poerations Manager,2.0,36882.65,43.0,7.0,No,7.2,10.0,1.0,9.0,6,8.0,11.0,0.0,5.0,Yes,7.0,Low,Low,Low,07-13-2017
EMP5102,33.0,Female,Finance,-,7.0,32425.18,47.0,14.0,Yes,7.2,10.0,1.0,8.0,4,7.0,2.0,6.0,5.0,No,7.0,Low,Low,Low,19-Feb-2018
EMP5152,33.0,F,Hr,Recruiter,1.3,23552.23,50.0,13.0,Yes,7.2,10.0,1.0,10.0,4,6.0,10.0,4.0,5.0,No,7.0,Low,Low,Low,2016/03/01
EMP4406,42.0,Female,Finance,Financial Analyst,7.0,36456.77,38.0,0.0,N,7.3,10.0,1.0,9.0,7,8.0,4.0,6.0,5.0,N,8.0,Low,Low,Low,"December 27, 2022"
EMP1601,37.0,Male,Customer Support,Support Executive,1.4,24790.09,57.0,5.0,Yes,6.8,7.0,1.0,9.0,8,7.0,0.0,5.0,5.0,No,6.0,Low,Low,,2017/12/10
EMP5342,34.0,Male,Operations,Operations Manager,2.1,34689.18,40.0,0.0,Yes,6.4,10.0,1.0,10.0,4,6.0,14.0,2.0,5.0,No,7.0,Low,Low,Low,24-Jul-2023
EMP1958,34.0,Female,Hr,Support Team Lead,1.6,25079.98,49.0,11.0,N,7.8,8.0,1.0,10.0,6,8.0,31.0,6.0,5.0,,8.0,Low,Low,Low,2023/08/05
EMP2053,31.0,Female,Hr,Content Strategist,2.5,30176.05,48.0,3.0,Y,7.8,9.0,2.0,7.0,5,7.0,0.0,1.0,5.0,No,7.0,Low,Low,Low,-
EMP4537,32.0,Male,Admin,Office Manager,2.5,32918.41,45.0,12.0,Yes,8.0,9.0,1.0,10.0,6,6.0,10.0,2.0,5.0,No,7.0,Low,Low,Low,"February 04, 2017"
EMP2139,33.0,M,Administration,Front Desk Executive,7.4,32425.18,48.0,8.0,No,7.9,9.0,1.0,10.0,9,9.0,0.0,2.0,5.0,No,8.0,Low,Low,Low,04-16-2020
EMP6096,20.0,Male,Legal,Support Team Lead,2.0,24848.51,44.0,0.0,No,7.3,10.0,1.0,9.0,-,6.0,23.0,2.0,5.0,N,8.0,,Low,Low,2021/01/09
EMP1670,34.0,M,Operations,Support Team Lead,1.6,32760.23,30.0,6.0,Yes,6.6,10.0,1.0,10.0,5,8.0,13.0,4.0,5.0,Yes,7.0,Low,Low,Low,2020/08/25
EMP1993,33.0,Female,It,Software Engineer,2.2,22125.07,41.0,7.0,Yes,6.1,9.0,3.0,7.0,5,5.0,12.0,3.0,5.0,N,6.0,Low,Low,Low,12/12/2019
EMP2272,33.0,Female,Marketting,Marketing Manager,-6.959283326368181,48974.96,59.0,18.0,No,5.7,8.0,1.0,9.0,6,7.0,50.0,3.0,5.0,No,7.0,Low,Low,Low,-
EMP4244,22.0,Female,Sales,Business Development Executive,1.6,27831.81,40.0,1.0,Yes,6.9,10.0,1.0,9.0,-,5.0,1.0,3.0,5.0,Yes,7.0,Low,Low,Low,16-Nov-2016
EMP4272,43.0,Female,Sales,Account Manager,3.1,37609.73,45.0,5.0,N,8.6,10.0,1.0,10.0,5,5.0,10.0,1.0,5.0,Yes,7.0,Low,Low,Low,16/05/2024
EMP6104,42.0,Female,Sales,Sales Manager,2.5,47617.36,57.0,21.0,Yes,7.5,9.0,3.0,9.0,8,7.0,17.0,4.0,4.0,Yes,6.0,Low,Low,Low,2024-03-17
EMP4026,22.0,Female,Admin,Office Manager,3.6,40036.34,55.0,25.0,Y,7.7,8.0,1.0,10.0,7,7.0,13.0,2.0,5.0,Yes,8.0,Low,Low,Low,"January 01, 2028"
EMP4785,33.0,Male,Operations,Logistics Coordinator,2.5,28274.71,37.0,4.0,No,7.2,10.0,2.0,7.0,4,4.0,4.0,3.0,4.0,Yes,7.0,Low,Low,Low,2015-01-23
EMP2414,37.0,F,Marketting,Seo Specialist,3.8,32778.56,48.0,6.0,N,5.6,9.0,2.0,8.0,6,5.0,13.0,4.0,5.0,No,7.0,Low,Low,Low,2023-04-05
EMP3853,36.0,Female,It,System Admin,8.0,41044.5,30.0,4.0,No,7.9,10.0,2.0,8.0,6,6.0,29.0,4.0,3.0,N,6.0,Low,Low,Low,2017-09-12
EMP5151,36.0,Male,Sales,Account Manager,6.8,47427.62,49.0,8.0,No,5.5,10.0,1.0,9.0,6,8.0,2.0,3.0,5.0,No,7.0,Low,Low,Low,2025-05-26
EMP1687,24.0,Male,Operations,Operations Executive,0.2,32425.18,57.0,19.0,No,7.2,9.0,2.0,10.0,6,7.0,8.0,5.0,5.0,Yes,6.0,Low,Low,Low,06/10/2025
EMP5781,25.0,Female,Operations,Operations Manager,0.4,34938.53,40.0,0.0,N,6.5,10.0,1.0,9.0,5,6.0,8.0,2.0,5.0,Yes,7.0,Low,Low,Low,2022/11/11
EMP2541,39.0,Female,It,It Support,0.0,22342.99,45.0,8.0,No,6.6,9.0,1.0,8.0,5,6.0,4.0,2.0,4.0,No,8.0,Low,Low,Low,"April 20, 2026"
EMP2698,23.0,F,H.R.,Support Team Lead,1.3,20691.96,42.0,5.0,No,7.5,9.0,1.0,9.0,4,6.0,10.0,1.0,5.0,Yes,8.0,Low,Low,Low,2023-02-26
EMP4381,31.0,Female,Hr,Support Executive,13.0,32425.18,45.0,21.0,No,6.4,7.0,3.0,9.0,7,7.0,8.0,1.0,5.0,N,5.0,Low,Low,Low,2023-01-04
EMP5907,42.0,Male,Hr,Support Team Lead,3.1,26223.74,36.0,0.0,No,7.1,10.0,1.0,9.0,6,6.0,23.0,7.0,5.0,Yes,8.0,Low,Low,Low,30-Nov-2016
EMP2168,20.0,M,Legal,Legal Counsel,1.9,29047.27,45.0,6.0,No,8.5,9.0,1.0,7.0,6,7.0,4.0,3.0,5.0,-,7.0,Low,Low,Low,04-27-2023
EMP1899,35.0,Male,R&D,Data Scientist,2.1,40360.76,45.0,7.0,No,6.1,9.0,2.0,8.0,9,9.0,8.0,4.0,5.0,No,7.0,Low,Low,Low,2024-04-14
EMP5626,33.0,Male,Legal,Legal Advisor,2.6,24619.91,50.0,11.0,Yes,7.2,8.0,1.0,10.0,3,6.0,0.0,4.0,5.0,Y,7.0,Low,Low,Low,03/05/2016
EMP5653,21.0,Female,Sales,Support Team Lead,1.5,43872.78,45.0,9.0,Y,6.0,8.0,1.0,9.0,7,7.0,28.0,3.0,5.0,No,7.0,Low,Low,Low,06-Mar-2025
EMP6573,26.0,Other,Hr,Hr Manager,6.1,43695.78,36.0,7.0,No,7.1,10.0,2.0,9.0,4,6.0,10.0,3.0,5.0,N,6.0,Low,-,Low,2025/09/02
EMP6982,33.0,Male,Hr,Recruiter,2.5,32425.18,40.0,0.0,Y,7.1,10.0,1.0,9.0,10,8.0,3.0,5.0,5.0,Yes,6.0,Low,Low,Low,2022/12/02
EMP6140,45.0,Female,Operations,Operations Manager,10.4,50222.96,57.0,13.0,No,5.9,8.0,2.0,8.0,6,5.0,4.0,3.0,5.0,Yes,8.0,Low,Low,Low,2016-12-13
EMP3897,33.0,Female,Customer Support,Support Team Lead,0.5,28583.29,45.0,32.0,No,6.7,9.0,3.0,7.0,4,3.0,11.0,0.0,4.0,N,7.0,Medium,Moderate,Medium,2020-08-01
EMP1101,37.0,Male,Operations,Operations Executive,5.2,32125.39,53.0,17.0,No,5.7,9.0,1.0,9.0,4,6.0,0.0,3.0,5.0,N,6.0,Low,Low,Low,"May 14, 2017"
EMP1200,39.0,Male,Rnd,Research Analyst,2.2,29691.74,43.0,13.0,No,6.4,9.0,1.0,8.0,6,7.0,11.0,4.0,5.0,Yes,8.0,Low,Low,Low,-
EMP6510,37.0,Male,Hr,Recruiter,4.4,26053.98,45.0,21.0,Yes,8.2,10.0,3.0,8.0,4,5.0,31.0,1.0,5.0,No,7.0,Low,Low,Very High,2015-12-03
EMP6345,32.0,Male,Customer Support,Support Executive,14.0,44107.45,41.0,0.0,No,6.7,9.0,3.0,10.0,3,4.0,11.0,5.0,5.0,No,4.0,Low,Low,Medium,16/06/2022
EMP2762,29.0,Female,Legal,Compliance Officer,2.9,32425.18,33.0,0.0,Yes,6.7,10.0,1.0,9.0,4,5.0,1.0,7.0,5.0,Yes,7.0,Low,Low,Low,2022-10-22
EMP3873,29.0,Male,It,Qa Engineer,2.0,20305.59,49.0,16.0,No,8.0,8.0,1.0,10.0,2,6.0,1.0,0.0,5.0,Yes,5.0,Low,Low,Low,01/07/2024
EMP3294,21.0,Female,Admin,Office Manager,3.0,50073.06,39.0,0.0,No,7.5,10.0,1.0,9.0,5,7.0,6.0,3.0,5.0,N,7.0,Low,Low,Low,"March 21, 2022"
EMP2267,31.0,Male,Sales,Business Development Executive,2.3,27117.81,45.0,3.0,No,6.7,7.0,1.0,8.0,5,6.0,10.0,3.0,5.0,Yes,8.0,Low,Low,Low,2024-10-20
EMP3357,41.0,Male,R&D,Research Analyst,7.7,31246.73,42.0,0.0,N,9.0,10.0,1.0,10.0,5,7.0,11.0,4.0,5.0,No,8.0,Low,Low,Low,23-Mar-2019
EMP6694,49.0,Female,It,It Support,10.0,34500.01,45.0,5.0,Yes,7.8,9.0,1.0,10.0,8,7.0,33.0,4.0,5.0,Y,7.0,Low,Low,Low,2017/10/10
EMP6642,25.0,Male,Finance,Financial Analyst,3.1,32631.87,31.0,-4.0,Yes,9.0,10.0,1.0,10.0,4,6.0,10.0,2.0,5.0,Y,9.0,Low,Low,Low,2025/09/23
EMP2402,36.0,Female,Hr,Hr Executive,0.8,26466.27,45.0,23.0,Y,7.4,8.0,1.0,9.0,10,6.0,0.0,3.0,5.0,No,7.0,Low,Low,Low,02/08/2019
EMP4691,31.0,Male,Operations,-,10.5,34375.89,43.0,17.0,No,5.9,10.0,2.0,8.0,8,8.0,3.0,4.0,5.0,No,7.0,Low,Low,Low,"August 08, 2015"
EMP6522,37.0,Female,R&D,Research Analyst,1.0,37869.13,38.0,10.0,Y,7.0,9.0,1.0,8.0,6,8.0,4.0,3.0,5.0,Yes,6.0,Low,Low,Low,2019/12/16
EMP4584,33.0,Female,Finance,Finance Manager,1.3,35710.72,48.0,8.0,No,6.5,8.0,1.0,10.0,4,6.0,30.0,4.0,5.0,Yes,6.0,Low,Low,Low,"August 17, 2024"
EMP1997,33.0,Male,Hr,Recruiter,0.9,26893.02,45.0,3.0,No,7.3,10.0,1.0,10.0,3,6.0,0.0,3.0,4.0,No,6.0,Low,Low,Low,2015/11/30
EMP4112,44.0,Male,Hr,Compliance Officer,0.4,24228.25,45.0,5.0,No,7.0,8.0,1.0,9.0,8,6.0,14.0,1.0,5.0,Y,7.0,Low,Low,Low,2017/09/12
EMP3208,41.0,Female,Customer Support,Support Team Lead,2.6,36017.67,48.0,12.0,N,6.8,10.0,2.0,7.0,8,6.0,22.0,7.0,5.0,Yes,6.0,Low,Low,Low,2020/11/12
EMP3726,34.0,Female,Marketing,Seo Specialist,4.4,33296.57,48.0,8.0,No,8.0,7.0,2.0,7.0,7,5.0,21.0,3.0,5.0,N,5.0,Low,Low,-,04-08-2025
EMP4991,44.0,Male,Finance,Support Team Lead,2.9,31619.57,45.0,19.0,N,6.9,9.0,1.0,9.0,10,9.0,10.0,2.0,5.0,Y,6.0,Low,Low,Low,01-Jul-2023
EMP5959,39.0,Female,Admin,Front Desk Executive,1.8,32425.18,45.0,20.0,-,5.2,8.0,2.0,10.0,6,5.0,3.0,6.0,5.0,N,5.0,Low,Low,Low,11-03-2017
EMP5442,32.0,Male,-,Support Team Lead,2.9,25312.37,50.0,8.0,Yes,7.8,9.0,1.0,10.0,6,6.0,19.0,0.0,5.0,N,6.0,Low,Low,Low,25-Dec-2025
EMP2561,38.0,Female,Customer Support,Support Team Lead,2.6,42009.18,56.0,10.0,Yes,7.6,8.0,1.0,10.0,8,6.0,1.0,3.0,5.0,No,7.0,Low,Low,-,25/12/2015
EMP2507,38.0,Male,Sales,Business Development Executive,0.9,25624.44,41.0,0.0,No,-9.913956524350201,9.0,1.0,8.0,,5.0,3.0,4.0,5.0,Yes,7.0,,Low,Low,16/07/2017
EMP4192,25.0,Male,It,System Admin,3.0,33093.45,61.0,36.0,No,5.1,7.0,1.0,8.0,6,6.0,23.0,2.0,5.0,No,7.0,Low,Low,Low,29-Oct-2023
EMP2577,25.0,Male,Customer Support,Support Team Lead,7.0,50633.54,46.0,3.0,No,7.8,9.0,1.0,10.0,6,7.0,8.0,4.0,5.0,Yes,9.0,Low,Low,Low,"July 07, 2020"
EMP4968,40.0,Male,Hr,-,6.0,38699.67,44.0,1.0,No,7.2,9.0,1.0,9.0,8,6.0,49.0,3.0,5.0,Y,6.0,Low,Low,Low,29-May-2020
EMP2403,31.0,Male,It,It Support,5.0,36779.63,36.0,0.0,No,9.0,10.0,1.0,10.0,8,6.0,16.0,2.0,5.0,Yes,6.0,Low,Low,Low,06-07-2019
EMP3547,42.0,M,Finance,Support Team Lead,0.6,23987.56,49.0,10.0,No,8.1,9.0,3.0,7.0,6,6.0,10.0,0.0,5.0,No,6.0,Low,Low,Low,2023-09-18
EMP2529,34.0,F,Finance,Accountant,2.1,30069.45,51.0,17.0,Y,6.4,7.0,1.0,9.0,4,6.0,30.0,1.0,5.0,No,7.0,Low,Low,Low,08-Jun-2026
EMP2347,37.0,Male,Marketing,Support Team Lead,1.3,32425.18,47.0,5.0,No,7.3,9.0,2.0,8.0,5,6.0,33.0,8.0,5.0,No,7.0,Low,Low,Low,-
EMP3274,49.0,Male,Hr,Hr Executive,5.4,39943.75,38.0,5.0,Y,7.7,9.0,1.0,10.0,6,8.0,11.0,5.0,5.0,No,7.0,Low,Low,Low,-
EMP5037,33.0,Male,Marketing,Content Strategist,1.8,32425.18,39.0,4.0,No,7.4,9.0,1.0,9.0,6,6.0,9.0,2.0,5.0,Yes,8.0,Low,Low,Low,"June 06, 2019"
EMP3404,33.0,Female,-,Hr Executive,0.5,23899.94,48.0,8.0,N,5.8,10.0,2.0,10.0,6,7.0,0.0,2.0,5.0,No,7.0,Low,Low,Low,16-Jul-2020
EMP3260,39.0,Female,Hr,Logistics Coordinator,0.9,25176.86,38.0,0.0,No,7.2,10.0,1.0,10.0,4,7.0,10.0,3.0,5.0,Y,6.0,Low,Low,Low,2017/11/18
EMP5510,36.0,Male,Customer Support,Customer Success Manager,6.0,44422.22,52.0,14.0,No,6.8,7.0,1.0,9.0,7,5.0,30.0,1.0,5.0,Yes,7.0,Low,Low,Low,2018-04-11
EMP5585,33.0,Female,Ops,Operations Manager,0.4,28460.69,52.0,16.0,Yes,7.2,8.0,1.0,10.0,8,9.0,24.0,2.0,5.0,Yes,7.0,Low,Low,Low,"January 23, 2021"
EMP3518,38.0,Female,Sales,Sales Manager,2.9,31508.41,53.0,13.0,Y,7.2,9.0,1.0,9.0,6,7.0,7.0,4.0,5.0,N,6.0,Low,Low,Low,21-Jan-2021
EMP3835,29.0,Female,Operations,-,8.0,45621.36,45.0,7.0,Yes,6.2,9.0,1.0,9.0,9,8.0,22.0,4.0,5.0,N,8.0,Low,Low,Low,05/06/2017
EMP1006,34.0,Female,R&D,Data Scientist,6.2,49322.99,45.0,14.0,Yes,6.8,8.0,2.0,10.0,6,6.0,4.0,2.0,5.0,No,7.0,Low,Low,Low,10-07-2016
EMP6328,33.0,Male,Legal,Legal Counsel,2.5,29680.75,41.0,6.0,Y,7.3,9.0,1.0,9.0,6,6.0,32.0,1.0,5.0,N,6.0,Low,Low,Low,01-25-2025
EMP6235,25.0,Female,Admin,Admin Executive,2.2,24946.0,46.0,9.0,Yes,7.0,10.0,1.0,9.0,7,5.0,17.0,0.0,5.0,No,7.0,-,Low,Low,2015/10/15
EMP4082,35.0,Female,Sales,Business Development Executive,0.7,18749.49,45.0,0.0,Yes,6.1,10.0,1.0,9.0,3,5.0,10.0,3.0,5.0,Yes,7.0,,Low,Low,06-07-2018
EMP5885,38.0,Female,Sales,Business Development Executive,5.4,29874.5,35.0,5.0,Y,7.9,8.0,1.0,10.0,5,6.0,1.0,1.0,5.0,Yes,7.0,Low,Low,Low,12-02-2023
EMP4249,33.0,Male,Admin,Front Desk Executive,2.8,25478.16,49.0,18.0,Yes,5.3,9.0,1.0,10.0,6,8.0,0.0,1.0,5.0,N,7.0,Low,Low,Low,-
EMP6170,37.0,Male,Legal,Legal Counsel,3.6,36942.69,40.0,0.0,N,7.5,10.0,1.0,7.0,6,5.0,10.0,2.0,4.0,Yes,8.0,Low,Low,Low,02-Nov-2018
EMP6844,41.0,Male,Hr,Research Analyst,1.8,28066.2,56.0,13.0,Y,6.7,8.0,3.0,9.0,3,6.0,15.0,2.0,5.0,N,8.0,Low,Low,Low,2023-02-08
EMP3343,32.0,Other,Sales,Business Development Executive,8.5,42264.16,43.0,0.0,N,6.6,10.0,1.0,9.0,10,6.0,28.0,5.0,5.0,No,9.0,Low,Low,Low,11-Mar-2020
EMP6211,27.0,Female,Fiannce,Financial Analyst,5.1,32425.18,45.0,1.0,No,-6.524188407243207,10.0,1.0,9.0,3,5.0,5.0,5.0,5.0,No,8.0,Low,Low,Low,2021-10-07
EMP5738,47.0,Female,Marketing,Marketing Manager,1.9,37883.81,37.0,3.0,No,7.2,8.0,1.0,9.0,6,7.0,3.0,3.0,5.0,Yes,7.0,Low,Low,Low,2015/04/15
EMP5079,32.0,Male,Hr,Hr Executive,0.5,30842.42,51.0,17.0,Y,6.2,9.0,1.0,10.0,6,6.0,7.0,4.0,5.0,N,8.0,-,Low,Low,04-Jan-2020
EMP1413,37.0,Male,Marketing,Marketing Executive,12.2,44600.18,34.0,0.0,No,6.7,9.0,1.0,8.0,5,8.0,33.0,3.0,5.0,No,7.0,Low,Low,Low,"March 05, 2024"
EMP6822,38.0,Female,Marketing,Seo Specialist,2.1,29220.09,42.0,0.0,No,6.7,10.0,1.0,8.0,7,7.0,8.0,1.0,5.0,No,7.0,Low,Low,Low,2023-01-07
EMP2238,43.0,Male,Admin,Front Desk Executive,4.8,32502.63,47.0,12.0,No,7.3,7.0,1.0,9.0,8,7.0,11.0,4.0,5.0,No,6.0,Low,Low,Low,01-27-2024
EMP5895,47.0,Male,Legal,Compliance Officer,3.7,27061.63,47.0,0.0,N,6.8,9.0,1.0,8.0,5,6.0,7.0,2.0,5.0,,7.0,Low,Low,Low,08-17-2024
EMP1072,38.0,F,Legal,Compliance Officer,3.6,37744.9,43.0,5.0,No,6.1,10.0,1.0,9.0,4,4.0,0.0,3.0,5.0,No,5.0,Low,Low,Low,2018-10-22
EMP4852,33.0,Female,-,Qa Engineer,20.0,53248.83,43.0,0.0,No,6.4,10.0,2.0,7.0,5,6.0,6.0,6.0,5.0,No,7.0,Low,Low,Low,12-Aug-2022
EMP2781,33.0,Female,Sales,Sales Manager,0.9,41012.22,45.0,5.0,No,-9.911304959788996,8.0,2.0,7.0,4,5.0,47.0,2.0,5.0,N,7.0,Low,Low,Low,2015-10-17
EMP2307,41.0,Female,R&D,Support Team Lead,1.2,30660.43,30.0,0.0,Yes,7.4,10.0,1.0,8.0,5,8.0,24.0,8.0,5.0,No,8.0,Low,Low,Low,01/10/2015
EMP6676,36.0,Male,Admin,Support Team Lead,9.6,52653.12,45.0,6.0,Yes,7.4,10.0,2.0,7.0,2,5.0,4.0,3.0,5.0,Yes,7.0,Low,Low,Low,"December 29, 2017"
EMP5124,22.0,Female,Ops,Operations Manager,0.0,30842.82,53.0,8.0,N,6.0,8.0,1.0,9.0,7,7.0,24.0,2.0,5.0,N,7.0,Low,Low,Low,"August 30, 2016"
EMP5165,35.0,Female,Operations,Operations Manager,5.3,44612.1,40.0,5.0,Yes,7.5,9.0,1.0,8.0,8,6.0,40.0,3.0,5.0,N,7.0,Low,Low,Low,"March 01, 2016"
EMP6183,44.0,Male,It,Qa Engineer,1.0,20402.32,51.0,9.0,No,6.7,8.0,1.0,10.0,6,6.0,14.0,0.0,5.0,No,8.0,Low,Low,Low,"December 27, 2021"
EMP3078,30.0,Male,Operations,Support Team Lead,4.3,35523.61,34.0,0.0,No,8.1,10.0,1.0,9.0,8,7.0,3.0,3.0,5.0,Y,5.0,Low,Low,Low,30-Aug-2018
EMP3786,37.0,Male,Legal,Legal Advisor,1.4,25075.84,30.0,5.0,Y,7.2,9.0,2.0,9.0,4,5.0,10.0,1.0,5.0,Yes,7.0,Low,Low,Low,"February 27, 2023"
EMP3040,39.0,Male,R&D,Data Scientist,0.5,32425.18,46.0,9.0,Yes,8.0,10.0,1.0,10.0,7,7.0,7.0,3.0,5.0,No,7.0,Low,Low,Low,2020-12-04
EMP5156,33.0,-,Marketing,Seo Specialist,1.1,28496.98,38.0,0.0,Y,7.5,10.0,1.0,9.0,9,6.0,14.0,0.0,5.0,N,7.0,Low,Low,,2025-12-13
EMP5475,33.0,Female,Hr,Hr Generalist,1.2,31217.68,46.0,5.0,No,8.0,10.0,1.0,10.0,6,7.0,10.0,4.0,5.0,Yes,8.0,Low,Low,Low,2015-05-23
EMP5888,37.0,Female,Customer Support,Customer Success Manager,1.1,38615.09,47.0,6.0,Yes,8.6,9.0,1.0,10.0,1,4.0,13.0,4.0,5.0,N,8.0,Low,Low,Medium,25-Jun-2016
EMP5137,33.0,Male,Marketing,Marketing Executive,2.2,29552.14,35.0,1.0,No,8.5,9.0,1.0,10.0,4,7.0,28.0,7.0,5.0,No,7.0,Low,Low,Low,2018/09/02
EMP3241,34.0,Female,Hr,Support Team Lead,10.5,35880.77,50.0,3.0,No,5.2,8.0,1.0,7.0,9,6.0,25.0,3.0,5.0,No,7.0,Low,Low,Low,06-Jan-2025
EMP1818,26.0,Female,Customer Support,Customer Success Manager,5.1,50909.71,52.0,18.0,No,7.2,8.0,2.0,9.0,7,5.0,35.0,3.0,5.0,N,5.0,Unknown,Low,-,2020-05-25
EMP1148,35.0,Male,R&D,Data Scientist,5.7,32425.18,30.0,1.0,No,7.4,10.0,1.0,9.0,7,7.0,7.0,1.0,5.0,Yes,7.0,Low,Low,Low,05-31-2018
EMP1852,28.0,Female,Sales,,0.4,47373.24,37.0,0.0,-,8.6,10.0,1.0,10.0,8,6.0,8.0,2.0,5.0,N,7.0,Low,Low,Low,"October 24, 2023"
EMP1777,30.0,Female,R&D,R&D Engineer,12.0,42183.06,42.0,1.0,No,7.8,9.0,1.0,8.0,7,9.0,14.0,5.0,5.0,N,7.0,Low,Low,Low,-
EMP1781,44.0,Male,Hr,Hr Generalist,2.5,36802.45,42.0,5.0,No,8.0,9.0,1.0,8.0,8,6.0,6.0,7.0,5.0,Y,7.0,Low,Low,Low,10-Oct-2016
EMP5521,47.0,Female,Sale,Account Manager,4.5,43239.17,53.0,13.0,No,7.4,8.0,2.0,10.0,7,6.0,0.0,3.0,5.0,-,7.0,Low,Low,Low,30/04/2026
EMP3475,33.0,Female,I.T.,Qa Engnieer,2.8,28006.85,51.0,13.0,No,6.7,10.0,1.0,10.0,4,6.0,12.0,3.0,4.0,Yes,9.0,Low,Low,Low,-
EMP6126,35.0,F,Legal,Legal Advisor,2.5,25052.85,57.0,-23.0,No,6.9,7.0,2.0,9.0,6,7.0,6.0,1.0,5.0,N,6.0,Low,Low,Low,01-07-2022
EMP3694,38.0,Female,R&D,Data Scientist,0.9,32425.18,47.0,4.0,No,7.3,10.0,1.0,8.0,4,6.0,10.0,4.0,5.0,No,8.0,Low,Low,Low,08-16-2023
EMP1891,38.0,Male,Administration,Front Desk Executive,4.8,29429.73,35.0,0.0,No,8.4,9.0,1.0,9.0,5,7.0,16.0,3.0,5.0,Yes,7.0,Low,Low,Low,2026/02/18
EMP3462,33.0,Male,Finance,Financial Analyst,2.8,24500.92,30.0,5.0,No,7.7,9.0,2.0,10.0,3,5.0,3.0,3.0,4.0,Y,6.0,Low,Low,Low,-
EMP6092,33.0,Male,Hr,Hr Manager,2.4,35799.93,50.0,5.0,No,7.2,9.0,3.0,9.0,4,6.0,25.0,1.0,5.0,N,7.0,Low,Low,Low,2019/08/31
EMP5937,26.0,M,Legal,-,8.0,38072.28,45.0,5.0,Yes,7.4,8.0,1.0,10.0,5,6.0,9.0,3.0,5.0,No,7.0,Low,Low,Low,01/05/2019
EMP1578,25.0,Male,Customer Support,Support Team Lead,2.5,50040.28,30.0,2.0,,8.5,10.0,1.0,10.0,5,6.0,11.0,4.0,5.0,N,8.0,Low,Low,Low,2021/10/11
EMP1140,36.0,Female,It,System Admin,1.9,33162.63,58.0,27.0,No,5.8,7.0,1.0,10.0,7,9.0,0.0,5.0,5.0,No,9.0,Low,Low,Low,08/05/2025
EMP2199,32.0,Female,Hr,Seo Specialist,9.3,38792.91,47.0,0.0,No,7.0,10.0,1.0,7.0,8,6.0,4.0,3.0,5.0,N,7.0,Low,Low,Low,2019-03-14
EMP1895,36.0,Male,Fiannce,Finance Manager,0.2,34416.21,38.0,0.0,Yes,7.1,10.0,1.0,10.0,8,7.0,19.0,3.0,5.0,Yes,8.0,Low,Low,Low,09-25-2021
EMP2663,22.0,Female,Finance,Financial Analyst,0.0,29560.05,46.0,18.0,No,7.2,8.0,1.0,8.0,7,6.0,35.0,6.0,5.0,No,7.0,Low,Low,Low,02/06/2018
EMP4373,31.0,Male,Customer Support,Support Executive,2.5,32693.7,51.0,12.0,No,6.3,9.0,1.0,10.0,7,7.0,23.0,3.0,5.0,No,7.0,Low,Low,Low,11/05/2022
EMP6246,28.0,Other,R&D,R&D Engineer,2.4,28788.91,44.0,5.0,No,8.4,8.0,1.0,9.0,6,6.0,2.0,0.0,5.0,Yes,7.0,Low,Low,Low,07-19-2023
EMP6577,26.0,Male,Human Resources,Hr Executive,4.7,31409.41,38.0,4.0,No,7.2,10.0,1.0,10.0,-,6.0,7.0,4.0,5.0,,6.0,Low,Low,Low,17/08/2021
EMP3962,20.0,Male,Legal,Support Team Lead,2.0,30097.55,38.0,0.0,Y,6.6,10.0,1.0,10.0,7,6.0,2.0,5.0,5.0,Yes,7.0,Low,Low,Low,2024/03/01
EMP5066,41.0,Male,It,Software Engineer,4.4,33639.36,38.0,3.0,No,7.9,10.0,1.0,10.0,8,8.0,10.0,4.0,5.0,No,7.0,Low,Low,Low,2018/08/14
EMP2206,40.0,Male,Legal,Support Team Lead,0.0,26053.16,43.0,5.0,-,7.3,10.0,1.0,10.0,9,7.0,15.0,2.0,4.0,N,9.0,Low,Low,Low,01/01/2028
EMP2745,39.0,Male,Legal,Legal Counsel,1.0,25589.3,53.0,12.0,No,7.5,9.0,4.0,8.0,5,6.0,10.0,2.0,5.0,Yes,7.0,Low,Low,Low,21/06/2018
EMP4665,24.0,Male,Customer Support,Support Executive,2.5,26878.54,40.0,0.0,No,8.1,9.0,1.0,7.0,4,6.0,8.0,5.0,5.0,N,7.0,Low,Low,Low,18/11/2022
 emp3440 ,33.0,F,Hr,Legal Advisor,1.7,30996.58,45.0,4.0,N,7.2,9.0,1.0,10.0,6,7.0,10.0,2.0,5.0,N,6.0,Low,Low,Low,01/11/2023
EMP4542,34.0,Female,Hr,Oeprations Executive,0.3,22873.56,50.0,15.0,Yes,6.3,8.0,1.0,6.0,4,5.0,6.0,3.0,5.0,No,6.0,Low,Low,Medium,2026-03-01
EMP3100,33.0,Male,Legal,Compliance Officer,1.8,21154.31,47.0,8.0,No,6.9,9.0,1.0,10.0,6,7.0,18.0,1.0,5.0,No,7.0,Low,Low,Low,"February 28, 2017"
EMP1070,29.0,Female,Marketing,-,0.0,31641.4,45.0,-27.0,No,6.5,9.0,1.0,10.0,2,5.0,1.0,4.0,5.0,Y,5.0,Low,-,Medium,2021/06/08
EMP5759,35.0,M,Finance,Accountant,4.8,33595.37,59.0,27.0,Y,6.9,6.0,3.0,8.0,6,6.0,9.0,6.0,5.0,Yes,9.0,Low,Low,Low,2016/08/17
EMP2224,30.0,Female,Hr,-,8.1,37161.82,49.0,10.0,No,6.6,9.0,2.0,8.0,4,6.0,20.0,3.0,5.0,No,7.0,Low,Low,Low,2017-05-17
EMP1654,33.0,Female,Sales,Sales Executive,1.6,31777.81,45.0,-6.0,N,7.3,10.0,1.0,10.0,2,7.0,2.0,2.0,5.0,Yes,6.0,Low,Low,Low,08/12/2024
EMP5348,25.0,Male,R&D,R&D Engineer,0.3,18606.91,61.0,25.0,No,7.4,6.0,2.0,10.0,8,7.0,11.0,2.0,4.0,No,7.0,Low,Low,Low, 
EMP4621,43.0,Male,Admin,Admin Executive,0.7,33333.44,42.0,13.0,Yes,9.0,8.0,2.0,9.0,5,4.0,1.0,3.0,4.0,No,9.0,Low,Low,Low,02-Jul-2021
EMP2188,31.0,Female,Hr,Content Strategist,3.0,29968.61,53.0,20.0,No,6.8,9.0,2.0,8.0,7,8.0,12.0,4.0,5.0,Yes,6.0,Low,Low,Low,2023/03/30
EMP2771,38.0,Male,Hr,Hr Executive,0.9,23461.3,62.0,27.0,No,6.8,5.0,2.0,8.0,8,6.0,33.0,3.0,5.0,No,8.0,Low,Low,Low,08-12-2016
EMP5901,26.0,Female,Sales,Account Manager,2.6,35883.08,45.0,21.0,,5.9,7.0,2.0,9.0,6,6.0,3.0,4.0,5.0,N,7.0,Low,Low,Medium,"June 30, 2025"
EMP1240,30.0,Female,Finance,Auditor,1.6,29844.01,31.0,7.0,No,7.4,10.0,1.0,8.0,4,6.0,0.0,3.0,5.0,No,7.0,Low,Low,Low,"January 25, 2025"
EMP1583,34.0,Female,Hr,Hr Executive,4.4,29441.84,50.0,5.0,No,7.2,8.0,2.0,8.0,5,7.0,1.0,7.0,5.0,No,8.0,Low,Low,Low,26/10/2020
EMP5707,40.0,Male,Hr,Hr Executive,6.2,34845.02,40.0,0.0,Y,7.3,10.0,2.0,9.0,2,5.0,13.0,3.0,4.0,No,7.0,,Low,Low,"March 29, 2016"
EMP3009,20.0,Female,R&D,Support Team Lead,2.0,39266.38,39.0,5.0,No,9.0,9.0,2.0,7.0,6,6.0,6.0,4.0,5.0,No,8.0,Low,Low,Low,2022-06-06
EMP1229,42.0,Other,Legal,Legal Counsel,0.1,27455.16,36.0,6.0,No,6.6,10.0,1.0,10.0,3,5.0,6.0,3.0,5.0,Y,8.0,Low,Low,Low,"May 06, 2021"
EMP2704,20.0,Male,Operations,Support Team Lead,2.0,31030.56,32.0,0.0,No,9.0,10.0,2.0,9.0,8,7.0,37.0,3.0,5.0,Yes,8.0,-,Low,Low,2016-02-07
EMP5878,36.0,Female,Admin,Front Desk Executive,1.1,28214.36,55.0,19.0,No,7.1,9.0,1.0,10.0,7,8.0,8.0,3.0,5.0,Yes,7.0,Low,Low,Low,2016-12-19
EMP2360,25.0,Female,Hr,Hr Executive,7.0,27867.75,51.0,11.0,No,7.1,8.0,1.0,9.0,9,7.0,12.0,4.0,5.0,No,7.0,Low,Low,Low,2015/08/08
EMP3902,34.0,Male,R&D,R&D Engineer,6.1,32153.75,48.0,10.0,Y,7.2,8.0,1.0,8.0,6,7.0,48.0,0.0,5.0,No,8.0,Low,Low,Low,-
EMP3082,46.0,Male,Customer Support,Customer Success Manager,8.9,53979.54,45.0,0.0,No,6.9,10.0,1.0,10.0,7,7.0,20.0,6.0,5.0,Yes,7.0,Low,Low,Low,2018-12-05
EMP4439,33.0,Female,Legal,Compliance Officer,2.7,26703.38,44.0,3.0,Yes,8.2,9.0,1.0,9.0,7,7.0,2.0,3.0,5.0,No,8.0,Low,Low,Low,13/06/2024
EMP6791,26.0,Male,H.R.,Recruiter,6.8,36066.57,44.0,1.0,No,7.9,9.0,1.0,9.0,6,6.0,7.0,3.0,5.0,N,8.0,Low,Low,Low,"July 09, 2025"
EMP5010,34.0,Male,Operations,Logistics Coordinator,0.5,25828.77,38.0,0.0,No,7.6,10.0,1.0,9.0,8,6.0,4.0,6.0,5.0,Yes,8.0,Low,Low,Low,08-03-2015
EMP4518,40.0,Male,Sales,Sales Executive,12.7,45981.09,45.0,3.0,No,7.6,10.0,2.0,10.0,4,6.0,10.0,3.0,5.0,N,8.0,Low,Low,Low,-
EMP2089,31.0,Male,Hr,Admin Executive,4.7,31887.59,32.0,1.0,No,7.4,10.0,1.0,10.0,6,7.0,3.0,2.0,4.0,No,9.0,Low,Low,Low,-
EMP1192,33.0,Male,Admin,Front Desk Xeecutive,9.1,41193.37,35.0,0.0,Y,8.8,10.0,1.0,8.0,7,6.0,6.0,0.0,5.0,N,8.0,Low,Low,Low,2024/08/25
EMP4540,40.0,Female,It,Qa Engineer,2.4,28200.13,50.0,17.0,No,5.5,8.0,2.0,9.0,6,7.0,7.0,5.0,5.0,No,7.0,Low,Low,Low,14-Mar-2022
EMP4928,34.0,Female,Operations,Operations Executive,16.0,40125.87,45.0,0.0,Yes,7.2,9.0,1.0,10.0,5,6.0,39.0,3.0,5.0,N,7.0,Low,Low,Low,15/12/2024
EMP2406,44.0,M,R&D,R&D Engineer,1.7,29109.7,44.0,3.0,No,7.4,9.0,1.0,10.0,7,6.0,16.0,4.0,5.0,N,7.0,Low,Low,Low,30/06/2018
EMP1938,21.0,Male,Finance,Auditor,0.2,23031.88,45.0,-19.0,No,7.3,9.0,1.0,10.0,2,6.0,10.0,7.0,5.0,Yes,7.0,Low,Low,Low,2024/05/10
EMP6809,30.0,Male,Marketing,Marketing Manager,1.0,32425.18,48.0,5.0,No,7.2,9.0,-3.0,8.0,4,5.0,0.0,5.0,5.0,N,7.0,Low,Low,Low,05-25-2021
EMP3952,44.0,Female,Hr,Recruiter,2.1,28919.31,50.0,15.0,Y,7.5,9.0,1.0,9.0,8,7.0,17.0,3.0,4.0,N,7.0,Low,Low,Low,29-Jan-2020
EMP4457,28.0,Male,It,Devops Engineer,7.6,35003.2,34.0,5.0,No,0.5,10.0,1.0,10.0,8,6.0,15.0,4.0,5.0,No,8.0,Low,Low,Low,2023/09/18
EMP6531,41.0,Male,Legal,Support Team Lead,7.3,40141.85,53.0,9.0,N,5.5,10.0,1.0,9.0,6,7.0,1.0,2.0,4.0,Yes,6.0,Low,Low,Low,20-Jan-2017
EMP1022,23.0,Female,Legal,Legal Advisor,1.4,17765.54,45.0,3.0,N,7.2,10.0,2.0,9.0,8,8.0,32.0,3.0,5.0,No,8.0,,Low,Low,-
EMP1588,20.0,Male,Finance,Support Team Lead,1.5,23942.42,41.0,10.0,N,6.9,9.0,1.0,9.0,8,7.0,2.0,4.0,5.0,N,7.0,Low,Low,Low,-
EMP5984,34.0,Male,It,Qa Engineer,0.3,23278.64,47.0,12.0,No,6.3,9.0,3.0,8.0,6,4.0,1.0,4.0,5.0,No,7.0,Low,Low,Low,-
EMP4471,26.0,Female,Finance,Auditor,0.5,23077.76,45.0,1.0,Y,6.6,9.0,2.0,9.0,2,4.0,9.0,3.0,5.0,N,8.0,Low,Low,Medium,"December 26, 2019"
EMP2921,20.0,Male,Marketing,Marketing Manager,2.0,41752.04,38.0,0.0,N,8.3,9.0,1.0,9.0,6,7.0,46.0,4.0,5.0,N,7.0,Low,Low,Low,2020/09/03
EMP1207,31.0,Male,Customer Support,Support Team Lead,2.5,44974.87,41.0,0.0,No,8.7,10.0,1.0,9.0,6,5.0,18.0,3.0,5.0,N,7.0,Low,Low,Low,11-01-2019
EMP5260,36.0,Male,Sales,Sales Executive,1.9,29681.86,52.0,15.0,No,7.2,8.0,1.0,9.0,7,6.0,0.0,3.0,5.0,No,8.0,Low,Low,Low,22/05/2019
EMP2834,43.0,Male,Admin,Officem Anager,6.9,39440.03,45.0,5.0,No,8.7,10.0,1.0,10.0,5,6.0,38.0,4.0,5.0,No,8.0,Low,Low,,13-Jan-2019
EMP2458,33.0,Female,Finance,Financial Analyst,2.0,20358.44,45.0,21.0,No,5.9,8.0,3.0,7.0,8,4.0,3.0,3.0,5.0,No,6.0,Low,Low,Low,"December 07, 2025"
EMP3058,33.0,Male,Admin,Front Desk Executive,8.5,33909.48,51.0,17.0,N,6.4,7.0,1.0,9.0,6,6.0,0.0,4.0,5.0,Yes,7.0,Low,Low,Low,"September 08, 2022"
EMP5067,33.0,Male,Hr,Hr Manager,4.4,42152.75,59.0,15.0,Yes,5.6,8.0,1.0,7.0,6,6.0,22.0,3.0,5.0,N,7.0,Low,Low,Low,2021-05-14
EMP1247,28.0,Female,Operations,Operations Executive,2.1,31968.51,51.0,12.0,N,6.8,7.0,1.0,8.0,4,6.0,10.0,3.0,5.0,Y,8.0,Low,Low,Low,"May 22, 2023"
EMP3656,33.0,Female,Finance,Finance Manager,1.7,48790.69,55.0,11.0,N,8.6,9.0,1.0,10.0,,7.0,12.0,3.0,5.0,Yes,7.0,Low,Low,Low,21/08/2024
EMP2243,21.0,Female,Marketing,Seo Specialist,3.0,29997.11,45.0,0.0,Yes,7.2,10.0,1.0,9.0,6,6.0,10.0,2.0,5.0,No,8.0,Low,Low,Low,-
EMP5042,33.0,Other,Marketting,Support Team Lead,1.7,37416.08,31.0,0.0,No,7.7,10.0,1.0,10.0,6,7.0,1.0,4.0,5.0,Yes,7.0,Low,Low,Low,-
EMP5166,33.0,Male,Fiannce,Accountant,0.2,29915.07,48.0,5.0,Yes,7.4,9.0,1.0,10.0,5,5.0,40.0,1.0,5.0,Yes,8.0,Low,Low,Low,2017-02-05
EMP5946,35.0,Female,,Hr Manager,5.0,47546.61,41.0,0.0,No,8.1,9.0,1.0,10.0,7,4.0,6.0,1.0,5.0,N,6.0,Low,Low,Low,04-03-2023
EMP1437,37.0,Female,Operations,Operations Executive,0.2,26155.24,45.0,1.0,No,7.7,10.0,1.0,9.0,6,6.0,5.0,5.0,5.0,Yes,8.0,Low,Low,Very High,08-12-2023
EMP6774,39.0,Male,It,Software Engineer,2.1,19659.22,45.0,5.0,No,5.5,10.0,2.0,7.0,1,5.0,10.0,2.0,5.0,Y,8.0,Low,Low,Medium,15/05/2017
EMP6013,20.0,Male,Customer Support,Support Team Lead,2.0,33210.15,32.0,6.0,No,6.5,9.0,1.0,10.0,5,7.0,19.0,3.0,5.0,N,8.0,Low,Low,Low,26/01/2021
EMP3748,39.0,Female,Legal,Legal Counsel,2.8,26809.59,45.0,17.0,Yes,5.9,7.0,2.0,10.0,4,7.0,10.0,3.0,4.0,No,7.0,Low,Low,Low,"October 17, 2025"
EMP4990,41.0,Female,It,System Admin,1.1,32425.18,45.0,5.0,Yes,5.8,10.0,1.0,10.0,5,5.0,23.0,5.0,5.0,Yes,7.0,Low,Low,Low,06/01/2020
EMP4427,30.0,Female,Legal,Legal Advisor,1.3,25138.47,55.0,15.0,No,6.6,9.0,1.0,10.0,8,6.0,0.0,3.0,5.0,Yes,7.0,Low,Low,Low,"October 04, 2020"
EMP2972,32.0,Male,Operations,Logistics Coordinator,3.8,32425.18,53.0,11.0,No,6.7,8.0,1.0,10.0,8,9.0,15.0,5.0,5.0,Yes,7.0,Low,Low,Low,2025-03-16
EMP4266,41.0,Male,Admin,-,0.8,48313.88,54.0,13.0,Y,8.0,6.0,1.0,10.0,8,9.0,12.0,1.0,5.0,N,6.0,Low,Low,Low,"March 24, 2021"
EMP3403,21.0,Female,Operations,Logistics Coordinator,0.1,29255.88,46.0,9.0,No,7.1,10.0,1.0,9.0,7,5.0,40.0,5.0,5.0,Yes,9.0,Low,Low,Low,18-May-2025
EMP2201,31.0,Female,Sales,Business Development Executive,0.9,25933.66,45.0,5.0,Yes,6.3,10.0,1.0,9.0,8,7.0,0.0,6.0,5.0,Y,7.0,Low,Low,Low,-
EMP2681,35.0,Female,Marketing,Marketign Executive,5.5,32715.22,53.0,22.0,No,5.7,7.0,4.0,8.0,6,3.0,22.0,2.0,5.0,N,7.0,Medium,-,Medium,"February 08, 2015"
EMP6469,21.0,Male,Operations,Operations Manager,0.9,46598.2,43.0,5.0,No,8.2,8.0,1.0,7.0,2,7.0,43.0,7.0,4.0,No,7.0,Low,Low,Low,"September 20, 2019"
EMP5438,40.0,Female,Finance,Finance Manager,1.4,39951.13,45.0,0.0,No,7.3,9.0,1.0,7.0,7,7.0,8.0,4.0,5.0,No,7.0,Low,Low,Low,2024-02-18
EMP4609,26.0,Male,Admin,Support Team Lead,1.1,32041.26,54.0,16.0,Yes,7.3,9.0,1.0,9.0,4,6.0,10.0,4.0,5.0,No,6.0,Low,Low,Low,2020/02/16
EMP4648,22.0,-,R&D,Data Scientist,0.2,34937.6,30.0,0.0,No,8.3,10.0,2.0,9.0,6,6.0,9.0,1.0,5.0,No,7.0,Low,Low,Low,09-09-2025
EMP5734,33.0,M,-,Hr Manager,10.4,55369.52,45.0,10.0,No,7.6,9.0,1.0,8.0,7,6.0,10.0,3.0,4.0,No,7.0,Low,Low,Low,"September 28, 2015"
EMP2036,29.0,Female,Information Technology,Software Engineer,7.7,36161.28,45.0,0.0,Y,7.2,9.0,1.0,9.0,2,7.0,38.0,3.0,5.0,Y,7.0,Low,Low,Low,2018/04/27
EMP2432,34.0,Male,Ops,Operations Manager,0.5,36651.42,53.0,10.0,No,7.0,7.0,1.0,9.0,6,6.0,8.0,3.0,5.0,No,7.0,Low,Low,-, 
EMP4590,34.0,Male,Hr,Hr Executive,2.3,34410.32,45.0,21.0,Yes,7.1,8.0,1.0,9.0,6,8.0,16.0,1.0,5.0,No,7.0,Low,Low,Low,"May 01, 2023"
EMP2868,46.0,Male,Legal,Legal Advisro,0.2,26947.45,47.0,8.0,N,7.1,9.0,3.0,7.0,7,6.0,11.0,3.0,5.0,No,8.0,Low,Low,Low,"May 13, 2016"
EMP5940,20.0,Female,Finance,Support Team Lead,2.5,35671.99,51.0,5.0,Yes,7.5,9.0,2.0,9.0,5,7.0,37.0,3.0,5.0,Yes,8.0,Low,Low,Low,2017/08/06
EMP2670,26.0,Female,Admin,Admin Executive,6.4,32279.95,45.0,3.0,No,8.0,9.0,1.0,10.0,6,5.0,34.0,4.0,5.0,No,7.0,Low,Low,Low,2022-12-01
EMP1202,23.0,Male,Marketing,Marketing Xeecutive,1.5,24090.98,45.0,0.0,Y,6.7,9.0,1.0,9.0,6,6.0,4.0,0.0,5.0,No,8.0,Low,Low,Low,06-Dec-2021
EMP6145,31.0,-,I.T.,System Admin,2.8,27318.55,39.0,0.0,Y,8.3,10.0,1.0,9.0,4,7.0,13.0,3.0,5.0,Y,8.0,Low,Low,Low,2016-12-08
EMP6507,33.0,Female,Admin,Office Manager,0.9,38687.09,39.0,0.0,N,7.1,10.0,1.0,10.0,9,8.0,2.0,3.0,5.0,Yes,7.0,Low,Low,Low,2026/04/03
EMP5292,35.0,-,Marketing,Seo Specialist,1.6,20922.16,38.0,4.0,No,6.8,9.0,1.0,10.0,7,7.0,5.0,1.0,5.0,Yes,8.0,Low,Low,Low,2019-12-07
EMP2875,33.0,Female,Hr,Hr Generalist,0.9,27447.36,34.0,0.0,N,7.2,9.0,1.0,9.0,7,6.0,10.0,3.0,5.0,Y,5.0,Low,Low,Low,2018-08-15
EMP5659,29.0,Female,Cust. Support,Support Team Lead,11.0,38837.98,30.0,0.0,Yes,5.9,10.0,1.0,10.0,1,6.0,16.0,3.0,5.0,Yes,5.0,Low,Low,Low,12-15-2021
EMP2190,20.0,Male,Customersupport,Support Team Lead,2.0,33142.04,45.0,4.0,No,6.6,9.0,2.0,8.0,6,8.0,10.0,2.0,5.0,No,6.0,Low,Low,Low,-
EMP5506,22.0,Male,Information Technology,It Support,2.5,32425.18,49.0,5.0,No,6.7,10.0,3.0,9.0,5,5.0,11.0,1.0,5.0,Y,6.0,Low,Low,Low,-
EMP5600,32.0,Male,It,It Support,4.6,28401.44,51.0,11.0,No,5.1,8.0,1.0,9.0,4,6.0,2.0,2.0,5.0,Yes,9.0,Low,Low,Low,"March 11, 2023"
EMP5760,23.0,Male,Hr,Hr Manager,5.0,32425.18,51.0,5.0,N,7.2,8.0,1.0,10.0,5,7.0,25.0,3.0,5.0,Yes,7.0,Low,Low,Low,-
EMP2721,34.0,Female,Hr,Recruiter,0.1,21418.13,43.0,0.0,No,6.5,9.0,1.0,10.0,9,7.0,10.0,3.0,5.0,Yes,6.0,Low,Low,Low,29-Aug-2024
EMP3441,32.0,Male,Sales,Business Development Executive,1.3,25215.47,55.0,24.0,Yes,7.3,5.0,1.0,10.0,9,6.0,16.0,1.0,4.0,Yes,7.0,Low,Low,Low,-
EMP6972,42.0,Male,Legal,Legal Counsel,0.6,25725.37,34.0,0.0,Yes,8.3,9.0,3.0,9.0,7,7.0,17.0,0.0,5.0,No,7.0,Low,Low,Low,2015-08-16
EMP3303,33.0,Female,Legal,Support Team Lead,5.5,31138.98,46.0,5.0,Yes,7.5,10.0,1.0,10.0,-,7.0,31.0,4.0,5.0,Y,8.0,Low,Low,Low,03-31-2015
EMP1424,31.0,Male,Marketing,Marketing Executive,2.1,24339.95,37.0,7.0,No,6.5,9.0,1.0,10.0,5,6.0,24.0,1.0,3.0,Yes,7.0,Low,Low,Low,2022/09/11
EMP5688,35.0,Male,Information Technology,Devops Engineer,0.2,26869.33,39.0,0.0,No,7.0,10.0,1.0,8.0,8,6.0,0.0,3.0,5.0,No,8.0,Low,Low,Low,03-22-2015
EMP5570,20.0,Female,Sales,Business Development Executive,2.0,32433.66,30.0,5.0,No,6.9,10.0,1.0,8.0,4,6.0,16.0,1.0,5.0,Yes,7.0,Low,Low,Low,30/03/2017
EMP6352,47.0,Male,Information Technology,It Support,9.7,41163.95,45.0,0.0,No,7.9,9.0,1.0,10.0,7,5.0,5.0,3.0,5.0,N,7.0,Low,Low,Low,2026/02/10
EMP4894,37.0,Other,Customer Support,Support Executive,0.9,28910.5,52.0,4.0,No,7.6,8.0,1.0,9.0,5,6.0,10.0,1.0,5.0,N,7.0,Low,Low,Low,2023/06/14
EMP5991,37.0,Male,Hr,Hr Manager,0.1,30766.27,55.0,20.0,No,6.0,7.0,2.0,9.0,4,5.0,40.0,3.0,5.0,No,8.0,Low,Low,Low,-
EMP2912,48.0,Male,Hr,R&D Engineer,5.1,36644.61,43.0,8.0,No,7.1,7.0,2.0,10.0,5,6.0,24.0,1.0,5.0,Yes,5.0,Low,Low,Low,23-Mar-2026
EMP2976,28.0,Male,Marketing,,0.0,26934.4,59.0,21.0,No,7.4,8.0,2.0,7.0,6,6.0,50.0,2.0,5.0,Yes,7.0,Low,Low,Low,2015/10/27
EMP4291,24.0,Female,Hr,Office Manager,6.0,53019.01,57.0,17.0,No,6.0,8.0,1.0,9.0,7,5.0,27.0,3.0,5.0,Yes,6.0,Low,Low,Low,2022/04/05
EMP4977,33.0,Female,Sales,Business Development Executive,4.9,33685.64,30.0,0.0,No,8.1,9.0,1.0,8.0,9,7.0,12.0,2.0,5.0,Y,8.0,Low,Low,Low,-
EMP3840,31.0,Female,Hr,Recruiter,0.2,32425.18,52.0,19.0,,7.1,9.0,1.0,8.0,4,6.0,1.0,4.0,5.0,No,7.0,Low,Low,Low,20/12/2022
EMP5539,33.0,Female,Sales,Sales Executive,10.0,36905.26,53.0,15.0,No,7.7,9.0,2.0,9.0,9,8.0,12.0,3.0,5.0,Yes,6.0,Low,Low,Low,2023-05-18
EMP5346,35.0,Female,Hr,Support Team Lead,2.2,23642.55,39.0,0.0,Y,8.9,10.0,1.0,10.0,5,5.0,10.0,2.0,5.0,Yes,7.0,Low,Low,Low,21-Jul-2023
EMP1458,50.0,Male,Hr,Hr Generalist,14.5,32425.18,42.0,6.0,No,6.9,10.0,1.0,9.0,6,7.0,21.0,1.0,5.0,N,9.0,Low,Low,Low,2024/08/05
EMP6922,20.0,Female,Marketing,Seo Specialist,2.0,29153.62,45.0,1.0,No,8.4,10.0,1.0,10.0,6,7.0,6.0,3.0,3.0,No,8.0,Low,Low,Low,2019/09/26
EMP5671,26.0,M,Sales,Sales Manager,2.7,45231.28,59.0,28.0,No,6.1,7.0,2.0,9.0,6,7.0,20.0,4.0,5.0,No,9.0,,Low,Low,13/10/2020
EMP4296,34.0,Female,Admin,Office Manager,2.5,47325.46,39.0,0.0,Y,7.2,10.0,1.0,10.0,6,7.0,10.0,1.0,5.0,No,8.0,Low,Low,Low,"September 19, 2020"
EMP4077,20.0,M,Customer Support,Customer Success Manager,0.3,32824.48,44.0,5.0,Yes,7.1,8.0,3.0,6.0,4,7.0,71.0,0.0,5.0,No,8.0,Low,Low,Low,"November 23, 2019"
EMP1018,34.0,Other,Sales,Sales Executive,11.0,38815.44,45.0,5.0,No,7.5,9.0,2.0,9.0,7,8.0,23.0,2.0,5.0,No,7.0,Low,Low,Low,2020-12-25
EMP6356,38.0,Male,Legal,Compliance Officer,3.7,32625.78,32.0,2.0,No,8.3,9.0,2.0,8.0,5,5.0,11.0,3.0,5.0,No,5.0,Low,Low,Low,12-01-2021
EMP6340,31.0,Male,Sales,Sales Manager,9.3,40761.96,36.0,0.0,No,8.4,10.0,2.0,10.0,2,4.0,62.0,5.0,5.0,Y,6.0,Low,Low,Low,09-30-2017
EMP6718,33.0,F,Finance,Support Team Lead,2.5,40971.53,55.0,14.0,Yes,7.3,9.0,1.0,9.0,10,8.0,0.0,3.0,5.0,No,9.0,Low,Low,Low,04-12-2016
EMP1151,21.0,Male,Hr,Hr Executive,1.8,31256.51,40.0,0.0,No,7.2,10.0,1.0,10.0,8,8.0,7.0,3.0,5.0,No,8.0,Low,Low,Low,-
EMP3055,48.0,Female,Finance,Accountant,1.0,27638.42,45.0,19.0,-,6.7,7.0,1.0,9.0,10,8.0,16.0,7.0,5.0,N,6.0,Low,Low,Low,02-22-2021
EMP3579,37.0,M,Marketing,Content Strategist,6.1,31480.55,36.0,0.0,,6.3,10.0,1.0,9.0,6,7.0,16.0,3.0,5.0,N,6.0,Low,Low,Low,22-Feb-2015
EMP6681,22.0,Male,Sales,Sales Manager,4.0,41038.42,40.0,12.0,No,7.2,10.0,1.0,9.0,5,6.0,1.0,2.0,5.0,No,8.0,Low,Low,-,2016/07/05
EMP5409,40.0,F,Hr,Recruiter,4.6,38975.03,60.0,18.0,Yes,6.2,8.0,2.0,8.0,9,7.0,2.0,3.0,5.0,No,7.0,Low,Low,Low,2018/12/26
EMP1549,32.0,Male,Legal,Compliance Officer,2.5,36956.79,53.0,15.0,Yes,6.3,7.0,1.0,9.0,4,5.0,10.0,3.0,5.0,No,6.0,Low,Low,Low,04-15-2023
EMP2162,22.0,-,Hr,Admin Executive,1.0,30697.27,43.0,0.0,N,5.6,10.0,1.0,8.0,10,6.0,6.0,1.0,5.0,N,8.0,Low,Low,,2019/04/01
EMP5624,33.0,Male,It,,2.3,25221.45,34.0,4.0,No,6.9,10.0,1.0,10.0,5,7.0,6.0,3.0,5.0,Yes,7.0,Low,Low,Low,2026/02/20
EMP4051,29.0,Male,Customersupport,Support Executive,1.6,31621.03,44.0,3.0,Yes,7.8,9.0,1.0,8.0,6,8.0,20.0,2.0,5.0,N,6.0,Low,Low,Low,2024/05/26
EMP1984,27.0,Female,Marketing,Content Strategist,1.6,25900.78,60.0,16.0,No,6.0,8.0,1.0,9.0,5,6.0,52.0,2.0,5.0,Y,7.0,Low,Low,Low,2023/08/14
EMP3979,44.0,Male,It,It Support,2.8,32425.18,32.0,3.0,No,6.7,10.0,1.0,8.0,8,6.0,10.0,1.0,5.0,No,6.0,Low,Low,Low,22/08/2017
EMP5250,27.0,Male,Legal,Legal Counsel,7.3,35081.99,48.0,19.0,Yes,6.4,9.0,1.0,9.0,8,7.0,18.0,5.0,5.0,Y,6.0,Low,Low,Low,2018-02-13
EMP2012,33.0,Female,-,Business Development Executive,3.0,28654.58,40.0,0.0,Yes,-11.94111620303363,9.0,1.0,10.0,6,7.0,30.0,3.0,5.0,No,7.0,Low,Low,Low,-
EMP6914,24.0,Female,Fiannce,Auditor,0.9,31775.82,57.0,18.0,N,6.7,9.0,1.0,9.0,,6.0,1.0,4.0,5.0,Y,8.0,Low,Low,Low,05-20-2016
EMP6061,20.0,Female,Legal,Support Team Lead,2.0,29670.19,40.0,5.0,N,7.4,10.0,1.0,8.0,7,5.0,32.0,2.0,5.0,No,7.0,Low,Low,Low,04-15-2017
EMP3235,35.0,Female,Cust. Support,,0.7,25356.98,67.0,5.0,N,7.5,6.0,3.0,9.0,2,5.0,0.0,2.0,5.0,Yes,7.0,Medium,Moderate,Medium,19-Aug-2019
EMP6536,29.0,Male,Admin,Support Team Lead,1.2,31752.04,35.0,0.0,No,7.8,10.0,1.0,6.0,1,6.0,81.0,2.0,5.0,No,7.0,Low,Low,Low,07-20-2015
EMP4703,39.0,Female,Marketting,Support Team Lead,0.6,32425.18,50.0,11.0,No,7.4,7.0,2.0,10.0,6,6.0,12.0,-7.0,5.0,,7.0,Low,Low,Low,-
EMP1533,27.0,Male,Sales,Business Development Executive,1.1,28430.03,42.0,9.0,No,7.8,10.0,3.0,7.0,4,7.0,6.0,3.0,5.0,No,8.0,Low,Low,Low,"September 23, 2015"
EMP1152,25.0,Female,Customer Support,Customer Success Manager,0.4,32138.01,49.0,16.0,Yes,7.2,8.0,1.0,9.0,6,6.0,9.0,3.0,5.0,Yes,7.0,Low,Low,Low,2023/07/11
EMP6606,28.0,Male,Marketting,Support Team Lead,0.5,22825.13,34.0,0.0,No,7.6,9.0,1.0,8.0,5,7.0,71.0,1.0,5.0,No,8.0,Low,Low,Low,"April 16, 2018"
EMP4706,46.0,Female,Hr,Customer Success Manager,1.9,39506.08,51.0,20.0,N,8.4,6.0,2.0,7.0,5,8.0,10.0,1.0,5.0,No,6.0,Low,Low,Low,08-19-2023
EMP6358,23.0,Male,Sales,Sales Executive,5.0,32425.18,47.0,4.0,N,7.5,10.0,1.0,8.0,9,6.0,11.0,6.0,5.0,Yes,7.0,Low,Low,Low,28/02/2026
EMP6347,25.0,Male,Customer Support,Support Team Lead,6.7,54934.95,34.0,5.0,No,7.4,9.0,2.0,9.0,2,5.0,2.0,0.0,5.0,Y,7.0,Low,Low,Low,2022/10/24
EMP2871,33.0,Female,Sales,Account Manager,0.7,40088.5,61.0,19.0,No,6.4,8.0,1.0,10.0,7,6.0,48.0,1.0,5.0,Yes,7.0,Low,Low,Low,09-26-2018
EMP6932,20.0,Male,Sales,Sales Manager,1.6,41900.46,30.0,3.0,No,8.5,9.0,1.0,10.0,5,6.0,2.0,2.0,5.0,No,6.0,Low,Low,Low,02/02/2026
EMP3497,27.0,Female,Operations,Operations Manager,2.5,32425.18,50.0,17.0,Y,7.2,6.0,1.0,7.0,6,6.0,10.0,3.0,5.0,Y,7.0,Low,Low,Low,2024/06/21
EMP4432,31.0,Female,Customer Support,Customer Success Manager,4.3,38096.82,45.0,6.0,No,8.4,10.0,1.0,10.0,6,7.0,15.0,6.0,5.0,No,7.0,Low,Low,Low,"June 08, 2024"
EMP5302,27.0,Male,Finance,Support Team Lead,7.0,49441.79,42.0,5.0,No,8.5,9.0,1.0,10.0,9,8.0,15.0,0.0,5.0,N,5.0,Low,Low,Low,12/11/2015
EMP3966,35.0,F,Operations,Operations Executive,3.1,28008.07,45.0,5.0,No,7.1,9.0,1.0,9.0,10,9.0,63.0,3.0,5.0,Y,9.0,Low,-,Low,09-15-2024
EMP6788,40.0,Male,Marketing,Seo Specialist,0.7,30001.24,54.0,5.0,No,-13.10793739478938,6.0,1.0,7.0,5,6.0,1.0,9.0,4.0,No,7.0,Low,Low,Low,04/03/2017
EMP6978,33.0,Female,R&D,R&D Engineer,6.9,36426.45,45.0,17.0,N,6.1,9.0,1.0,7.0,8,7.0,24.0,4.0,5.0,Yes,4.0,Low,Low,Low,2023/02/04
EMP3395,40.0,F,Sales,Account Manager,2.2,45640.79,48.0,13.0,Y,6.5,9.0,1.0,9.0,6,8.0,22.0,3.0,5.0,Yes,9.0,Low,Low,Low,2022-08-29
EMP4674,21.0,Male,Sales,Business Development Executive,2.4,30947.66,34.0,0.0,No,6.7,10.0,1.0,10.0,10,9.0,36.0,4.0,5.0,N,7.0,Low,Low,Low,2017/09/12
EMP6876,36.0,Male,It,Devops Engineer,4.9,30078.02,45.0,9.0,No,7.5,8.0,1.0,10.0,8,7.0,55.0,3.0,5.0,Yes,6.0,Low, ,Low,"January 01, 2019"
EMP3088,34.0,Male,Marketing,Support Team Lead,3.0,28043.93,39.0,0.0,No,7.9,10.0,1.0,10.0,9,8.0,61.0,6.0,4.0,Yes,6.0,Low,Low,Low,2023-09-28
EMP2037,42.0,Male,Finance,Financial Analsyt,2.6,35798.84,45.0,19.0,Yes,9.0,9.0,1.0,7.0,7,5.0,22.0,5.0,5.0,N,8.0,Low,Low,Low,12-17-2017
EMP2620,29.0,Male,R&D,Research Analyst,2.5,25937.65,49.0,11.0,No,8.5,10.0,1.0,9.0,6,8.0,4.0,2.0,5.0,No,7.0,Low,Low,Low,07/04/2018
EMP2947,33.0,Male,Administration,Office Manager,3.8,45916.12,36.0,7.0,N,8.8,8.0,2.0,8.0,6,7.0,10.0,4.0,5.0,N,6.0,Unknown,Low,Low,-
EMP5571,34.0,Female,Hr,It Support,1.1,27453.45,45.0,15.0,No,7.2,7.0,1.0,10.0,8,7.0,15.0,3.0,5.0,Y,8.0,Low,Low,Low,2018/06/08
EMP1695,24.0,-,Admin,Support Team Lead,1.1,29405.23,45.0,15.0,No,8.6,9.0,1.0,9.0,6,5.0,10.0,3.0,5.0,No,9.0,Low,Low,Low,11-04-2025
EMP2907,28.0,Male,Finance,Finance Manager,4.2,49032.79,51.0,14.0,Yes,8.0,8.0,4.0,8.0,6,6.0,11.0,5.0,5.0,No,7.0,Low, ,Low,-
EMP2082,28.0,Male,It,Software Engineer,5.5,23007.03,60.0,17.0,No,7.2,9.0,1.0,7.0,8,7.0,-14.0,5.0,5.0,No,8.0,Low,Low,Low,2016/04/30
EMP4893,28.0,Male,Cust. Support,Support Executive,2.1,35387.13,30.0,0.0,No,8.1,8.0,1.0,8.0,8,7.0,5.0,3.0,5.0,N,7.0,Low,Low,Low,-
EMP4900,40.0,Female,Admin,Admin Executive,2.7,28146.53,37.0,0.0,N,7.4,9.0,1.0,10.0,3,7.0,10.0,6.0,5.0,No,7.0,Low,Low,Low,13/04/2020
EMP2832,43.0,Female,Finance,Auditor,7.7,36505.73,45.0,0.0,No,8.4,10.0,1.0,10.0,8,8.0,11.0,3.0,5.0,No,6.0,Low,Low,Low,02/11/2020
EMP2585,32.0,Male,Admin,Support Team Lead,1.1,28000.56,46.0,6.0,Yes,7.2,9.0,1.0,10.0,8,7.0,7.0,3.0,5.0,Yes,6.0,Low,Low,Low,2016/10/09
EMP1999,33.0,Male,Sales,Sales Manager,2.5,32425.18,37.0,0.0,No,7.0,10.0,1.0,10.0,5,4.0,21.0,-6.0,4.0,No,8.0,Low,Low,Low,"May 13, 2021"
EMP6986,34.0,Male,It,System Admin,0.7,27267.3,47.0,12.0,No,6.4,6.0,1.0,10.0,5,6.0,12.0,1.0,5.0,Y,7.0,Low,Low,Low,"March 15, 2018"
EMP2038,36.0,Male,Customer Support,Support Team Lead,2.7,49562.83,42.0,0.0,No,8.2,10.0,1.0,10.0,7,9.0,96.0,3.0,5.0,Yes,6.0,Low,Low,Low,2019-03-29
EMP1932,35.0,Female,Customer Support,Customer Success Manager,6.5,40451.91,51.0,19.0,No,6.3,7.0,1.0,10.0,6,6.0,18.0,0.0,5.0,Yes,6.0,Low,Low,Low,06/02/2022
EMP5735,29.0,Male,Admin,Admin Executive,2.1,32425.18,39.0,0.0,Yes,7.7,10.0,1.0,10.0,7,6.0,0.0,1.0,5.0,No,6.0,Low,Low,Low,2021/01/07
EMP1660,30.0,Male,-,Logistics Coordinator,0.0,27922.63,41.0,0.0,-,6.2,10.0,1.0,9.0,6,7.0,6.0,2.0,5.0,Y,7.0,Low,Low,Low,12-Jul-2016
EMP3532,28.0,Male,It,Software Engineer,0.7,25841.58,45.0,5.0,No,7.0,10.0,1.0,9.0,3,6.0,0.0,2.0,5.0,No,7.0,Low,Low,Low,-
EMP5719,37.0,Male,Operations,Operations Manager,1.3,33130.79,55.0,12.0,No,7.3,8.0,2.0,10.0,5,7.0,34.0,1.0,5.0,Yes,6.0,Low,Low,-,2019-09-25
EMP2425,38.0,M,H.R.,Support Team Lead,7.5,32535.57,45.0,5.0,N,8.1,9.0,2.0,9.0,4,5.0,2.0,4.0,5.0,No,7.0,Low,Low,Low,01-Mar-2019
EMP4273,27.0,Female,Admin,Admin Executive,9.0,41900.3,64.0,22.0,N,7.6,7.0,2.0,8.0,3,5.0,0.0,2.0,5.0,No,9.0,Low,Low,Medium,26-May-2016
EMP2890,37.0,Male,R&D,R&D Engineer,1.5,34242.7,46.0,5.0,N,8.1,10.0,2.0,8.0,6,6.0,10.0,2.0,4.0,No,7.0,Low,Low,Low,18/05/2018
EMP1811,36.0,Female,Information Technology,It Support,2.5,25716.59,41.0,4.0,No,6.6,10.0,1.0,10.0,5,4.0,3.0,1.0,4.0,Y,7.0,Low,Low,Low,30/04/2024
EMP1380,22.0,Female,Sales,Sales Executive,2.5,27562.2,46.0,14.0,No,6.7,8.0,1.0,9.0,5,5.0,21.0,2.0,5.0,No,9.0,Low,Low,Low,03-10-2020
EMP3824,37.0,Male,It,,0.2,31952.75,38.0,0.0,No,7.2,10.0,1.0,8.0,3,5.0,16.0,4.0,5.0,No,5.0,Low,Low,Low,03-31-2024
EMP4204,45.0,Male,Sales,Account Manager,6.0,49002.42,45.0,10.0,Yes,8.2,7.0,1.0,9.0,6,6.0,18.0,3.0,5.0,Yes,8.0,Low,Low,Low,06-25-2018
EMP3246,37.0,Male,R&D,Research Analyst,1.2,26701.14,41.0,5.0,No,6.8,9.0,1.0,9.0,7,6.0,11.0,2.0,5.0,No,6.0,Low,Low,Low,2028-01-01
EMP1869,27.0,M,Customer Support,Customer Success Manager,1.9,40864.05,41.0,0.0,Yes,9.0,10.0,1.0,9.0,4,6.0,1.0,3.0,5.0,Yes,7.0,Low,Low,Low,08/02/2016
EMP3617,32.0,Female,Cust. Support,Support Team Lead,3.7,41971.74,43.0,5.0,N,5.7,10.0,1.0,8.0,5,7.0,22.0,2.0,5.0,N,7.0,Low,Low,Low,10/02/2015
EMP6428,38.0,Male,It,System Admin,7.3,38332.04,47.0,1.0,No,8.2,10.0,1.0,10.0,9,7.0,5.0,1.0,5.0,Y,9.0,Low,Low,Low,02/01/2015
EMP3054,20.0,Male,Operations,Operations Executive,2.0,22336.49,44.0,5.0,Y,7.4,9.0,1.0,10.0,4,5.0,47.0,6.0,4.0,,5.0,Low,Low,Low,22-Apr-2022
EMP5054,33.0,Male,-,Front Desk Executive,0.6,27132.15,45.0,0.0,No,8.4,9.0,1.0,8.0,6,6.0,2.0,4.0,5.0,No,7.0,Low,Low,Low,"January 19, 2023"
EMP2708,33.0,Male,Legal,Legala Dvisor,1.3,24702.14,50.0,12.0,Y,8.0,9.0,1.0,9.0,5,4.0,12.0,3.0,5.0,No,8.0,Low,Low,Low,"January 28, 2024"
EMP2270,38.0,Male,Customersupport,Customer Success Manager,10.7,49634.56,54.0,5.0,Yes,6.9,8.0,1.0,10.0,7,9.0,1.0,2.0,5.0,N,8.0,Low,Low,Low,2022/04/18
EMP3696,35.0,Female,Legal,Support Team Lead,10.9,32425.18,52.0,9.0,Yes,7.7,8.0,3.0,6.0,6,7.0,1.0,2.0,5.0,Yes,8.0,Low,Low,Low,2019/07/19
EMP5976,23.0,Other,It,Support Team Lead,2.5,27337.4,40.0,0.0,No,6.6,10.0,1.0,10.0,9,7.0,49.0,5.0,5.0,Yes,7.0,Low,-,Low,05-03-2019
EMP3445,33.0,Female,Rnd,Data Scientist,3.0,35660.23,48.0,12.0,No,7.2,10.0,1.0,8.0,4,6.0,19.0,3.0,4.0,Y,6.0,Low,Low,Low,"December 31, 2026"
EMP6029,35.0,Female,Legal,Compliance Officer,3.2,35053.26,51.0,11.0,Yes,6.8,10.0,1.0,7.0,7,5.0,1.0,2.0,5.0,No,7.0,Low,Low,Low,"July 27, 2025"
EMP4592,41.0,Female,Hr,Hr Manager,0.6,33289.33,45.0,12.0,Yes,7.6,8.0,2.0,7.0,6,8.0,10.0,1.0,5.0,Y,9.0,Low,Low,Low,17/08/2019
EMP3538,29.0,Female,It,System Admin,1.6,27187.64,45.0,4.0,Y,8.3,10.0,1.0,10.0,6,7.0,8.0,3.0,5.0,Yes,7.0,Low,Low,Low,2016-10-14
EMP3410,24.0,Female,Research And Development,R&D Engineer,4.9,35084.66,53.0,16.0,N,7.2,8.0,2.0,7.0,5,5.0,8.0,1.0,4.0,Yes,8.0,Low,Low,Low,01-23-2019
EMP5999,27.0,Female,Customer Support,,3.0,41889.79,65.0,27.0,No,6.8,9.0,4.0,6.0,2,6.0,29.0,3.0,5.0,No,8.0,Medium,Moderate,Medium,2019-02-14
EMP4302,26.0,Female,Operations,Operations Executive,4.6,32425.18,36.0,5.0,Yes,8.0,9.0,1.0,10.0,9,7.0,17.0,1.0,5.0,No,8.0,Low,Low,Low,15-Sep-2015
EMP3802,28.0,Female,Administration,Admni Executive,7.3,33737.5,48.0,13.0,Yes,7.2,7.0,1.0,10.0,4,7.0,8.0,3.0,5.0,Yes,8.0,Low,Low,Low,"October 03, 2018"
EMP6177,33.0,Male,Finance,Financial Analyst,0.1,30327.8,63.0,29.0,Yes,7.2,8.0,4.0,7.0,4,6.0,32.0,3.0,5.0,No,7.0,Medium,Moderate,Medium,2024/03/22
EMP5186,42.0,Female,Marketing,Marketing Manager,0.8,32915.05,36.0,6.0,No,7.0,9.0,1.0,8.0,6,6.0,10.0,3.0,5.0,No,6.0,Low,Low,Low,"September 01, 2019"
EMP3285,30.0,M,Finance,Financial Analyst,5.0,39003.73,45.0,0.0,No,6.8,8.0,1.0,9.0,8,7.0,20.0,3.0,5.0,Yes,7.0,Low,Low,Low,"March 24, 2021"
EMP3818,32.0,M,Admin,Office Manager,5.1,46065.47,57.0,23.0,No,7.2,8.0,1.0,9.0,10,8.0,8.0,5.0,5.0,No,8.0,-,Low,Low,18-Feb-2020
EMP4952,31.0,Male,R&D,R&D Engineer,8.3,43033.85,30.0,0.0,Y,8.7,10.0,1.0,10.0,4,7.0,10.0,1.0,3.0,No,7.0,Low,Low,Low,04-26-2024
EMP3225,40.0,Male,Operations,Operations Executive,4.3,31129.43,53.0,25.0,Yes,7.1,7.0,3.0,7.0,7,7.0,17.0,4.0,4.0,N,6.0,Low,Low,Low,"November 29, 2018"
EMP4740,27.0,M,Hr,Recruiter,0.2,24125.95,36.0,3.0,No,5.8,9.0,1.0,9.0,8,8.0,0.0,4.0,5.0,Yes,7.0,Low,Low,Low,2018/05/24
EMP2102,36.0,Male,R&D,Research Analyst,1.8,32425.18,46.0,0.0,No,0.5,8.0,1.0,9.0,5,7.0,0.0,3.0,5.0,Y,8.0,Low,Low,Low,03-26-2017
EMP4209,26.0,Female,Hr,Financial Analyst,0.0,23023.21,37.0,5.0,Yes,6.9,9.0,1.0,10.0,7,8.0,21.0,1.0,5.0,Y,6.0,Low,Low,Low,07-04-2025
EMP4774,38.0,Male,Hr,Front Desk Executive,7.2,35470.16,42.0,5.0,No,7.5,10.0,1.0,9.0,6,6.0,10.0,4.0,5.0,No,7.0,Low,Low,Low,09-Oct-2018
EMP4972,20.0,Male,Hr,Hr Executive,2.5,26488.07,40.0,0.0,Yes,8.2,7.0,1.0,10.0,7,7.0,17.0,5.0,5.0,-,7.0,Low,Low,Low,27/05/2021
EMP5428,20.0,Male,Operations,Operations Executive,2.0,29471.98,51.0,15.0,No,6.2,9.0,2.0,9.0,6,5.0,4.0,0.0,4.0,Y,8.0,,Low,,05-01-2026
EMP3715,33.0,Male,Customer Support,Customer Success Manager,3.7,35355.32,58.0,13.0,N,5.8,8.0,2.0,10.0,,6.0,4.0,1.0,4.0,Yes,8.0,Low,Low,Low,"May 07, 2015"
EMP6437,31.0,Other,Marketing,Seo Specialist,1.8,29894.22,40.0,0.0,N,8.1,10.0,1.0,10.0,3,4.0,15.0,3.0,5.0,N,6.0,Low,Low,Low,02/03/2023
EMP2543,20.0,Female,Sales,Sales Manager,1.7,31485.39,45.0,11.0,N,7.2,8.0,1.0,10.0,6,6.0,0.0,2.0,5.0,Y,7.0,Low,Low,,09-06-2016
EMP3849,44.0,Female,Legal,Legal Advisor,20.8,55003.31,38.0,0.0,N,8.4,9.0,2.0,9.0,10,5.0,3.0,2.0,5.0,No,8.0,Low,Low,Low,"January 17, 2021"
EMP4647,29.0,Male,Marketing,Seo Specialist,1.3,28795.66,52.0,18.0,No,5.8,9.0,3.0,7.0,7,7.0,14.0,4.0,5.0,No,7.0,Low,Low,Low,"April 24, 2025"
EMP3561,50.0,Male,Marketting,Marketing Manager,0.0,31265.21,36.0,0.0,No,7.8,10.0,2.0,10.0,2,3.0,13.0,1.0,5.0,Yes,8.0,Low,Low,Low,10-Oct-2025
EMP2631,36.0,Female,Sale,,3.0,26501.01,46.0,9.0,N,6.2,10.0,1.0,9.0,7,8.0,10.0,2.0,5.0,No,6.0,Low,Low,Low,28-Jan-2025
EMP4523,20.0,Male,Human Resources,Recruiter,2.0,31423.77,47.0,5.0,No,5.6,8.0,3.0,7.0,6,6.0,10.0,1.0,5.0,Yes,8.0,Low,Low,Very High,01-10-2018
EMP4070,39.0,Male,Hr,Hr Manager,2.3,32368.19,47.0,2.0,No,9.0,9.0,1.0,9.0,5,7.0,10.0,4.0,5.0,Yes,7.0,Low,Low,Low,2024-11-04
EMP5756,35.0,Male,Finance,Financial Analyst,2.5,25871.64,38.0,0.0,Yes,7.7,9.0,1.0,10.0,7,7.0,14.0,5.0,5.0,Yes,8.0,Low,Low,Low,2021-12-16
EMP5899,33.0,Female,Sales,Business Development Executive,3.5,33790.4,45.0,9.0,No,9.0,7.0,1.0,10.0,9,6.0,3.0,1.0,5.0,Y,8.0,Low,Low,Low,2025/10/19
EMP2389,22.0,Male,It,Qa Engineer,3.4,32425.18,38.0,0.0,No,9.0,9.0,1.0,10.0,4,6.0,1.0,4.0,4.0,Yes,7.0,Low,Low,Low,05-Jul-2016
EMP3367,39.0,Male,Legal,Legla Advisor,1.6,23435.24,45.0,5.0,Yes,7.7,10.0,1.0,9.0,7,7.0,3.0,1.0,5.0,No,6.0,Low,Low,Low,-
EMP4178,60.0,Female,Legal,Legal Counsel,2.9,28320.59,41.0,0.0,No,8.1,9.0,1.0,9.0,4,6.0,10.0,3.0,5.0,No,7.0,Low,Low,Low,10-Jul-2022
EMP6371,32.0,Female,R&D,R&D Engineer,0.1,28631.45,45.0,5.0,No,7.5,10.0,2.0,5.0,6,4.0,5.0,3.0,4.0,No,8.0,Low,Low,Low,10-24-2021
EMP5855,33.0,Male,Operations,Operations Manager,2.0,38666.31,45.0,7.0,No,8.5,10.0,1.0,10.0,5,6.0,1.0,4.0,5.0,N,6.0,Low,Low,Low,"March 15, 2027"
EMP6474,40.0,Female,Admin,Admin Executive,0.6,23760.7,39.0,0.0,Yes,7.1,9.0,1.0,10.0,4,7.0,7.0,2.0,5.0,No,7.0,Low,Low,Low,"September 08, 2020"
EMP1840,32.0,Male,It,Software Engineer,2.5,24544.91,55.0,12.0,N,7.1,7.0,1.0,8.0,7,6.0,10.0,3.0,5.0,Y,7.0,Low,Low,Low,2018-04-24
EMP4812,31.0,M,Hr,,9.2,42913.76,45.0,3.0,No,6.8,9.0,1.0,9.0,4,6.0,10.0,3.0,5.0,N,7.0,Low,Low,Low,2016-03-21
EMP5359,39.0,Female,R&D,Data Scientist,2.8,37489.05,40.0,0.0,-,6.9,9.0,1.0,10.0,8,8.0,2.0,2.0,5.0,No,7.0,Low,Low,Low,25-Dec-2023
EMP3269,31.0,M,Legal,Legal Advisor,1.7,31054.92,44.0,0.0,Yes,7.7,9.0,1.0,9.0,7,6.0,3.0,4.0,5.0,No,7.0,Low,Low,Low,11-26-2020
EMP2482,33.0,Female,Legal,Legal Advisor,2.5,30706.9,49.0,0.0,No,6.4,10.0,1.0,8.0,7,8.0,30.0,5.0,5.0,N,8.0,Low,Low,Low,01-02-2016
EMP1025,25.0,Male,R&D,Data Scientist,0.2,33778.13,60.0,29.0,Yes,5.7,7.0,2.0,9.0,6,7.0,46.0,4.0,5.0,No,7.0,Low,Low,Low,2024/06/28
EMP4559,20.0,Female,Finance,Accountant,2.0,26081.35,38.0,0.0,,7.1,10.0,1.0,10.0,6,7.0,23.0,3.0,5.0,Yes,6.0,Low,Low,Low,24/04/2023
EMP1829,25.0,Female,Fiannce,Financial Analyst,6.1,27585.83,58.0,12.0,No,6.5,9.0,1.0,10.0,6,7.0,-18.0,1.0,5.0,N,10.0,,Low,Low,2016/03/19
EMP5370,47.0,,-,Hr Executive,0.9,25741.12,55.0,13.0,Y,7.2,7.0,1.0,9.0,8,7.0,8.0,1.0,5.0,Yes,9.0,Low,Low,Low,17/04/2015
EMP6265,44.0,Female,Rnd,Research Analyst,2.0,23412.99,45.0,19.0,No,6.2,7.0,1.0,7.0,7,7.0,10.0,2.0,5.0,N,7.0,Low,Low,Low,2024/08/12
EMP6591,31.0,Male,Operations,Operations Executive,4.9,27642.2,37.0,8.0,Yes,7.9,8.0,2.0,9.0,7,7.0,3.0,3.0,5.0,No,7.0,Low,Low,Low,28-Dec-2022
EMP4078,22.0,Male,Sale,Account Manager,0.4,35695.14,45.0,15.0,Yes,6.8,10.0,2.0,8.0,9,6.0,42.0,6.0,5.0,No,5.0,-,Low,Low,2021-03-10
EMP2988,38.0,Female,Finance,Financial Analyst,3.9,25676.02,44.0,6.0,No,7.2,9.0,2.0,9.0,7,6.0,3.0,3.0,5.0,No,7.0,Low,Low,Low,2025-05-01
EMP2674,34.0,Male,I.T.,System Admin,7.0,35331.64,45.0,0.0,No,8.3,10.0,1.0,9.0,5,5.0,3.0,5.0,5.0,Yes,9.0,Low,Low,Low,2022/01/19
EMP1312,20.0,Male,Sales,Business Development Executive,2.0,28926.19,51.0,10.0,Y,8.6,8.0,1.0,7.0,-,7.0,1.0,2.0,5.0,No,7.0,Low,Low,Low,02-08-2020
EMP2181,33.0,Male,Admin,Admin Executive,3.0,34753.97,50.0,5.0,No,6.1,9.0,1.0,7.0,9,9.0,29.0,3.0,5.0,Yes,7.0,Low,Low,Low,2016-10-26
EMP1195,33.0,Male,Operations,Logistics Coordinator,4.3,33089.0,45.0,6.0,Y,7.8,9.0,1.0,10.0,3,7.0,8.0,2.0,5.0,N,8.0,Low,Low,Low,08-21-2025
EMP2251,33.0,Female,Hr,Support Executive,0.5,19954.68,45.0,0.0,Yes,7.2,10.0,1.0,10.0,6,6.0,2.0,1.0,5.0,Y,6.0,Low,Low,Low,04-07-2025
EMP2365,33.0,Male,Admin,Office Manager,0.6,34333.03,37.0,4.0,No,6.5,9.0,2.0,9.0,,6.0,10.0,1.0,5.0,No,7.0,Low,Low,Low,2025-04-17
EMP5963,36.0,Male,It,Devops Engineer,3.7,31761.85,45.0,0.0,No,7.2,10.0,1.0,10.0,6,6.0,10.0,2.0,5.0,Yes,7.0,Low,Low,Low,2020/04/07
EMP1854,25.0,Male,Hr,Admin Executive,7.0,30023.01,52.0,12.0,N,7.8,9.0,1.0,10.0,6,6.0,11.0,8.0,5.0,Yes,6.0,Low,Low,Low,2022-05-21
EMP5906,22.0,Female,Operations,Support Team Lead,1.2,39237.33,34.0,4.0,No,6.3,9.0,1.0,8.0,6,6.0,2.0,5.0,5.0,Yes,7.0,Low,Low,Low,10-07-2022
EMP6433,33.0,Male,Sales,Business Development Executive,2.5,26187.29,45.0,1.0,N,8.2,9.0,1.0,10.0,4,7.0,3.0,3.0,5.0,N,7.0,Low,Low,Low,2023-07-18
 emp1303 ,29.0,F,Operations,Operations Executive,1.1,25036.82,45.0,13.0,N,7.2,8.0,2.0,8.0,7,7.0,12.0,2.0,5.0,No,7.0,Low,Low,Low,14-May-2019
EMP1848,37.0,Male,Admin,Frnot Desk Executive,9.9,36191.79,44.0,10.0,No,5.9,7.0,1.0,9.0,5,7.0,11.0,2.0,5.0,Yes,6.0,Low,Low,Low,09-Apr-2025
EMP1272,33.0,Male,Admin,Admin Exceutive,2.6,30258.37,43.0,0.0,No,8.3,7.0,1.0,9.0,5,7.0,37.0,2.0,4.0,No,9.0,Low,Low,Low,04-27-2023
EMP4446,27.0,Female,Legal,Compliance Officer,6.9,35371.18,42.0,5.0,Yes,7.7,9.0,2.0,7.0,3,7.0,42.0,3.0,5.0,No,9.0,Low,Low,Low,17-Nov-2015
EMP6974,37.0,Female,Operations,Logistics Coordinator,2.5,30997.18,43.0,7.0,N,7.6,10.0,1.0,10.0,6,7.0,2.0,6.0,5.0,No,9.0,Low,Low,Low,07-Apr-2024
EMP2998,37.0,Female,Operations,Operations Executive,1.4,32425.18,56.0,19.0,No,6.4,8.0,1.0,8.0,8,8.0,0.0,2.0,5.0,No,5.0,Low,Low,Low,2022-03-01
EMP5116,31.0,Female,Administration,Admin Executive,4.0,35173.95,51.0,11.0,-,7.2,7.0,1.0,9.0,-,5.0,0.0,5.0,5.0,Yes,7.0,Low,-,Low,2022/09/20
EMP3086,33.0,Male,Research And Development,Research Analyst,1.3,29396.23,49.0,4.0,Yes,7.7,10.0,1.0,10.0,3,6.0,3.0,2.0,5.0,No,7.0,Low,Low,Low,24/12/2023
EMP4488,35.0,Female,Customer Support,Spuport Team Lead,3.5,42676.3,46.0,11.0,N,7.0,7.0,1.0,8.0,7,6.0,10.0,3.0,5.0,No,6.0,Low,Low,Low,04/06/2018
EMP5275,33.0,Male,Marketing,Seo Specialist,0.6,26318.56,36.0,0.0,No,7.2,10.0,1.0,10.0,7,4.0,9.0,1.0,5.0,Yes,8.0,Low,Low,Low,09-19-2015
EMP2240,33.0,Female,Legal,Support Team Lead,1.2,30892.23,55.0,8.0,Yes,8.5,8.0,1.0,9.0,7,7.0,2.0,0.0,5.0,No,6.0,Low,Low,Low,2022/01/01
EMP1250,38.0,Female,Hr,Hr Generalist,1.0,15000.0,46.0,10.0,No,7.5,9.0,1.0,10.0,9,8.0,29.0,4.0,5.0,N,9.0,Low,Low,Low,2016/10/11
EMP4595,30.0,Other,Marketing,Seo Specialist,2.5,41734.07,40.0,5.0,No,7.4,10.0,1.0,9.0,4,5.0,17.0,4.0,5.0,No,9.0,Low,Low,Low,"October 01, 2015"
EMP3119,21.0,Female,Admin,Admin Executive,2.5,32499.06,52.0,12.0,No,7.9,7.0,2.0,8.0,6,7.0,0.0,2.0,5.0,No,7.0,Low,Low,Low,30-May-2018
EMP2678,48.0,Female,Cust. Support,Customer Success Manager,1.5,43460.39,43.0,0.0,No,7.3,10.0,1.0,10.0,6,7.0,3.0,2.0,5.0,Yes,7.0,Low,Low,Low,07-Mar-2022
EMP4479,42.0,Male,It,-,0.8,23111.72,30.0,5.0,Yes,6.6,10.0,1.0,10.0,9,8.0,11.0,0.0,4.0,No,7.0,Low,Low,Low,-
EMP6038,33.0,Male,Hr,Hr Generalist,2.2,25623.12,48.0,3.0,N,6.4,10.0,1.0,9.0,-,6.0,17.0,3.0,5.0,No,8.0,Low,Low,Low, 
EMP2523,21.0,Male,Marketing,Seo Specialist,3.0,24520.19,40.0,0.0,N,7.2,9.0,1.0,10.0,9,6.0,1.0,4.0,5.0,No,10.0,Low,Low,-,22-Jul-2020
EMP6111,32.0,Female,It,System Admin,0.4,31123.38,39.0,5.0,Yes,7.5,8.0,1.0,10.0,5,6.0,12.0,2.0,5.0,No,8.0,Low,Low,Low,"November 25, 2022"
EMP2240,37.0,Female,Legal,Compliance Officer,1.2,30892.23,55.0,8.0,Yes,8.5,8.0,1.0,9.0,7,7.0,2.0,0.0,5.0,No,6.0,Low,Low,Low,2022-01-01
EMP4867,29.0,Male,Operations,Operations Manager,2.5,32425.18,46.0,7.0,No,6.1,8.0,2.0,8.0,6,5.0,10.0,2.0,5.0,No,7.0,Low,Low,Low,"November 11, 2018"
EMP5474,30.0,Male,Hr,Hr Manager,0.5,26572.15,51.0,5.0,N,6.9,8.0,1.0,8.0,4,7.0,23.0,3.0,5.0,Yes,8.0,Low,Low,Low,2019-01-18
EMP5881,32.0,Female,Legal,Compliance Officer,3.7,32425.18,55.0,18.0,No,7.7,6.0,1.0,8.0,6,6.0,3.0,6.0,5.0,N,10.0,Low,Low,Low,2019-11-22
EMP6015,20.0,Male,Marketting,Marketing Manager,2.0,35890.49,45.0,0.0,Yes,9.0,10.0,1.0,10.0,4,7.0,4.0,4.0,4.0,No,6.0,Low,Low,Low,"September 07, 2022"
EMP4254,23.0,M,H.R.,Hr Executive,0.2,29000.03,43.0,6.0,No,7.2,10.0,1.0,9.0,8,9.0,28.0,4.0,5.0,-,7.0,Low,Low,Low,11-Jul-2017
EMP6683,33.0,Male,Admin,Admin Executive,5.6,33465.42,31.0,3.0,No,7.4,10.0,1.0,9.0,6,8.0,26.0,3.0,5.0,No,9.0,Low,Low,Low,28/10/2018
EMP3471,35.0,Male,Customer Support,Support Executive,0.0,23028.79,52.0,14.0,No,7.6,9.0,1.0,7.0,9,6.0,0.0,0.0,5.0,Yes,7.0,Low,Low,Low,11/10/2020
EMP6837,33.0,Female,Hr,Research Analyst,2.5,32425.18,47.0,8.0,N,6.9,10.0,1.0,8.0,8,8.0,1.0,4.0,5.0,Yes,7.0,Unknown,Low,Low,17/11/2024
EMP5025,24.0,Male,Legal,Legal Advisor,2.5,32401.21,39.0,0.0,Yes,8.9,10.0,1.0,10.0,3,6.0,0.0,5.0,5.0,Yes,9.0,Low,Low,Low,27-Jun-2017
EMP5753,25.0,Male,Operations,Operations Executive,2.5,27699.21,52.0,19.0,N,5.4,6.0,2.0,7.0,8,6.0,21.0,4.0,5.0,No,5.0,Low,Low,Low,28/12/2019
EMP2440,23.0,,Information Technology,It Support,2.0,26313.79,58.0,27.0,Yes,6.2,9.0,1.0,10.0,,8.0,15.0,2.0,5.0,Yes,7.0,Low,Low,Low,03-18-2018
EMP4486,31.0,Male,Operations,Operations Executive,1.6,25296.34,45.0,0.0,No,8.7,9.0,1.0,9.0,9,7.0,76.0,1.0,5.0,Yes,8.0,Low,Low,Low,16/04/2025
EMP4197,38.0,Male,Finance,Finance Manager,0.4,31760.66,54.0,16.0,Yes,8.4,9.0,1.0,9.0,7,8.0,0.0,2.0,5.0,Y,8.0,Low,Low,Low,12-Feb-2019
EMP5662,28.0,Female,Customer Support,Customer Success Manager,7.3,54379.97,43.0,-13.0,No,7.5,10.0,1.0,10.0,5,7.0,6.0,1.0,5.0,No,6.0,Low,Low,Low,"June 23, 2022"
EMP4750,38.0,Male,R&D,Research Analyst,0.7,24906.63,54.0,17.0,No,6.7,9.0,3.0,9.0,7,7.0,5.0,1.0,4.0,N,7.0,Low,Low,Low,04-Nov-2022
EMP4942,37.0,Female,Hr,Support Team Lead,2.7,38951.39,33.0,5.0,Yes,7.4,10.0,1.0,10.0,5,7.0,0.0,3.0,5.0,Yes,7.0,Low,Low,Low,01/01/2023
EMP3143,22.0,Male,Customer Support,Support Exeuctive,2.7,26666.76,43.0,9.0,No,7.7,9.0,1.0,8.0,6,7.0,12.0,2.0,5.0,No,8.0,Low,Low,Low,2020-09-07
EMP1611,33.0,Female,Admin,Front Desk Executive,4.2,29689.41,45.0,3.0,N,7.0,8.0,1.0,10.0,4,4.0,2.0,1.0,5.0,N,8.0,Low,Low,Low,23-Jun-2026
EMP3751,33.0,Male,Operations,Operations Manager,4.9,30679.69,46.0,18.0,No,7.2,10.0,1.0,8.0,6,6.0,15.0,2.0,5.0,Yes,5.0,Low,Low,Low,2022-05-09
EMP6217,48.0,Female,R&D,Support Team Lead,0.4,27673.16,35.0,6.0,No,7.3,10.0,2.0,10.0,-,6.0,9.0,3.0,5.0,Yes,5.0,-,Low,Low,2017-11-30
EMP1698,42.0,Male,R&D,Research Analyst,4.1,31449.96,64.0,26.0,Y,5.2,5.0,2.0,9.0,9,7.0,1.0,3.0,5.0,N,7.0,Low,Low,Low,2017/04/25
EMP2069,45.0,Male,Sales,Sales Manager,2.4,32554.11,38.0,2.0,Yes,8.1,9.0,1.0,7.0,6,4.0,10.0,0.0,5.0,No,9.0,Low,Low,Low,2018/01/14
EMP1187,24.0,Female,It,It Support,5.0,39184.48,48.0,9.0,N,7.2,9.0,1.0,9.0,6,7.0,16.0,3.0,5.0,Yes,6.0,Low,Low,Low,12/06/2017
EMP6201,35.0,Male,Research And Development,Data Scientist,2.5,44740.13,42.0,6.0,Yes,6.9,9.0,1.0,10.0,7,9.0,10.0,2.0,5.0,No,7.0,Low,Low,Low,2022/07/10
EMP1086,32.0,,Operations,Operations Manager,3.7,42697.54,33.0,0.0,N,7.5,10.0,1.0,10.0,2,5.0,3.0,3.0,5.0,N,5.0,Low,Low,Low,2024/05/25
EMP3745,33.0,Male,Customer Support,Support Team Lead,3.8,39355.01,30.0,4.0,N,7.9,10.0,1.0,8.0,6,8.0,44.0,6.0,5.0,N,8.0,Low,Low,Low,2025-12-25
EMP6696,30.0,Female,It,System Admin,2.5,31914.71,30.0,8.0,Yes,7.7,10.0,1.0,9.0,4,5.0,32.0,6.0,5.0,Y,6.0,Low,Low,Low,2018/01/30
EMP5352,26.0,Female,R&D,Research Analyst,8.0,38021.42,35.0,0.0,Yes,6.1,10.0,2.0,9.0,6,6.0,58.0,0.0,5.0,N,8.0,Low,Low,Low,10-Mar-2020
EMP1668,41.0,Female,Finance,Accountant,12.6,40187.5,40.0,0.0,No,8.1,10.0,1.0,9.0,6,8.0,3.0,3.0,5.0,N,7.0,Low,Low,Low,2017/05/01
EMP4943,26.0,Female,It,It Support,5.6,29236.05,45.0,13.0,Yes,5.9,9.0,1.0,8.0,8,6.0,3.0,4.0,5.0,No,7.0,Low,Low,-,"July 30, 2017"
EMP3802,29.0,Female,,Admin Executive,7.3,33737.5,48.0,13.0,Y,7.2,7.0,1.0,9.0,4,7.0,8.0,3.0,5.0,Yes,8.0,Low,Low,Low,"October 03, 2018"
EMP1377,32.0,Male,Hr,Operations Manager,0.6,34141.31,43.0,4.0,No,0.5,8.0,1.0,7.0,6,6.0,6.0,3.0,5.0,-,6.0,Low,Low,Low,"January 01, 2026"
EMP3891,28.0,Male,-,It Support,2.3,27744.83,45.0,0.0,Yes,7.3,10.0,1.0,9.0,5,7.0,42.0,2.0,5.0,Yes,8.0,Low,Low,Low,03-May-2019
EMP3438,20.0,Female,Hr,Data Scientist,0.9,31457.57,40.0,0.0,N,7.1,9.0,1.0,10.0,6,7.0,52.0,2.0,5.0,No,6.0,Low,Low,Low,"June 05, 2018"
EMP3517,33.0,Male,Legal,Legal Counsel,1.4,33129.3,48.0,14.0,No,5.5,7.0,2.0,9.0,3,7.0,0.0,2.0,4.0,Y,7.0,Low,Low,Low,2018-06-28
EMP2622,41.0,Male,Operations,Operations Manager,5.4,47814.17,30.0,7.0,No,6.8,9.0,1.0,10.0,3,7.0,1.0,3.0,5.0,Yes,7.0,Low,Low,Low,29/09/2019
EMP4956,29.0,Female,Legal,Legal Advisor,6.6,37990.19,45.0,8.0,Yes,7.4,10.0,1.0,10.0,8,6.0,1.0,2.0,5.0,N,8.0,Low,Low,Low,25/10/2024
EMP4156,39.0,Female,It,Devops Engineer,4.0,36362.77,43.0,10.0,No,7.4,6.0,1.0,9.0,6,8.0,23.0,3.0,5.0,No,7.0,Low,Low,Low,2018/01/18
EMP1292,20.0,Female,Marketting,Marketing Manager,1.2,41410.26,32.0,0.0,Yes,6.8,10.0,2.0,8.0,9,8.0,27.0,2.0,5.0,No,8.0,Low,Low,Low,2024/02/09
EMP5924,30.0,Male,Hr,Hr Manager,1.3,39872.65,67.0,-39.0,Y,7.5,6.0,5.0,5.0,4,5.0,0.0,3.0,4.0,N,5.0,Medium,Moderate,Medium,03/02/2021
EMP6690,35.0,Male,Marketing,Marketing Executive,0.5,31363.41,47.0,4.0,Y,8.0,7.0,1.0,10.0,6,6.0,0.0,2.0,5.0,No,8.0,Low,Low,Low,08/05/2026
EMP5398,22.0,Male,Legal,Compliance Officer,2.5,32863.27,45.0,4.0,No,9.0,10.0,1.0,7.0,3,5.0,0.0,5.0,4.0,No,8.0,Low,Low,Low,2024-05-05
EMP1397,43.0,Male,Admin,Front Desk Executive,2.5,26665.46,59.0,21.0,No,7.6,6.0,1.0,8.0,7,7.0,34.0,5.0,5.0,N,7.0,Low,Low,Low,16-Aug-2021
EMP2878,33.0,Male,Marketting,Marketing Executive,11.0,41889.53,52.0,11.0,Yes,6.8,9.0,1.0,10.0,4,7.0,6.0,0.0,5.0,No,6.0,Low,Low,Low,07-18-2020
EMP3795,41.0,Male,Operations,Support Team Lead,1.0,32859.72,52.0,18.0,N,7.2,10.0,2.0,8.0,10,8.0,7.0,6.0,5.0,No,7.0,Low,Low,Low,03-20-2016
EMP1386,33.0,Male,Hr,Support Team Lead,0.8,47982.29,41.0,1.0,No,7.9,10.0,1.0,10.0,7,9.0,4.0,3.0,4.0,N,10.0,Low,Low,Low,"January 25, 2020"
EMP1771,28.0,Female,R&D,Data Scientist,1.8,42067.28,40.0,0.0,Y,7.4,9.0,1.0,9.0,9,6.0,10.0,2.0,5.0,No,7.0,Low,Low,Low,12-Nov-2016
EMP2371,27.0,Male,Hr,Support Team Lead,8.4,47681.68,51.0,10.0,No,7.1,10.0,1.0,9.0,9,7.0,21.0,2.0,5.0,N,7.0,Low,Low,Low,06-30-2016
EMP2074,42.0,Male,Legal,Compliance Officer,3.1,30668.6,64.0,38.0,N,6.6,7.0,2.0,10.0,9,9.0,12.0,1.0,5.0,N,7.0,Low,Low,Low,"August 19, 2022"
EMP5817,33.0,Male,Admin,Admin Executive,1.8,23934.31,45.0,5.0,No,9.0,10.0,1.0,9.0,5,6.0,2.0,5.0,5.0,Y,7.0,Low,Low,Low,2019-05-06
EMP5498,34.0,Male,Operations,Operations Manager,0.0,32425.18,53.0,15.0,Yes,6.1,9.0,1.0,9.0,10,6.0,45.0,3.0,5.0,Yes,8.0,Low,Low,Low,29-May-2016
EMP4959,42.0,Male,Cust. Support,Support Executive,0.4,32425.18,34.0,7.0,Yes,6.2,9.0,1.0,8.0,5,7.0,10.0,2.0,5.0,Yes,9.0,Low,Low,Low,2018-09-07
EMP6631,45.0,Male,Admin,Support Team Lead,3.3,29320.22,42.0,0.0,Y,7.4,10.0,1.0,10.0,7,6.0,10.0,3.0,5.0,No,7.0,Low,Low,Low,10-02-2018
EMP4986,43.0,Male,Customer Support,Support Team Lead,0.5,29127.3,46.0,11.0,No,7.8,9.0,2.0,7.0,-,5.0,4.0,5.0,5.0,Yes,8.0,Low,Low,Low,"February 26, 2018"
EMP1300,32.0,Female,Legal,Compliance Officer,1.9,27289.7,37.0,2.0,N,8.1,10.0,1.0,10.0,7,6.0,24.0,1.0,5.0,Yes,8.0,Low,Low,Low,2022-11-30
EMP4482,28.0,Male,Finance,Finance Manager,10.0,52971.02,48.0,3.0,No,8.4,10.0,1.0,7.0,6,7.0,4.0,3.0,5.0,No,7.0,Low,Low,Low,27/05/2017
EMP1991,35.0,Male,Admin,Support Team Lead,0.3,20868.98,43.0,0.0,Y,7.3,10.0,1.0,8.0,5,5.0,8.0,2.0,5.0,No,7.0,Low,Low,Low,2015-04-28
EMP2987,39.0,Male,Admin,Front Desk Executive,1.7,27731.73,52.0,10.0,Y,7.5,6.0,1.0,10.0,9,7.0,33.0,3.0,5.0,Yes,8.0,Low,Low,Low,29-May-2015
EMP1463,44.0,M,-,Operations Executive,0.9,27404.99,45.0,15.0,No,8.1,9.0,4.0,8.0,3,4.0,43.0,2.0,5.0,No,6.0,Low,Low,Medium,2017-12-18
EMP4308,35.0,Male,Customer Support,Support Executive,4.2,32425.18,30.0,1.0,Yes,8.3,9.0,1.0,8.0,6,6.0,10.0,6.0,5.0,N,9.0,Low,Low,Low,2025/01/10
EMP4654,37.0,Male,Marketing,Support Team Lead,3.0,36712.62,47.0,7.0,No,6.9,8.0,1.0,9.0,7,9.0,12.0,1.0,5.0,Y,9.0,Low,Low,Low,01-09-2021
EMP4628,21.0,Male,Operations,Operations Executive,1.3,32802.63,43.0,0.0,No,8.1,9.0,2.0,9.0,4,6.0,11.0,3.0,4.0,N,6.0,Low,Low,Low,29-Nov-2022
EMP6526,42.0,Female,It,System Admin,15.7,44654.94,47.0,9.0,Yes,8.4,10.0,1.0,6.0,3,6.0,28.0,1.0,5.0,No,7.0,Low,Low,Low,2016-02-09
EMP6267,33.0,Female,Legal,Legal Advisor,0.0,35591.82,49.0,11.0,No,7.0,9.0,1.0,8.0,7,6.0,16.0,7.0,5.0,No,6.0,Low,Low,Low,2019-12-16
EMP5778,35.0,Female,R&D,Data Scientist,0.7,40065.7,37.0,0.0,No,9.0,9.0,1.0,8.0,6,7.0,7.0,2.0,5.0,No,8.0,Extreme,Low,Low,"August 24, 2019"
EMP1246,28.0,Male,Legal,Legal Advisor,1.9,29143.86,34.0,0.0,No,7.2,10.0,1.0,10.0,5,5.0,4.0,5.0,5.0,N,9.0,Low,Low,Low,"December 24, 2019"
EMP4817,20.0,Female,Sales,Sales Manager,2.0,43534.9,45.0,5.0,No,7.5,7.0,2.0,7.0,,7.0,10.0,5.0,5.0,No,7.0,Low,Low,Low,09-22-2025
EMP2249,23.0,Male,R&D,Research Analyst,1.3,29040.07,45.0,0.0,No,7.8,9.0,1.0,9.0,7,7.0,1.0,3.0,5.0,No,6.0,Low,Low,Low,09-Nov-2023
EMP3223,35.0,Male,Admin,Office Manager,0.4,37658.08,31.0,0.0,No,8.0,10.0,1.0,10.0,6,7.0,10.0,1.0,5.0,N,6.0,Low,Low,Low,01/01/2026
EMP1138,49.0,Male,Marketing,Support Team Lead,2.5,39437.93,42.0,7.0,No,6.8,10.0,1.0,9.0,7,7.0,1.0,2.0,5.0,No,8.0,Low,Low,Low,08-25-2015
EMP5544,41.0,Male,Operations,Logistics Coordinator,1.8,19345.65,36.0,0.0,Yes,8.6,10.0,1.0,10.0,-,5.0,4.0,3.0,5.0,N,9.0,Low,Low,Low, 
EMP4587,20.0,Female,Hr,Seo Specialist,2.0,30738.88,43.0,6.0,Yes,6.3,9.0,2.0,9.0,7,7.0,13.0,3.0,4.0,N,6.0,Low,Low,Low,-
EMP5796,21.0,Male,R&D,Data Scientist,0.7,36351.48,43.0,0.0,N,7.2,10.0,1.0,9.0,4,5.0,9.0,2.0,5.0,No,7.0,Low,Low,Low,2015-05-31
EMP2230,31.0,Male,It,Qa Engineer,2.4,27300.18,55.0,17.0,No,6.5,7.0,1.0,9.0,5,6.0,12.0,4.0,5.0,N,7.0,Low,Low,Low,2023/02/02
EMP2710,35.0,Male,Hr,Hr Manager,0.8,35925.62,43.0,3.0,Yes,7.7,10.0,1.0,10.0,8,10.0,14.0,1.0,5.0,Yes,7.0,Low,Low,Low,2021-06-17
EMP1870,33.0,Male,R&D,R&D Engineer,2.0,32365.02,52.0,13.0,No,8.3,8.0,1.0,9.0,5,7.0,10.0,4.0,5.0,No,6.0,Low,Low,Low,31/05/2021
EMP5075,24.0,Female,Sales,Sales Manager,6.0,49146.64,49.0,11.0,No,6.3,10.0,1.0,9.0,5,5.0,10.0,0.0,5.0,Y,7.0,Low,Low,Low,"August 19, 2016"
EMP4905,33.0,Female,Hr,Its Upport,1.5,22916.42,31.0,0.0,No,7.3,10.0,1.0,9.0,5,6.0,36.0,3.0,5.0,Y,7.0,Low,Low,Low,18-Jul-2019
EMP2727,33.0,Male,Hr,Recruiter,1.8,26574.11,55.0,16.0,N,7.3,7.0,20.0,9.0,6,7.0,2.0,3.0,5.0,N,7.0,Low,Low,Low,2021/10/23
EMP3541,31.0,Female,Marketing,Marketing Executive,0.6,18958.08,44.0,6.0,Yes,8.9,9.0,2.0,8.0,6,7.0,5.0,1.0,5.0,,5.0,Low,Low,Low,02/02/2015
EMP1515,39.0,Male,Hr,Hr Executive,0.4,22292.8,42.0,1.0,No,8.0,9.0,1.0,9.0,10,7.0,5.0,6.0,5.0,No,6.0,Low,Low,Low,2021-08-14
EMP6850,40.0,Male,Hr,Hr Executive,0.7,26298.65,38.0,4.0,No,8.6,10.0,2.0,8.0,6,6.0,11.0,4.0,5.0,No,8.0,Low,Low,Low,30/11/2016
EMP1976,33.0,Male,,Compliance Officer,0.7,30906.07,50.0,5.0,,6.1,10.0,1.0,10.0,4,5.0,12.0,3.0,5.0,No,7.0,Low,Low,Low,2024-11-26
EMP6716,28.0,Female,R&D,Data Scientist,5.0,50841.86,44.0,8.0,Y,6.9,9.0,1.0,9.0,9,9.0,33.0,6.0,4.0,No,8.0,Low,Low,Low,2023-03-28
EMP5061,35.0,Male,Hr,Support Team Lead,8.5,38163.03,45.0,10.0,No,7.4,9.0,1.0,10.0,5,7.0,10.0,4.0,5.0,Yes,7.0,Low,Low,Low,06-25-2023
EMP6518,27.0,Male,Rnd,Data Scientist,3.3,46721.31,47.0,12.0,Y,6.6,9.0,1.0,10.0,8,8.0,3.0,7.0,5.0,No,7.0,Low,Low,Low,2021-05-23
EMP4815,25.0,Female,Legal,Legal Advisor,4.5,28010.74,46.0,16.0,Yes,7.1,9.0,2.0,8.0,4,6.0,10.0,6.0,5.0,Yes,9.0,Low,Low,Medium,"February 06, 2026"
EMP6226,28.0,Male,Sales,Business Development Executive,0.4,19066.45,41.0,2.0,No,7.5,10.0,2.0,8.0,5,4.0,24.0,3.0,5.0,No,7.0,Low,Low,Low,19-Apr-2018
EMP2624,37.0,Male,Customer Support,Support Executive,16.7,45812.94,49.0,11.0,Yes,6.8,9.0,1.0,9.0,6,6.0,28.0,4.0,5.0,No,9.0,Low,Low,Low,"May 31, 2024"
EMP2197,44.0,Male,Rnd,Research Analyst,0.7,26021.19,43.0,0.0,No,7.2,10.0,3.0,8.0,6,7.0,25.0,0.0,5.0,N,7.0,Low,Low,Low,2016-01-06
EMP6977,33.0,Male,Ops,Operations Executive,2.1,33916.7,36.0,6.0,No,7.0,10.0,1.0,9.0,8,7.0,42.0,1.0,5.0,No,7.0,Low,-,Low,06-05-2017
EMP1957,33.0,Male,Legal,Legal Advisor,13.4,43010.71,46.0,11.0,Yes,8.1,10.0,1.0,9.0,3,6.0,22.0,1.0,5.0,Yes,10.0,Low,Low,Low,2018/04/03
EMP4300,25.0,Female,Hr,Legal Counsel,1.0,33096.4,41.0,8.0,Yes,5.4,9.0,2.0,6.0,8,6.0,43.0,3.0,4.0,,7.0,Low,Low,Low,18-Aug-2015
EMP3278,46.0,Male,R&D,R&D Engineer,1.8,29660.98,41.0,0.0,No,7.5,10.0,1.0,9.0,6,6.0,27.0,4.0,5.0,N,7.0,Low,Low,Very High,2022/01/11
EMP6085,34.0,Male,Customer Support,Support Team Lead,3.7,42855.27,53.0,17.0,Yes,6.6,9.0,1.0,9.0,5,6.0,19.0,1.0,5.0,N,7.0,Low,Low,Low,2021-08-25
EMP6381,47.0,Female,Operations,Operations Executive,1.9,30288.81,49.0,10.0,No,8.2,9.0,1.0,10.0,2,4.0,10.0,5.0,5.0,Yes,7.0,Low,Low,Medium,2023-03-14
EMP3886,26.0,Female,Finance,Finance Manager,0.4,27595.92,47.0,9.0,,7.7,8.0,2.0,9.0,7,8.0,4.0,2.0,5.0,N,5.0,Low,Low,Low,30-Aug-2018
EMP2277,45.0,Male,Customer Support,Support Team Lead,2.5,49550.94,46.0,12.0,Yes,6.8,9.0,1.0,8.0,6,7.0,5.0,6.0,5.0,N,9.0,Low,Low,Low,2019/07/25
EMP5892,36.0,,It,System Admin,3.2,26617.46,41.0,7.0,No,8.5,9.0,1.0,7.0,5,6.0,0.0,3.0,5.0,No,10.0,Low,Low,Low,-
EMP5123,34.0,Female,Customer Support,Support Executive,2.4,29846.6,52.0,20.0,Yes,5.9,8.0,2.0,8.0,4,5.0,0.0,3.0,4.0,No,7.0,Low,Low,, 
EMP4040,33.0,F,Sales,Sales Executive,0.3,27445.46,45.0,1.0,N,6.0,10.0,2.0,9.0,7,6.0,1.0,1.0,5.0,No,9.0,Low,Low,Low,11/07/2018
EMP3157,31.0,Male,Finance,Auditor,1.7,27440.88,38.0,0.0,No,7.2,9.0,2.0,9.0,6,4.0,1.0,3.0,5.0,Yes,8.0,Low,Low,Medium,2015/04/12
EMP6852,37.0,,Finance,Support Team Lead,2.5,43342.56,30.0,0.0,N,8.3,9.0,1.0,9.0,3,5.0,11.0,1.0,5.0,N,7.0,Low,Low,Low,12/12/2017
EMP5552,33.0,Female,Finance,Finance Manager,2.6,46289.07,47.0,4.0,No,7.0,9.0,1.0,10.0,2,6.0,5.0,8.0,4.0,No,8.0,Low,Low,Low,14-May-2016
EMP5357,39.0,Male,-,Hr Executive,0.2,27020.6,58.0,19.0,Yes,6.5,7.0,3.0,7.0,10,6.0,10.0,3.0,5.0,-,8.0,Low,Low,Low,16/11/2017
EMP2256,25.0,Male,Hr,Office Manager,4.1,44792.49,48.0,9.0,Y,6.3,9.0,1.0,10.0,6,7.0,5.0,4.0,4.0,-,8.0,Low,Low,Low,2021-05-11
EMP2843,30.0,-,Legal,Legal Counsel,0.1,27705.68,45.0,40.0,N,6.2,6.0,3.0,9.0,7,6.0,4.0,2.0,5.0,No,8.0,Medium,Moderate,Low,03-04-2017
EMP2831,33.0,Female,R&D,R&D Engineer,4.6,28733.83,32.0,2.0,Yes,8.7,10.0,1.0,10.0,7,7.0,30.0,4.0,5.0,No,6.0,Low,Low,Low,23/10/2017
EMP2540,33.0,Female,Legal,Compliance Officer,2.2,32425.18,52.0,18.0,No,7.3,9.0,1.0,9.0,6,6.0,7.0,3.0,5.0,No,9.0,Low,Low,Low,08-19-2017
EMP2132,40.0,Male,Legal,Compliance Officer,1.9,30214.15,43.0,5.0,No,8.2,9.0,2.0,8.0,7,5.0,21.0,2.0,5.0,N,6.0,Low,Low,Low,13/07/2019
EMP3370,30.0,F,Sale,Business Development Executive,1.8,26213.53,43.0,5.0,Yes,7.1,10.0,1.0,9.0,7,5.0,15.0,5.0,5.0,Yes,7.0,Low,Low,Low,"February 28, 2021"
EMP3747,31.0,Female,Marketing,Seo Specialist,8.3,39517.81,32.0,8.0,Yes,7.7,10.0,1.0,10.0,5,6.0,30.0,1.0,5.0,Y,7.0,Low,Low,Low,09/09/2017
EMP6684,33.0,Female,Operations,Operations Executive,2.5,39022.28,51.0,14.0,No,7.2,10.0,2.0,9.0,4,6.0,7.0,3.0,5.0,Yes,7.0,Low,Low,Low,2018/12/31
EMP3364,31.0,Female,Sales,Business Development Executive,0.1,31812.64,50.0,12.0,Yes,8.0,8.0,2.0,9.0,7,8.0,5.0,2.0,5.0,Yes,8.0,Low,Low,Low,15/08/2025
EMP5014,35.0,Female,It,Software Engineer,3.6,29335.27,45.0,12.0,Yes,7.7,10.0,3.0,9.0,7,5.0,20.0,7.0,5.0,N,7.0,Low,Low,Low,09-02-2019
EMP3654,33.0,,Admin,Admin Executive,7.2,32748.97,45.0,0.0,No,7.6,9.0,1.0,9.0,6,7.0,5.0,3.0,5.0,N,9.0,Low,Low,Low,2023/08/31
EMP3360,29.0,Female,Finance,Financial Analyst,3.6,26565.01,58.0,24.0,Y,5.8,8.0,3.0,9.0,6,6.0,26.0,5.0,5.0,Yes,7.0,Low,Low,Low,08-24-2019
EMP4136,38.0,Male,,Support Executive,4.7,25290.93,53.0,14.0,No,7.2,9.0,1.0,10.0,6,4.0,20.0,5.0,5.0,No,8.0,Low,Low,Low,26/12/2019
EMP2732,20.0,Male,Hr,Hr Manager,2.0,45856.17,46.0,5.0,No,6.9,9.0,3.0,10.0,4,4.0,20.0,1.0,5.0,N,8.0,Low,Low,Low,"July 10, 2021"
EMP6456,30.0,Female,It,System Admin,0.1,32425.18,45.0,19.0,No,6.5,9.0,2.0,8.0,4,4.0,28.0,6.0,5.0,Yes,7.0,Low,Low,Medium,12-18-2015
EMP1288,26.0,Female,Admin,Support Team Lead,5.6,39105.31,58.0,28.0,Yes,7.1,6.0,1.0,8.0,7,7.0,1.0,3.0,5.0,No,6.0,Low,Low,Low,2018-06-17
EMP1328,30.0,Male,R&D,R&D Engineer,5.3,30734.94,33.0,0.0,No,8.7,10.0,1.0,10.0,7,7.0,39.0,2.0,5.0,N,7.0,Low,Low,Low,06-11-2021
EMP3163,35.0,Female,Legal,Compliance Officer,7.7,34479.52,33.0,0.0,Yes,7.7,10.0,1.0,7.0,8,6.0,19.0,2.0,4.0,No,8.0,,Low,Low,-
EMP6484,37.0,Female,Marketing,Content Strategist,8.6,35920.07,45.0,10.0,N,7.2,10.0,1.0,9.0,,5.0,17.0,3.0,5.0,Yes,7.0,Low,Low,Low,-
EMP6375,50.0,Female,Hr,H Rgeneralist,2.9,26294.37,35.0,0.0,Yes,6.7,10.0,1.0,8.0,9,9.0,3.0,5.0,5.0,No,8.0,Low, ,Low,10-05-2024
EMP4315,25.0,Male,Finance,Auditor,5.8,28998.84,35.0,5.0,No,6.5,10.0,2.0,9.0,6,6.0,0.0,0.0,5.0,No,7.0,Low,Low,Low,-
EMP4413,33.0,Male,Operations,Operations Executive,4.4,27564.61,53.0,1.0,N,8.6,9.0,1.0,10.0,6,7.0,0.0,3.0,5.0,No,6.0,Low,Low,Low,2018-03-26
EMP3273,42.0,Female,Legal,Legal Advisor,0.5,23290.43,39.0,4.0,N,6.8,10.0,1.0,9.0,6,7.0,3.0,5.0,5.0,No,7.0,Low,Low,Low,23/08/2020
EMP5615,33.0,Male,Hr,Hr Manager,2.4,41097.83,43.0,5.0,No,7.2,10.0,1.0,9.0,2,6.0,5.0,3.0,5.0,N,7.0,Low,Low,Low,09-23-2018
EMP5989,33.0,Female,Hr,Admin Executive,3.4,23330.93,51.0,18.0,No,6.1,8.0,2.0,10.0,8,7.0,4.0,4.0,5.0,Y,7.0,Low,Low,Low,2015-04-27
EMP6334,29.0,Female,Admin,Front Desk Executive,0.0,23516.28,51.0,6.0,No,7.2,9.0,3.0,9.0,4,4.0,8.0,3.0,5.0,N,6.0,Low,Low,Medium,"January 31, 2019"
EMP3937,40.0,Female,It,It Suppotr,3.3,30707.6,54.0,10.0,No,6.9,6.0,1.0,8.0,6,5.0,11.0,1.0,5.0,Y,7.0,Low,Low,-,12-May-2016
EMP6864,33.0,Female,Marketing,Seo Specialist,2.5,28269.66,32.0,9.0,N,5.1,10.0,1.0,9.0,5,6.0,33.0,2.0,5.0,N,8.0,Low,Low,Low,10-24-2020
EMP4066,48.0,Male,Hr,Hr Executive,2.5,21244.38,55.0,14.0,Yes,8.4,7.0,1.0,8.0,4,5.0,13.0,2.0,4.0,Y,9.0,Low,Low,Low,05/12/2025
EMP6144,21.0,Female,It,System Admin,0.4,20879.45,60.0,17.0,No,6.6,8.0,1.0,9.0,10,8.0,13.0,5.0,5.0,Yes,5.0,Low,Low,Low,2017/11/18
EMP3424,35.0,Male,It,Devops Engineer,2.5,33211.1,45.0,13.0,N,8.2,8.0,1.0,9.0,5,6.0,3.0,5.0,5.0,No,9.0,Low,Low,Low,11-Oct-2018
EMP2377,56.0,Female,R&D,R&D Engineer,2.5,32849.85,45.0,0.0,N,7.2,9.0,-3.0,9.0,5,5.0,1.0,1.0,5.0,Y,6.0,Low,Low,Low,2020-06-07
EMP1979,47.0,Female,Marketing,Content Strategist,2.5,45992.26,47.0,-18.0,No,7.7,9.0,1.0,9.0,9,7.0,9.0,1.0,5.0,No,9.0,Low,Low,Low,2015/01/31
EMP2050,33.0,Female,Rnd,R&D Engineer,3.5,34989.94,41.0,0.0,No,7.4,8.0,1.0,10.0,10,7.0,8.0,2.0,5.0,No,7.0,Low,Low,Low,25-Nov-2015
EMP1490,20.0,Male,Customer Support,Support Executive,2.0,27279.6,34.0,0.0,Y,7.8,10.0,3.0,9.0,3,5.0,2.0,1.0,5.0,N,5.0,Low,Low,Low,05-Mar-2022
EMP3811,33.0,Female,Finance,Accountant,2.5,23629.38,48.0,13.0,Y,8.7,8.0,1.0,10.0,9,7.0,10.0,2.0,5.0,No,7.0,Low, ,Low,09-04-2024
EMP5783,35.0,M,Hr,Hr Executive,0.3,26437.03,52.0,7.0,Yes,7.0,9.0,1.0,10.0,1,5.0,11.0,1.0,5.0,N,8.0,Low,Low,Medium,2025/12/13
EMP2506,27.0,Female,Hr,Hr Manager,0.9,44347.45,46.0,9.0,Y,8.0,10.0,1.0,10.0,6,7.0,5.0,8.0,3.0,Y,7.0,Low,Low,Low,28/12/2017
EMP5965,37.0,Female,R&D,Research Analyst,2.1,22706.0,41.0,0.0,N,7.5,9.0,1.0,9.0,3,6.0,10.0,3.0,5.0,Y,9.0,Low,Low,Low,-
EMP6870,26.0,Male,Human Resources,Hr Generalist,2.3,25107.14,43.0,5.0,Yes,7.4,9.0,1.0,8.0,8,8.0,-42.0,3.0,5.0,Y,8.0,Low,Low,Low,-
EMP5607,36.0,Male,Admin,Admin Executive,2.5,27262.81,30.0,2.0,No,9.0,9.0,1.0,8.0,8,6.0,6.0,1.0,4.0,N,8.0,Low,Low,Low,-
EMP6916,40.0,Male,Sales,Sales Maanger,2.5,47159.8,53.0,17.0,Y,5.8,7.0,2.0,9.0,2,5.0,16.0,2.0,5.0,No,5.0,Low,Low,Medium,2020/10/05
EMP2412,40.0,Male,Operations,Operations Manager,7.7,50886.63,50.0,5.0,No,6.6,10.0,1.0,10.0,9,6.0,18.0,4.0,5.0,No,7.0,Low,Low,Low,2016/08/06
EMP4007,35.0,Male,Hr,Hr Executive,1.7,27337.26,51.0,17.0,No,7.5,9.0,1.0,10.0,6,7.0,33.0,0.0,5.0,Yes,6.0,,Low,Low,2023-01-27
EMP2745,39.0,Male,Legal,Legal Counsel,1.0,25589.3,53.0,12.0,No,7.5,6.0,1.0,8.0,5,6.0,28.0,2.0,5.0,Yes,7.0,Low,Low,Low,"June 21, 2018"
EMP1037,53.0,Male,R&D,R&D Engineer,0.4,27150.81,43.0,7.0,,7.8,10.0,1.0,9.0,6,7.0,10.0,4.0,4.0,N,6.0,Low,Low,Low,25-Apr-2016
EMP3372,25.0,Female,Rnd,Support Team Lead,0.5,33328.03,38.0,4.0,No,8.5,10.0,1.0,9.0,4,6.0,9.0,2.0,5.0,Yes,7.0,Low,Low,Low,26/08/2018
EMP6414,39.0,Female,Marketing,Marketing Executive,0.2,31053.31,47.0,7.0,No,8.0,9.0,1.0,10.0,5,7.0,10.0,4.0,5.0,No,8.0,Low, ,Low,08-Dec-2021
EMP2914,43.0,Male,Legal,Support Team Lead,2.5,37438.34,45.0,0.0,No,8.0,10.0,1.0,10.0,7,7.0,17.0,2.0,4.0,No,7.0,Low,Low,Low,19-Oct-2019
EMP3875,33.0,Male,Marketting,,1.5,30486.78,51.0,12.0,Yes,6.6,9.0,1.0,9.0,7,9.0,33.0,2.0,5.0,Y,6.0,Low,Low,Low,05-26-2017
EMP3453,37.0,Female,Fiannce,Accountant,0.2,27236.37,46.0,13.0,N,7.6,9.0,1.0,9.0,4,7.0,25.0,1.0,5.0,N,8.0,Low,Low,Low,-
EMP2586,28.0,Male,Sales,Business Development Executive,4.0,32425.18,45.0,17.0,Yes,6.8,8.0,2.0,9.0,10,8.0,25.0,2.0,5.0,N,9.0,Low,Low,Low,2018/02/21
EMP4010,40.0,Male,Admin,Support Team Lead,0.8,29584.89,45.0,15.0,Yes,7.3,9.0,1.0,10.0,4,6.0,6.0,5.0,5.0,No,7.0,Low,Low,Low,2020/08/21
EMP4553,35.0,Other,R&D,Support Team Lead,7.9,40196.75,42.0,6.0,N,6.1,10.0,1.0,9.0,2,5.0,6.0,1.0,4.0,No,5.0,Low,Low,Low,2016-01-10
EMP1510,36.0,Male,Hr,Support Team Lead,3.8,43857.85,45.0,0.0,No,7.2,10.0,1.0,9.0,8,6.0,5.0,0.0,5.0,No,7.0,Low,Low,Low, 
EMP3922,32.0,Male,Admin,Front Desk Executive,0.7,25863.5,45.0,0.0,N,8.0,10.0,2.0,9.0,4,4.0,16.0,2.0,5.0,No,7.0,Low,Low,Low,02-03-2026
 emp1939 ,33.0,Male,Hr,Hr Manager,0.5,41728.56,47.0,8.0,Yes,7.1,9.0,1.0,8.0,,6.0,32.0,1.0,5.0,No,9.0,Low,Low,Low,25/03/2018
EMP3540,41.0,Male,Customer Support,Support Executive,2.8,26168.01,45.0,0.0,No,6.5,9.0,1.0,9.0,7,6.0,44.0,2.0,5.0,No,6.0,-,Low,Low,31/01/2017
EMP4573,46.0,Male,Hr,Hr Generalist,5.0,36483.63,45.0,11.0,No,7.4,8.0,3.0,7.0,3,7.0,3.0,4.0,5.0,N,7.0,,Low,Low,"April 24, 2015"
EMP4374,28.0,Female,Hr,Devops Engineer,1.3,26516.23,50.0,11.0,No,6.8,9.0,1.0,10.0,5,6.0,4.0,4.0,5.0,Yes,7.0,Low,Low,Low,05-08-2022
EMP3352,32.0,Other,Finance,Auditor,0.1,32425.18,45.0,9.0,Yes,7.2,7.0,1.0,10.0,5,7.0,0.0,1.0,5.0,N,6.0,Low,Low,Low,05/07/2017
EMP6981,44.0,Female,,Compliance Officer,13.3,40246.04,45.0,10.0,No,8.6,8.0,1.0,8.0,6,6.0,6.0,1.0,5.0,Yes,7.0,Low,Low,Low,01/08/2018
EMP1706,20.0,Female,Cust. Support,Support Executive,2.0,32760.2,49.0,4.0,Y,6.8,9.0,1.0,10.0,4,6.0,42.0,3.0,5.0,Yes,7.0,Low,Low,Low,2018-08-12
EMP1357,33.0,Male,Customersupport,Customer Success Manager,2.0,32775.31,37.0,2.0,No,7.2,10.0,1.0,10.0,6,7.0,40.0,2.0,4.0,No,7.0,Low,Low,Low,05-09-2015
EMP4195,30.0,Male,Administration,Support Team Lead,1.8,32425.18,50.0,0.0,No,7.0,9.0,1.0,6.0,6,6.0,10.0,0.0,4.0,Yes,6.0,Low,Low,Low,01/02/2023
EMP2006,20.0,Male,Hr,Hr Executive,2.0,26841.07,56.0,5.0,Yes,7.3,7.0,2.0,8.0,4,6.0,8.0,3.0,5.0,Yes,7.0,Low,Low,Low,13/09/2019
EMP4847,33.0,Female,Admin,Admin Executive,4.5,30151.8,58.0,17.0,Yes,5.2,6.0,3.0,8.0,4,6.0,10.0,4.0,5.0,-,5.0,Low,Low,Low,2026/05/08
EMP3337,44.0,F,R&D,Research Analyst,14.9,46935.94,41.0,1.0,Y,7.4,10.0,2.0,10.0,5,6.0,12.0,1.0,5.0,Yes,7.0,Low,Low,Low,2020-04-07
EMP3866,33.0,Female,Finance,-,0.4,31722.33,48.0,11.0,N,6.6,9.0,2.0,10.0,7,8.0,37.0,2.0,5.0,Yes,9.0,Low,Low,Low,2015/04/05
EMP5219,38.0,Other,R&D,Data Scientist,3.6,41379.37,45.0,11.0,Yes,7.5,7.0,1.0,9.0,4,5.0,2.0,3.0,5.0,Y,9.0,Low,Low,Low,2015-10-09
EMP1821,27.0,Other,Admin,Admin Executive,0.3,26230.2,41.0,4.0,No,8.2,10.0,1.0,8.0,4,6.0,33.0,4.0,5.0,N,9.0,Low,Low,Low,08-Oct-2021
EMP6552,32.0,Male,Operations,Operations Manager,1.3,37879.46,33.0,1.0,N,6.9,9.0,1.0,9.0,8,9.0,8.0,3.0,5.0,No,7.0,Low,Low,Low,27/03/2018
EMP6159,33.0,Female,R&D,Research Analyst,5.1,35573.11,39.0,0.0,Yes,7.0,9.0,1.0,9.0,5,6.0,38.0,4.0,5.0,N,8.0,-,Low,Low,08/09/2019
EMP3409,33.0,Male,Customer Support,Support Executive,3.0,36700.64,45.0,0.0,Yes,8.2,10.0,1.0,10.0,7,8.0,33.0,4.0,5.0,N,9.0,Low,Low,Low,2025-12-24
EMP1737,33.0,Male,Operations,Operations Executive,2.6,29554.57,43.0,12.0,No,6.5,9.0,2.0,8.0,6,5.0,3.0,2.0,3.0,N,7.0,Low,Low,Low,08-11-2020
EMP4004,37.0,Female,Hr,Legal Advisor,4.0,29429.98,52.0,7.0,No,4.7,8.0,1.0,9.0,6,7.0,13.0,4.0,5.0,Yes,8.0,Low,Low,Low,2021-12-21
EMP1725,33.0,Male,It,Support Team Lead,6.0,33642.64,50.0,12.0,No,7.8,9.0,1.0,8.0,8,7.0,3.0,1.0,5.0,No,5.0,Low,Low,Low,08-18-2018
EMP1406,56.0,Female,R&D,Data Scientist,2.5,29660.43,40.0,0.0,No,7.7,10.0,1.0,10.0,4,4.0,11.0,5.0,5.0,-,7.0,Low,Low,Low,14-Jan-2018
EMP3876,34.0,Female,Hr,Data Scientist,16.0,32425.18,49.0,5.0,No,7.6,9.0,1.0,9.0,6,6.0,12.0,2.0,5.0,N,5.0,Low,Low,Low,"December 06, 2023"
EMP2151,41.0,Male,Hr,Sales Executive,3.1,28654.02,45.0,5.0,No,8.1,9.0,1.0,10.0,9,7.0,20.0,3.0,5.0,Yes,6.0,Low,Low,Low,11/12/2024
EMP1481,35.0,Male,Hr,Support Executive,3.9,29555.5,48.0,17.0,No,8.3,7.0,1.0,10.0,5,7.0,10.0,0.0,5.0,No,8.0,Low,Low,Low,-
EMP4598,33.0,Male,Finance,Audtior,2.5,23337.43,43.0,5.0,N,7.5,9.0,1.0,7.0,5,6.0,13.0,0.0,4.0,No,8.0,Low,Low,Low,19-Dec-2017
EMP3788,36.0,Male,Research And Development,Data Scientist,3.8,32425.18,39.0,0.0,No,8.0,10.0,1.0,10.0,9,7.0,0.0,2.0,5.0,No,7.0,Low,Low,Low,22/01/2026
EMP3938,33.0,Female,It,Devops Engineer,0.1,21660.68,45.0,3.0,No,6.1,10.0,1.0,8.0,4,6.0,10.0,4.0,5.0,No,7.0,Low,Low,Low,2015/12/08
EMP6554,41.0,Female,Admin,Office Manager,1.4,41632.11,39.0,5.0,-,6.5,9.0,1.0,10.0,5,7.0,10.0,1.0,5.0,No,7.0,Low,Low,Low,19-Sep-2023
EMP3603,35.0,F,Sales,Sales Executive,2.5,35075.12,37.0,0.0,No,7.1,10.0,1.0,8.0,,6.0,13.0,4.0,5.0,Y,6.0,Low,Low,Low,2016/10/26
EMP3286,47.0,Male,Rnd,Data Scientist,0.5,35475.7,45.0,7.0,No,7.2,10.0,1.0,9.0,7,7.0,26.0,3.0,5.0,N,6.0,Low,Low,Low,2018/08/02
EMP1226,27.0,Male,Admin,Front Desk Executive,3.8,30414.74,36.0,0.0,Yes,8.6,10.0,1.0,9.0,4,9.0,10.0,5.0,4.0,No,7.0,Low,Low,Low,2026/03/31
 emp4786 ,22.0,Male,Sales,Sales Manager,4.0,46150.14,60.0,26.0,N,6.6,8.0,1.0,10.0,4,5.0,1.0,3.0,5.0,N,9.0,Low,Low,,10-03-2021
EMP1799,32.0,Female,R&D,Data Scientist,2.5,50578.1,45.0,0.0,Yes,8.6,10.0,1.0,8.0,6,8.0,11.0,5.0,5.0,No,9.0,Low,Low,Low,13-Jan-2023
EMP4599,44.0,Male,Legal,Legal Advisor,0.6,22148.5,43.0,5.0,No,7.0,8.0,1.0,10.0,8,7.0,12.0,4.0,5.0,N,7.0,Low,Low,Low,2020/03/03
EMP1739,30.0,Female,R&D,Data Scientist,2.5,31519.72,53.0,16.0,No,7.2,6.0,2.0,9.0,7,7.0,20.0,1.0,5.0,N,9.0,Low,Low,Low,08-13-2015
EMP4311,32.0,,Sales,Account Manager,2.5,43764.9,44.0,6.0,No,7.0,10.0,1.0,10.0,6,6.0,0.0,5.0,5.0,Y,7.0,Low,Low,Low,08/11/2020
EMP2429,37.0,Male,It,Software Engineer,2.5,21616.78,70.0,29.0,Yes,6.6,5.0,1.0,8.0,-,7.0,9.0,3.0,5.0,No,7.0,Low,Low,Low,2015/03/01
EMP4876,33.0,Male,Customersupport,Support Executive,2.5,30990.39,49.0,11.0,Yes,7.1,9.0,1.0,8.0,7,5.0,0.0,1.0,5.0,No,8.0,Low,Low,Low,19-Jun-2022
EMP1434,33.0,Male,Hr,,3.3,23250.21,42.0,0.0,No,7.5,9.0,3.0,7.0,2,3.0,12.0,7.0,5.0,N,7.0,Low,Low,Medium,19-May-2024
EMP1628,42.0,Male,Finance,,4.6,31432.3,57.0,20.0,No,6.8,8.0,1.0,10.0,6,6.0,17.0,2.0,5.0,No,7.0,Low,Low,Low,2025/01/18
EMP4907,36.0,Female,R&D,Data Scientist,2.3,37018.16,43.0,4.0,Yes,7.8,10.0,2.0,10.0,3,5.0,14.0,5.0,5.0,N,7.0,Low,Low,Low,2022/03/09
EMP2825,23.0,M,It,Software Engineer,5.0,32054.12,45.0,18.0,N,6.8,6.0,1.0,9.0,6,5.0,7.0,3.0,4.0,No,7.0,Low,Low,Low,04-17-2026
EMP3449,25.0,M,Sales,Sales Manager,3.6,39147.88,35.0,1.0,No,5.3,9.0,1.0,9.0,9,8.0,10.0,1.0,5.0,No,6.0,Low,Low,Low,"April 20, 2018"
EMP6043,41.0,Male,Finance,Auditor,9.0,31509.46,58.0,16.0,No,7.3,8.0,1.0,10.0,7,7.0,27.0,4.0,5.0,No,6.0,Low,Low,Low,"March 21, 2023"
EMP1302,36.0,Male,Sales,Sales Executive,0.5,28109.84,50.0,8.0,No,6.8,7.0,1.0,9.0,4,5.0,1.0,5.0,5.0,No,6.0,Low,Low,Low,-
EMP6080,33.0,Female,Hr,Hr Generalist,7.0,33427.24,48.0,3.0,No,15.0,10.0,2.0,9.0,4,5.0,0.0,0.0,5.0,No,7.0,Low,Low,Low,"August 19, 2018"
EMP2790,25.0,Other,Sales,Sales Manager,0.6,32425.18,48.0,7.0,N,7.5,10.0,1.0,9.0,3,5.0,3.0,5.0,5.0,Y,7.0,Low,Low,Low,04/11/2017
EMP3864,33.0,Female,Marketing,Marketing Executive,2.4,28784.73,52.0,5.0,No,6.9,7.0,1.0,10.0,8,8.0,46.0,5.0,5.0,N,7.0,Low,Low,Low,12-13-2023
EMP4960,30.0,Male,Ops,Operations Executive,0.9,19369.7,45.0,10.0,No,7.0,10.0,1.0,9.0,4,5.0,28.0,4.0,5.0,N,7.0,Low,Low,Low,2023/02/01
EMP1325,33.0,Female,,Seo Specialist,4.5,26712.12,37.0,0.0,Y,8.2,9.0,1.0,8.0,6,6.0,15.0,1.0,5.0,No,8.0,Low,Low,Low,2020/05/14
EMP2902,37.0,Male,Sales,Account Manager,1.0,34021.75,45.0,10.0,No,6.5,8.0,1.0,9.0,5,7.0,31.0,2.0,5.0,Yes,8.0,Low,Low,Low,2017-02-07
EMP1747,41.0,Female,Legal,Support Team Lead,4.0,30765.55,41.0,0.0,No,7.4,10.0,1.0,9.0,3,6.0,7.0,5.0,5.0,Y,8.0,Low,Low,Low,"January 27, 2022"
EMP1740,41.0,Male,Marketing,Marketing Executive,0.6,34045.18,41.0,1.0,No,8.2,8.0,1.0,9.0,6,7.0,28.0,4.0,5.0,N,7.0,Low,Low,Low,-
EMP2927,30.0,Male,Hr,Logistics Coordinator,2.5,40254.9,47.0,4.0,Y,8.2,10.0,1.0,9.0,,6.0,24.0,5.0,5.0,No,5.0,Low,Low,Low,2023-03-20
EMP5896,45.0,F,Legal,Compliance Officer,0.1,21408.83,43.0,3.0,No,8.0,10.0,1.0,10.0,6,6.0,55.0,2.0,5.0,No,7.0,Low,Low,Low,09-Aug-2017
EMP6259,36.0,F,It,System Admin,5.0,34539.94,41.0,0.0,N,6.8,10.0,1.0,10.0,8,5.0,29.0,4.0,5.0,No,8.0,Low,Low,Low,14/04/2015
EMP6997,35.0,Male,Customer Support,Support Team Lead,4.1,25979.95,37.0,0.0,No,8.0,10.0,1.0,10.0,-,7.0,26.0,4.0,4.0,No,8.0,Low,Low,Low,16-Jun-2023
EMP1518,33.0,Other,Operations,Operations Manager,7.9,50088.62,34.0,0.0,No,7.2,10.0,1.0,9.0,5,6.0,19.0,6.0,4.0,-,7.0,Low,Low,Low,08-Apr-2026
EMP2731,20.0,Female,Legal,Legal Counsel,1.1,28243.43,45.0,4.0,N,8.3,9.0,1.0,7.0,3,7.0,49.0,6.0,5.0,No,7.0,Low,Low,Low,05-Dec-2016
EMP5741,38.0,Female,Hr,Hr Manager,7.7,52169.59,32.0,0.0,No,7.1,10.0,1.0,8.0,5,7.0,7.0,3.0,5.0,No,8.0,,Low,,2022-03-31
EMP6018,48.0,Male,Research And Development,R&D Engineer,1.0,27275.73,31.0,5.0,No,7.2,10.0,1.0,9.0,7,7.0,18.0,0.0,5.0,N,7.0,Low,Low,Low,25-Sep-2024
EMP6556,32.0,Female,Admin,Admin Executive,0.7,32126.35,45.0,0.0,Yes,6.1,10.0,1.0,9.0,5,7.0,25.0,4.0,5.0,No,7.0,Low,Low,Low,22/01/2018
EMP3845,39.0,Female,R&D,Research Analyst,2.5,27614.2,58.0,21.0,Y,6.1,8.0,3.0,8.0,4,5.0,16.0,3.0,5.0,N,7.0,Low,Low,Medium,01-15-2024
EMP1636,34.0,Male,Customer Support,Support Executive,2.5,22321.13,45.0,0.0,Y,7.9,9.0,1.0,10.0,5,6.0,-45.0,6.0,5.0,Y,7.0,Low,Low,Low,"September 16, 2017"
EMP3606,30.0,Male,It,Devops Engineer,3.1,27559.09,42.0,3.0,No,6.5,9.0,2.0,9.0,6,8.0,7.0,4.0,5.0,No,6.0,Low,Low,Low,06/11/2020
EMP5833,32.0,Male,Operations,Operations Manager,4.2,38803.84,48.0,13.0,Yes,6.0,8.0,3.0,10.0,3,6.0,5.0,2.0,5.0,N,7.0,Low,Low,-,27-Jan-2016
EMP2767,27.0,Female,Hr,It Support,0.4,29471.91,48.0,7.0,No,6.6,10.0,1.0,9.0,6,6.0,7.0,1.0,5.0,No,7.0,Low,Low,Low,-
EMP4351,27.0,Female,Hr,Software Engineer,0.9,25126.32,56.0,22.0,N,7.2,8.0,2.0,10.0,8,8.0,5.0,4.0,5.0,No,6.0,Low,Low,Low, 
EMP6569,33.0,Male,Marketing,Marketing Manager,1.7,37659.79,40.0,2.0,No,6.3,10.0,1.0,9.0,5,4.0,12.0,2.0,5.0,N,6.0,Low,Low,Med,01-29-2018
EMP5720,33.0,Female,R&D,Research Analyst,10.2,38120.07,49.0,5.0,Y,6.8,9.0,2.0,7.0,3,5.0,1.0,4.0,4.0,Yes,7.0,Low,Low,Low,06-08-2015
EMP6028,47.0,Male,Hr,Support Executive,1.8,32778.74,49.0,9.0,Y,6.4,8.0,3.0,8.0,4,6.0,71.0,4.0,4.0,No,5.0,Low,Low,Low,13-Nov-2020
EMP2497,33.0,Male,Admin,Front Desk Executive,1.4,30432.38,54.0,14.0,Y,7.5,8.0,2.0,8.0,,8.0,17.0,3.0,5.0,N,7.0,Low,Low,Low,04-21-2023
EMP6175,38.0,Female,Hr,Legal Advisor,0.8,15236.44,41.0,0.0,No,7.2,9.0,1.0,9.0,8,6.0,24.0,6.0,5.0,Yes,6.0,Low,Low,Low,02-12-2026
EMP4455,34.0,Female,Admin,Front Desk Executive,0.2,20804.26,45.0,4.0,No,7.4,9.0,2.0,9.0,4,6.0,10.0,2.0,4.0,No,7.0,Low,Low,Low,2025-04-24
EMP3415,20.0,Female,Hr,Hr Executive,0.8,21647.73,37.0,0.0,No,7.7,9.0,1.0,10.0,4,5.0,18.0,3.0,5.0,Y,8.0,Low,Low,Low,12-07-2019
EMP1072,37.0,Female,Legal,Compliance Officer,3.6,37744.9,43.0,5.0,No,6.1,10.0,1.0,9.0,4,4.0,0.0,3.0,5.0,No,5.0,Low,Low,Low,22/10/2018
EMP4444,27.0,Male,Hr,Front Desk Executive,2.1,30834.66,45.0,0.0,N,6.8,9.0,1.0,10.0,10,9.0,10.0,3.0,5.0,N,7.0,Low,Low,Low,"July 10, 2019"
EMP6279,22.0,Female,Marketing,Marketing Executive,2.6,31732.5,43.0,6.0,Yes,8.0,9.0,3.0,7.0,5,7.0,10.0,6.0,5.0,No,7.0,Low,Low,Low,09-Mar-2022
EMP6385,39.0,Male,Legal,Compliance Officer,4.7,26905.75,55.0,14.0,Yes,7.2,6.0,2.0,9.0,7,6.0,0.0,4.0,5.0,-,6.0,Low,Low,Low,31-Mar-2016
EMP6055,45.0,Male,Customer Support,Customer Success Manager,2.5,32425.18,48.0,10.0,No,6.8,8.0,2.0,10.0,6,6.0,12.0,5.0,5.0,N,9.0,Low,Low,Low,2022-03-18
EMP5948,29.0,Female,Hr,Support Team Lead,0.5,26930.79,42.0,3.0,Yes,6.8,9.0,1.0,10.0,6,6.0,1.0,6.0,5.0,No,6.0,Low,Low,Low,-
EMP3521,44.0,Female,Operations,Operations Executive,2.6,33005.22,54.0,15.0,No,7.2,8.0,1.0,10.0,7,6.0,10.0,4.0,5.0,Yes,8.0,Low,Low,Low,12-Aug-2020
EMP6867,50.0,Male,Customer Support,-,2.2,40232.08,53.0,21.0,No,5.6,8.0,1.0,10.0,8,8.0,1.0,1.0,5.0,Yes,8.0,Low,Low,Low,2024-05-29
EMP1841,45.0,Male,Marketing,Marketing Executive,5.7,32278.13,54.0,26.0,Yes,7.2,6.0,2.0,8.0,7,7.0,3.0,2.0,5.0,No,9.0,Low,Low,Low,11-04-2021
EMP1448,35.0,Male,Marketting,Seo Specialist,0.4,27272.73,49.0,10.0,N,6.1,10.0,2.0,9.0,4,6.0,13.0,1.0,5.0,N,6.0,Low,Low,Low,"February 19, 2017"
EMP6966,40.0,Male,-,Legal Advisor,5.1,37634.32,42.0,5.0,Y,7.9,10.0,1.0,9.0,7,6.0,2.0,2.0,5.0,No,8.0,Low,Low,Low,-
EMP1730,45.0,Female,Hr,Hr Generalist,0.5,27912.05,54.0,7.0,No,7.8,10.0,4.0,8.0,5,3.0,5.0,1.0,5.0,Yes,8.0,Low,Low,Medium,"May 31, 2021"
EMP6827,33.0,Male,It,Devops Engineer,15.0,43540.26,47.0,6.0,Yes,6.8,9.0,1.0,10.0,6,6.0,45.0,3.0,5.0,,7.0,Low,Low,Low,04-11-2021
EMP6257,43.0,Male,R&D,Research Analyst,2.1,21664.1,48.0,14.0,Yes,7.8,9.0,1.0,9.0,5,6.0,1.0,2.0,4.0,Yes,5.0,Low,Low,Low,2019-05-30
EMP2124,32.0,Male,It,Qa Engineer,1.2,25120.61,45.0,13.0,No,7.9,10.0,1.0,10.0,3,6.0,5.0,2.0,5.0,Yes,7.0,Low,Low,Low,2022/01/10
EMP5909,32.0,M,Legal,Compliance Officer,6.7,38293.0,55.0,19.0,Yes,6.2,7.0,1.0,8.0,7,7.0,30.0,3.0,5.0,Yes,7.0,Low,Low,Low,2025-05-21
EMP2364,43.0,Male,Finance,Accountant,2.5,31985.72,40.0,5.0,No,7.4,9.0,1.0,10.0,6,6.0,63.0,2.0,5.0,N,7.0,Low,Low,Low,"August 25, 2025"
EMP6718,42.0,Female,Finance,Support Team Lead,2.5,40971.53,55.0,14.0,Yes,7.3,9.0,1.0,9.0,10,8.0,0.0,1.0,5.0,N,9.0,Low,Low,Low,04-12-2016
EMP5406,23.0,Female,Hr,Support Team Lead,0.8,32094.46,37.0,0.0,Y,7.5,10.0,1.0,6.0,3,6.0,58.0,4.0,5.0,No,6.0,Low,Low,Low,2017-02-03
EMP5494,39.0,Male,Administration,Admin Executive,-1.956989071342073,17395.15,49.0,11.0,Yes,6.6,10.0,1.0,10.0,3,6.0,13.0,2.0,5.0,Yes,7.0,Low,Low,Low,04-19-2023
EMP2720,32.0,Male,Legal,Legal Counsel,0.8,29687.66,55.0,21.0,No,6.0,8.0,1.0,10.0,4,4.0,10.0,1.0,5.0,Yes,7.0,Low,Low,Low,"March 15, 2024"
EMP4689,41.0,Male,Admin,Front Desk Executive,2.5,36843.95,44.0,7.0,-,6.7,10.0,2.0,10.0,8,10.0,29.0,4.0,5.0,N,5.0,Low,Low,Low,-
EMP4629,38.0,Female,Customer Support,Support Team Lead,2.5,39011.34,55.0,18.0,No,7.1,8.0,3.0,7.0,5,6.0,5.0,7.0,5.0,N,6.0,Low,-,Low,"January 11, 2025"
EMP4902,47.0,Female,Sales,Sales Manager,2.5,35234.99,45.0,0.0,No,7.3,10.0,1.0,9.0,6,6.0,83.0,4.0,4.0,Y,7.0,Low,Low,Low,08-Apr-2016
EMP5041,38.0,Male,Hr,Hr Executive,2.3,23046.51,40.0,0.0,No,6.9,10.0,2.0,10.0,,5.0,10.0,2.0,5.0,Yes,6.0,Low,Low,Low,13/05/2015
EMP2787,33.0,Male,Customer Support,Customer Success Manager,3.8,32425.18,47.0,8.0,Y,7.9,9.0,2.0,10.0,6,8.0,22.0,1.0,5.0,N,6.0,Low,Low,Low,01-Apr-2023
EMP4162,48.0,Female,Legal,Legal Counsel,0.5,23187.55,45.0,7.0,No,8.1,9.0,1.0,10.0,7,6.0,-6.0,5.0,5.0,No,9.0,Low,Low,Low,"June 05, 2024"
EMP4519,41.0,-,Finance,Auditor,0.4,20628.91,53.0,11.0,Yes,6.2,8.0,2.0,9.0,5,5.0,10.0,4.0,5.0,N,7.0,Low,Low,Low,-
EMP4646,38.0,Male,It,It Support,0.7,22104.11,35.0,0.0,Yes,7.9,10.0,1.0,10.0,4,6.0,12.0,5.0,5.0,N,8.0,Low,Low,Low,-
EMP1107,35.0,Male,Admin,Front Desk Executive,2.1,26428.17,51.0,12.0,No,6.8,9.0,1.0,10.0,9,6.0,0.0,3.0,5.0,No,7.0,Low,Low,Low,"April 15, 2019"
EMP6546,39.0,Female,Cust. Support,Support Team Lead,0.1,44672.94,38.0,5.0,Yes,7.5,10.0,1.0,9.0,6,7.0,0.0,4.0,5.0,Yes,7.0,Low,Low,Low,05-21-2025
EMP2967,40.0,Female,Sales,Sales Manager,2.9,46756.25,45.0,0.0,No,7.2,10.0,1.0,9.0,6,6.0,14.0,3.0,5.0,N,8.0,Low,Low,Low,08-12-2023
EMP6529,39.0,Female,It,It Support,2.4,24275.04,46.0,0.0,No,8.0,8.0,1.0,10.0,5,6.0,15.0,5.0,5.0,N,7.0,Low,Low,Low,25-Oct-2019
EMP1387,29.0,Male,It,Software Engineer,2.8,29307.17,53.0,12.0,Y,7.5,8.0,1.0,10.0,9,5.0,12.0,4.0,5.0,Yes,8.0,Low,Low,Low,2025-09-04
EMP1581,45.0,Male,-,Seo Specialist,1.8,25197.95,45.0,0.0,N,5.6,10.0,1.0,10.0,5,8.0,1.0,7.0,5.0,Yes,7.0,Low,Low,Low,"September 13, 2021"
EMP3863,20.0,-,Hr,Software Engineer,0.5,25738.44,45.0,10.0,No,7.6,9.0,1.0,10.0,8,6.0,38.0,1.0,4.0,No,7.0,Low,Low,Low,"April 18, 2026"
EMP5795,31.0,Male,Legal,Compliance Officer,1.5,27816.89,49.0,7.0,No,7.5,8.0,1.0,8.0,6,5.0,66.0,2.0,5.0,No,7.0,Low,Low,Low,2019/10/19
 emp3764 ,33.0,Other,Sales,Sales Manager,0.9,32425.18,45.0,17.0,N,6.3,7.0,2.0,9.0,7,7.0,37.0,5.0,5.0,Y,5.0,Low,Low,Low,2015-11-19
EMP5084,33.0,Female,Operations,Operations Manager,2.6,38148.98,42.0,-5.0,No,8.1,10.0,1.0,9.0,5,5.0,7.0,2.0,5.0,No,6.0,Low,Low,Low,2021/11/12
EMP4025,41.0,Female,Operations,Logistics Coordinator,7.3,40130.22,37.0,7.0,,8.6,10.0,1.0,9.0,7,5.0,15.0,3.0,5.0,N,8.0,Low,Low,Low,14/11/2024
EMP4338,35.0,Male,Marketing,Content Strategist,4.8,29737.32,48.0,10.0,Yes,8.3,9.0,1.0,9.0,4,4.0,3.0,3.0,5.0,Y,7.0,Low,Low,Low,-
EMP5358,41.0,Male,Marketing,Marketing Manager,1.5,36940.16,39.0,0.0,Y,8.2,9.0,1.0,10.0,6,6.0,0.0,2.0,5.0,Y,8.0,Low,Low,Low,2016/12/17
EMP1618,33.0,F,Hr,Hr Executive,9.2,32527.54,42.0,14.0,Yes,5.6,9.0,3.0,8.0,6,7.0,10.0,2.0,5.0,No,5.0,Low,Low,Low,29/07/2018
EMP6162,20.0,Male,Sales,Sales Manager,2.0,32425.18,51.0,9.0,No,8.7,7.0,2.0,9.0,7,7.0,18.0,1.0,5.0,No,7.0,Low,Low,Low,2023/07/03
EMP3023,36.0,Female,Marketing,Seo Specialist,2.5,31635.06,48.0,5.0,No,5.4,9.0,1.0,9.0,6,5.0,1.0,2.0,4.0,No,8.0,Low,Low,-,2024-02-07
EMP2281,41.0,Female,R&D,R&D Engineer,5.8,36634.93,45.0,-9.0,N,7.4,9.0,1.0,10.0,7,7.0,10.0,2.0,5.0,No,7.0,Low,Low,Low,2023/07/12
EMP6533,33.0,M,Ops,Logistics Coordinator,8.8,32425.18,62.0,27.0,No,5.9,7.0,1.0,9.0,8,8.0,3.0,3.0,5.0,Yes,7.0,Low,Low,Low,23-Jul-2018
EMP1566,46.0,Male,Operations,Operations Manager,5.5,48791.7,38.0,0.0,No,7.0,10.0,1.0,8.0,7,8.0,16.0,1.0,5.0,N,9.0,Low,Low,Low,01-Jan-2017
EMP1863,33.0,Male,Customersupport,Support Team Lead,1.8,33762.51,34.0,0.0,No,7.5,8.0,1.0,10.0,6,8.0,18.0,4.0,5.0,Y,7.0,Low,Low,Low,01-28-2020
EMP6657,37.0,Female,Customer Support,,1.3,21398.76,47.0,2.0,No,7.2,10.0,1.0,10.0,4,5.0,6.0,1.0,4.0,Yes,8.0,Low,Low,Low,06-23-2019
EMP2314,33.0,Female,Finance,Accountnat,0.2,24183.41,44.0,3.0,No,8.4,10.0,1.0,8.0,5,5.0,1.0,6.0,4.0,Yes,7.0,Low,Low,Low,2024/06/10
EMP5109,25.0,Female,Admin,Admin Executive,4.4,36715.73,39.0,4.0,No,-8.670780263828341,10.0,1.0,8.0,6,7.0,1.0,3.0,5.0,Yes,8.0,Low,Low,Low,2023-01-14
EMP6332,33.0,Male,It,Support Team Lead,2.2,31596.79,30.0,0.0,No,6.0,10.0,2.0,8.0,6,5.0,10.0,3.0,5.0,No,8.0,Low,Low,Low,-
EMP3021,53.0,Female,Hr,Hr Manager,0.1,30429.96,51.0,15.0,Yes,7.2,9.0,2.0,7.0,6,8.0,27.0,2.0,5.0,N,8.0,Low,Low,Low,14/08/2023
EMP5903,35.0,Female,Finance,Accountant,2.5,29598.88,45.0,6.0,Yes,8.9,9.0,1.0,10.0,6,7.0,6.0,1.0,5.0,No,7.0,Low,Low,Low,2016/08/16
EMP3519,36.0,-,It,It Support,0.1,29075.27,52.0,24.0,Y,6.2,8.0,3.0,7.0,5,7.0,1.0,5.0,5.0,N,6.0,Low,Low,Low,2025-06-08
EMP2128,33.0,Female,Operations,Operations Manager,1.6,32425.18,35.0,1.0,Yes,7.4,10.0,1.0,9.0,7,7.0,22.0,1.0,5.0,Yes,7.0,Low,Low,Low,2021-09-25
EMP1460,44.0,Male,-,Operations Manager,4.8,40933.06,45.0,0.0,Y,7.9,9.0,1.0,8.0,-,7.0,10.0,2.0,5.0,N,7.0,Low,Low,Low,"September 17, 2018"
EMP5904,30.0,Female,Sales,Sales Manager,1.2,28798.56,54.0,6.0,No,8.5,9.0,1.0,8.0,7,7.0,31.0,5.0,5.0,Yes,8.0,Low,Low,Low,-
EMP4657,33.0,Female,Customer Support,Support Executive,2.5,23282.86,39.0,0.0,No,7.2,10.0,1.0,8.0,4,6.0,21.0,0.0,5.0,N,7.0,Low,Low,Low,"April 19, 2021"
EMP1469,31.0,Male,Customer Support,Support Team Lead,0.3,43233.55,36.0,0.0,No,8.2,9.0,2.0,10.0,5,5.0,1.0,4.0,5.0,Yes,7.0,Low,Low,Low,"November 21, 2016"
EMP6265,33.0,F,R&D,Research Analyst,2.0,23412.99,58.0,19.0,N,6.2,9.0,1.0,7.0,7,7.0,10.0,2.0,5.0,N,7.0,Low,Low,Low,"August 12, 2024"
EMP3621,33.0,F,Marketing,Content Strategist,9.0,32425.18,33.0,0.0,N,9.0,10.0,1.0,10.0,6,5.0,10.0,3.0,5.0,N,7.0,Low,Low,Low,24/11/2021
EMP1751,36.0,Male,It,Devops Engineer,11.6,41328.15,56.0,23.0,N,7.1,8.0,3.0,9.0,8,7.0,11.0,4.0,5.0,No,6.0,Low,Low,Low,"April 07, 2015"
EMP4700,33.0,Female,Hr,Hr Generalist,6.4,32638.24,54.0,13.0,N,7.3,7.0,1.0,10.0,6,8.0,1.0,3.0,5.0,Yes,7.0,Low,Low,Low,28-Jan-2016
EMP6367,46.0,Male,Hr,Hr Manager,1.7,32425.18,30.0,0.0,Yes,7.5,10.0,2.0,9.0,7,7.0,24.0,2.0,5.0,N,6.0,Low,Low,Low,09/10/2017
EMP5328,23.0,Male,Customer Support,Support Executive,0.1,21357.69,46.0,7.0,No,8.3,7.0,2.0,8.0,8,6.0,37.0,2.0,5.0,N,7.0,Low,Low,Low,04-May-2018
EMP1954,20.0,Male,Marketing,Seo Specialist,1.3,33540.08,40.0,4.0,Yes,6.1,9.0,1.0,10.0,7,7.0,8.0,1.0,5.0,,6.0,Low,Low,Low,"October 05, 2020"
EMP3741,40.0,Male,Hr,Recruiter,2.2,31164.03,45.0,17.0,Yes,6.5,9.0,1.0,10.0,6,6.0,8.0,1.0,5.0,N,5.0,Low,Low,Low,09-May-2022
EMP6514,30.0,Female,Human Resources,Hr Manager,5.6,45199.27,41.0,0.0,No,6.6,10.0,1.0,10.0,6,8.0,10.0,3.0,4.0,No,8.0,Low,Low,Low,23/09/2021
EMP2602,33.0,F,Hr,Support Team Lead,0.9,34531.92,45.0,0.0,No,8.7,10.0,1.0,9.0,5,7.0,2.0,2.0,5.0,No,6.0,Low,Low,Low,2021/07/04
EMP4631,45.0,Female,I.T.,System Admin,5.6,29603.92,56.0,20.0,No,5.8,9.0,1.0,10.0,9,7.0,0.0,2.0,5.0,Yes,7.0,Low,Low,Low,-
EMP6351,40.0,Male,Customer Support,Customer Success Manager,2.5,32905.16,38.0,2.0,Yes,8.6,9.0,1.0,8.0,4,7.0,9.0,3.0,5.0,No,7.0,Low,Low,Low,30-Sep-2022
EMP3401,25.0,,Operations,Logistics Coordinator,5.6,31828.68,55.0,21.0,No,5.7,7.0,1.0,9.0,7,6.0,35.0,3.0,5.0,Yes,9.0,Low,Low,Low,"July 04, 2024"
EMP5625,31.0,Male,Marketing,Marketing Manager,2.5,35337.72,39.0,7.0,No,7.0,10.0,1.0,10.0,9,6.0,0.0,4.0,5.0,Yes,7.0,Low,Low,Low,"September 02, 2016"
EMP6119,43.0,M,Sales,Sales Executive,10.2,46264.55,48.0,3.0,No,5.9,9.0,1.0,10.0,6,6.0,21.0,4.0,5.0,Y,8.0,Low,Low,Low,2025/04/02
EMP6319,35.0,-,Customer Support,Customer Success Manager,0.6,24158.81,36.0,0.0,No,8.2,9.0,1.0,9.0,4,6.0,5.0,4.0,5.0,Y,8.0,Low,Low,Low,-
EMP1770,37.0,Female,It,System Admin,2.8,27114.55,56.0,22.0,Yes,7.2,7.0,2.0,8.0,6,6.0,6.0,3.0,5.0,Yes,7.0,Low,Low,Low,"June 06, 2016"
EMP6077,33.0,Female,Sales,Business Development Executive,0.8,27086.05,35.0,2.0,Y,8.2,10.0,1.0,8.0,6,7.0,4.0,1.0,5.0,No,7.0,Low,Low,Low,2020-08-29
EMP3665,33.0,Male,Hr,Front Desk Executive,4.9,30187.37,37.0,0.0,No,7.4,9.0,1.0,8.0,9,6.0,27.0,3.0,5.0,-,7.0,Low,Low,Low,-
EMP5483,33.0,Female,Customer Support,Support Team Lead,3.7,46242.61,40.0,3.0,Yes,7.7,10.0,1.0,9.0,5,7.0,4.0,5.0,5.0,No,8.0,Low,Low,Low,22-Feb-2026
EMP5658,33.0,Male,Legal,-,4.4,27361.32,40.0,5.0,No,8.2,10.0,2.0,9.0,6,4.0,10.0,1.0,5.0,No,5.0,Low,Low,Low,04/06/2025
EMP1902,36.0,Male,Customer Support,Customer Success Manager,2.4,42280.69,48.0,18.0,No,7.3,9.0,1.0,8.0,5,6.0,32.0,3.0,5.0,Yes,7.0,Low,Low,Low,27/09/2023
EMP1334,40.0,Male,Finance,Support Team Lead,5.3,40198.14,39.0,1.0,Y,6.4,10.0,1.0,10.0,5,7.0,32.0,3.0,5.0,No,9.0,Low,Low,Low,08/10/2020
 emp4011 ,29.0,Female,Legal,Legal Counsel,1.0,35169.7,38.0,0.0,Yes,7.1,10.0,1.0,9.0,5,8.0,10.0,2.0,5.0,Yes,8.0,Low,Low,Low,2018-12-19
EMP3422,25.0,Male,Marketing,Content Strategist,0.4,23216.93,45.0,5.0,N,6.2,8.0,1.0,9.0,8,7.0,13.0,1.0,5.0,N,8.0,Low,Low,Low,09-05-2022
EMP2599,28.0,Male,Operations,Operations Manager,3.9,40106.32,49.0,5.0,N,6.6,10.0,2.0,9.0,9,8.0,18.0,2.0,5.0,No,7.0,Low,Low,Low,20/01/2022
EMP4846,33.0,Other,Admin,Front Desk Executive,2.2,32425.18,35.0,1.0,No,8.2,9.0,1.0,9.0,8,8.0,9.0,2.0,5.0,No,7.0,Low,Low,Low,2021-03-25
EMP4917,28.0,Female,Hr,Hr Generalist,1.9,26471.96,39.0,5.0,-,7.2,9.0,1.0,10.0,7,7.0,12.0,4.0,5.0,N,7.0,Low,Low,Low,-
EMP3079,36.0,Male,Marketing,Cnotent Strategist,7.4,40174.59,35.0,0.0,No,6.7,10.0,1.0,10.0,7,7.0,18.0,3.0,5.0,Yes,7.0,Low,Low,Low,2022/12/20
EMP1491,33.0,Male,It,Devops Engineer,9.1,34177.66,58.0,-26.0,N,0.5,5.0,3.0,9.0,5,3.0,0.0,2.0,3.0,N,5.0,Low,Low,Medium,03-07-2016
EMP2326,51.0,Male,Admin,Office Manager,3.0,32425.18,64.0,30.0,Y,6.3,7.0,1.0,9.0,8,9.0,10.0,2.0,5.0,Yes,8.0,Low,Low,Low,09/06/2019
EMP5906,22.0,,Operations,Operations Manager,1.2,39237.33,34.0,5.0,N,6.3,9.0,1.0,8.0,6,7.0,2.0,5.0,5.0,Yes,8.0,Low,Low,Low,10-07-2022
EMP6798,36.0,Female,Legal,Support Team Lead,2.5,32976.71,45.0,20.0,No,7.4,9.0,4.0,10.0,5,4.0,2.0,3.0,5.0,Yes,7.0,,Low,Medium,2024-07-08
EMP4934,29.0,Male,Finance,Accountant,0.8,26058.18,30.0,0.0,N,6.8,8.0,2.0,9.0,4,4.0,2.0,4.0,5.0,No,7.0,Low,Low,Low,03-08-2026
EMP2407,40.0,Female,R&D,Research Analyst,9.1,36178.17,45.0,0.0,No,7.3,10.0,1.0,6.0,8,6.0,10.0,7.0,5.0,No,6.0,Low,Low,Low,11-12-2016
EMP5484,33.0,Male,I.T.,System Admin,0.0,32331.54,45.0,0.0,Y,7.9,9.0,1.0,9.0,4,6.0,10.0,2.0,5.0,,6.0,Low,Low,Unknown,03-22-2023
EMP2137,34.0,M,Admin,Support Team Lead,7.6,36050.81,38.0,0.0,No,7.9,9.0,1.0,10.0,8,8.0,7.0,4.0,5.0,Yes,8.0,Low,Low,Low,2020/08/24
EMP5971,25.0,Female,Legal,Compliance Officer,2.5,33855.28,51.0,17.0,No,7.2,7.0,2.0,9.0,8,8.0,7.0,3.0,5.0,No,7.0,Low,Low,Low,-
EMP2242,29.0,M,Marketing,Marketing Manager,4.3,32425.18,44.0,8.0,No,0.5,8.0,1.0,8.0,8,6.0,25.0,1.0,5.0,Yes,8.0,Low,Low,Low,2016-05-06
EMP1960,53.0,Male,Marketing,Marketing Executive,13.9,49029.71,45.0,5.0,Yes,7.3,7.0,2.0,8.0,6,7.0,7.0,2.0,5.0,No,8.0,Low,Low,Low,06-Sep-2025
EMP5585,35.0,Female,Operations,Support Team Lead,0.4,28460.69,52.0,16.0,Yes,7.2,8.0,1.0,10.0,8,9.0,24.0,2.0,5.0,Y,8.0,Low,Low,Low,23/01/2021
EMP5973,37.0,M,Operations,Operations Manager,7.2,53699.75,45.0,16.0,No,8.2,8.0,1.0,10.0,1,5.0,11.0,3.0,5.0,Yes,7.0,Low,Low,Medium,2026-02-22
EMP4915,35.0,Female,R&D,Research Analyst,5.4,33328.73,39.0,0.0,No,7.5,10.0,1.0,10.0,7,7.0,10.0,3.0,4.0,Yes,7.0,Low,Low,Low,2015-10-28
EMP3651,41.0,F,Sales,Account Manager,1.6,34871.09,32.0,0.0,Y,6.4,9.0,1.0,10.0,6,7.0,11.0,3.0,5.0,N,7.0,Low,Low,Low,2024/08/12
EMP6076,38.0,Male,Cust. Support,Support Executive,2.8,30937.5,39.0,8.0,No,7.2,10.0,1.0,10.0,4,3.0,18.0,3.0,5.0,N,6.0,Low,Low,Low,2020-05-20
EMP3822,43.0,Male,Research And Development,Research Analyst,3.1,27758.25,53.0,18.0,No,6.6,7.0,1.0,10.0,1,5.0,13.0,0.0,5.0,Yes,5.0,Low,Low,Medium,19/08/2018
EMP2208,33.0,Female,R&D,Support Team Lead,0.3,21944.31,43.0,9.0,No,6.5,10.0,1.0,10.0,4,6.0,10.0,4.0,5.0,No,8.0,Low,Low,Low,07-08-2019
EMP3205,31.0,Male,Hr,Auditor,4.2,31565.88,52.0,12.0,Yes,7.8,10.0,1.0,9.0,7,4.0,10.0,3.0,5.0,Yes,7.0,Low,Low,Low,"November 14, 2023"
EMP1173,27.0,Female,Operations,Operations Executive,0.9,25296.09,33.0,0.0,N,7.2,9.0,1.0,9.0,6,7.0,20.0,2.0,5.0,N,8.0,Low,Low,Low,-
EMP2876,40.0,Female,Operations,Operations Manager,7.1,52726.75,49.0,14.0,Y,8.3,7.0,1.0,9.0,8,9.0,6.0,3.0,5.0,No,8.0,Low,Low,Low,22-Apr-2015
EMP1184,40.0,Male,Hr,Hr Manager,10.3,54697.12,30.0,0.0,No,7.1,9.0,1.0,7.0,6,7.0,2.0,0.0,5.0,No,7.0,Low,Low,Low,19-Jun-2017
EMP2821,27.0,Male,Customer Support,Customer Success Manager,1.8,32425.18,42.0,9.0,No,7.0,10.0,1.0,10.0,3,5.0,10.0,3.0,4.0,N,8.0,Low,Low,Low,"August 05, 2021"
EMP2522,25.0,Female,Finance,Financial Analyst,3.8,28606.7,46.0,4.0,N,7.8,9.0,1.0,10.0,5,7.0,13.0,-4.0,5.0,Y,8.0,Low,Low,Low,2015/03/07
EMP2499,32.0,Female,Legal,Compliance Officer,2.3,29524.13,45.0,-10.0,Yes,6.3,9.0,1.0,10.0,5,6.0,29.0,3.0,4.0,N,6.0,Low,Low,Low,-
EMP4521,40.0,Female,It,,1.6,19069.18,55.0,5.0,Yes,6.9,8.0,1.0,10.0,6,6.0,24.0,5.0,5.0,Yes,7.0,Low,Low,Low,03-May-2015
EMP4416,32.0,-,Customer Support,Customer Success Manager,1.4,46010.12,48.0,13.0,No,7.6,8.0,2.0,9.0,3,6.0,12.0,4.0,5.0,N,6.0,Low,Low,Low,2019-10-29
EMP2983,41.0,Other,Administration,Front Desk Executive,2.0,24990.36,33.0,2.0,N,7.8,10.0,1.0,9.0,7,5.0,5.0,2.0,5.0,N,6.0,Low,Low,Low,2016-02-05
EMP6331,25.0,Female,Hr,Operations Executive,7.0,36247.34,47.0,5.0,No,8.3,9.0,1.0,10.0,5,5.0,6.0,0.0,5.0,No,8.0,Low,Low,Low,03/02/2017
EMP4126,31.0,-,Hr,Hr Executive,0.8,24085.58,35.0,5.0,No,7.2,10.0,1.0,8.0,4,5.0,16.0,1.0,5.0,Yes,6.0,Low,Low,Low,"October 04, 2022"
 emp5522 ,34.0,Male,Customer Support,Customer Success Manager,1.9,42620.52,41.0,5.0,Y,8.2,9.0,1.0,9.0,6,8.0,10.0,3.0,4.0,Yes,6.0,-,Low,Low,22/09/2023
EMP6724,34.0,Male,Hr,Content Strategist,12.8,45495.44,30.0,0.0,Yes,7.2,10.0,1.0,10.0,7,6.0,8.0,5.0,4.0,Yes,7.0,Low,Low,Low,2022/06/19
EMP3903,33.0,Male,Information Technology,It Support,0.7,26475.38,49.0,19.0,Y,7.9,8.0,1.0,9.0,8,8.0,29.0,3.0,5.0,No,8.0,Low,Low,Low,05-21-2016
EMP3334,34.0,Male,Finance,Auditor,0.4,28972.87,30.0,14.0,No,6.8,10.0,1.0,9.0,7,6.0,10.0,0.0,4.0,Y,7.0,Low,Low,Low,12/04/2021
EMP6807,33.0,Male,R&D,Data Scientist,2.0,35353.65,52.0,5.0,No,7.0,9.0,1.0,10.0,6,5.0,0.0,6.0,4.0,Y,8.0,Low,Low,Low,2025-02-12
EMP1917,43.0,Male,Admin,Front Desk Executive,4.9,36714.88,33.0,0.0,No,7.9,9.0,1.0,10.0,4,6.0,14.0,1.0,5.0,N,8.0,Low,Low,Low,2024-12-31
EMP1928,33.0,Male,Hr,Devops Engineer,2.9,19379.95,55.0,20.0,No,6.7,8.0,3.0,9.0,10,6.0,39.0,3.0,5.0,Y,7.0,Low,Low,,"May 20, 2025"
EMP5146,32.0,Male,Sales,Business Development Executive,1.2,34703.91,38.0,5.0,No,6.9,8.0,1.0,9.0,5,6.0,15.0,4.0,5.0,No,7.0,Low,Low,Low,16/05/2024
EMP3752,22.0,Male,Finance,Accountant,0.1,29627.18,41.0,4.0,No,9.0,10.0,1.0,10.0,6,7.0,28.0,2.0,5.0,No,6.0,Low,Low,Low,29-May-2024
EMP1603,22.0,Male,Marketing,Marketing Executive,3.1,30314.08,53.0,22.0,N,8.1,9.0,1.0,10.0,8,6.0,28.0,2.0,5.0,Yes,6.0,Low,Low,Low,04/06/2017
EMP6541,49.0,Female,Finance,Auditor,3.1,35002.14,47.0,6.0,N,5.9,9.0,1.0,8.0,6,7.0,0.0,3.0,5.0,N,6.0,Low,Low,Low,29/05/2016
EMP4884,52.0,F,Sale,Account Manager,3.2,28921.16,58.0,5.0,No,6.7,8.0,1.0,9.0,5,6.0,5.0,2.0,5.0,No,8.0,Low,Low,Low,"January 05, 2016"
EMP2464,36.0,Female,Sales,Account Manager,-2.874875607819186,35687.89,41.0,2.0,No,8.8,10.0,1.0,8.0,6,9.0,10.0,3.0,5.0,No,6.0,Low,Low,Low,"June 01, 2030"
EMP1805,41.0,Male,It,Devops Engineer,2.6,25790.55,45.0,9.0,No,6.7,8.0,1.0,10.0,4,6.0,2.0,2.0,5.0,Yes,7.0,Low,Low,Low,"February 27, 2026"
EMP5049,26.0,Male,Sales,Sales Executive,4.7,32425.18,45.0,9.0,No,7.9,9.0,1.0,9.0,4,6.0,10.0,3.0,5.0,Y,7.0,Low,Low,Low,-
EMP6908,32.0,M,Legal,Legal Counsel,4.3,31983.66,64.0,5.0,N,4.3,6.0,2.0,9.0,4,4.0,26.0,6.0,5.0,Y,6.0,Medium,Moderate,Medium,02-18-2018
EMP6363,26.0,Female,It,Support Team Lead,0.7,27474.36,49.0,5.0,Yes,6.5,10.0,2.0,7.0,4,5.0,31.0,5.0,5.0,Yes,7.0,Low,Low,Low,08-Apr-2016
EMP1211,37.0,M,Sales,Business Development Executive,5.8,36556.45,35.0,8.0,No,5.9,8.0,3.0,8.0,7,7.0,5.0,3.0,5.0,Yes,7.0,Low,Low,Low,12-Jul-2023
EMP5752,25.0,Male,Hr,Support Team Lead,4.5,34088.26,45.0,6.0,No,7.3,9.0,1.0,9.0,5,7.0,22.0,1.0,5.0,No,6.0,Low,Low,Low,"February 09, 2019"
EMP1116,34.0,Female,Hr,Hr Generalist,2.3,26937.84,47.0,4.0,Yes,7.0,10.0,1.0,10.0,8,7.0,8.0,2.0,5.0,Y,8.0,Low,Low,Low,18-May-2021
EMP4180,33.0,Other,Marketing,Seo Specialist,2.6,28710.57,47.0,11.0,No,7.5,9.0,2.0,6.0,10,7.0,10.0,3.0,5.0,Yes,8.0,Low,Low,Low,-
EMP4539,20.0,Male,Hr,Hr Generalist,0.2,32425.18,44.0,0.0,,7.2,9.0,2.0,9.0,6,7.0,17.0,5.0,5.0,N,5.0,Low,Low,Low,09-Jul-2024
EMP2830,37.0,Male,Ops,Logistics Coordinator,3.5,27661.69,47.0,3.0,No,7.2,9.0,1.0,7.0,10,6.0,20.0,7.0,5.0,No,7.0,Low,Low,Low,2025/11/10
EMP3991,46.0,Male,Legal,Legal Counsel,0.3,22920.72,31.0,4.0,No,7.2,9.0,1.0,8.0,8,6.0,20.0,3.0,5.0,No,7.0,Low,Low,Low,12-Apr-2021
EMP1042,33.0,Male,I.T.,System Admin,0.1,32425.18,34.0,8.0,N,8.6,10.0,1.0,9.0,7,7.0,16.0,3.0,5.0,N,7.0,Low,Low,Low,2020-07-09
EMP2070,34.0,Male,Sales,Accuont Manager,1.7,32425.18,41.0,4.0,N,8.0,10.0,2.0,9.0,7,8.0,10.0,0.0,5.0,No,8.0,Low,Low,Low,26/12/2022
EMP4396,22.0,Female,Operations,Operations Executive,1.4,24193.58,63.0,23.0,No,5.8,5.0,2.0,9.0,4,6.0,17.0,3.0,5.0,N,7.0,Low,Low,Low,16-May-2022
EMP2606,51.0,Male,Hr,Support Executive,8.3,39171.52,54.0,15.0,Y,5.9,9.0,3.0,9.0,4,6.0,35.0,3.0,5.0,No,7.0,Low,Low,Low,06-Sep-2016
EMP4839,33.0,Female,Marketting,Marketing Executive,3.2,26272.93,42.0,3.0,Yes,7.8,8.0,1.0,8.0,4,4.0,3.0,4.0,5.0,N,6.0,Low,-,Low,06-01-2015
EMP1112,33.0,Male,Information Technology,System Admin,12.0,40589.12,36.0,0.0,Y,8.9,10.0,1.0,9.0,6,8.0,0.0,2.0,5.0,No,5.0,Low,Low,Low,2019-02-25
EMP1982,22.0,Male,Legal,Compliance Officer,2.5,24243.8,52.0,19.0,Yes,6.0,9.0,1.0,9.0,6,7.0,4.0,7.0,5.0,Yes,6.0,Low,Low,Low,03-28-2016
EMP2495,20.0,Male,Legal,Legal Counsel,2.0,25453.69,38.0,0.0,No,8.2,10.0,1.0,10.0,5,6.0,5.0,6.0,5.0,No,7.0,Low,Low,Low,2025/09/11
EMP6423,33.0,Male,Ops,Logistics Coordinator,2.2,27578.43,44.0,10.0,Y,7.1,9.0,1.0,7.0,6,7.0,9.0,3.0,5.0,No,7.0,Low,Low,Low,"July 14, 2024"
EMP2157,33.0,Male,Hr,-,2.0,36872.22,41.0,0.0,No,6.7,10.0,1.0,10.0,3,6.0,7.0,4.0,5.0,No,6.0,Low,Low,Low,13/06/2019
EMP5809,26.0,Male,Legal,Legal Counsel,0.7,24370.78,41.0,0.0,N,7.9,9.0,1.0,9.0,4,6.0,6.0,3.0,5.0,Yes,6.0,Low,Low,,07-22-2022
EMP5299,41.0,Female,Finance,Finance Manager,0.7,40884.99,45.0,0.0,N,7.1,10.0,1.0,9.0,6,5.0,10.0,3.0,5.0,N,7.0,Low,Low,Low,2026/01/30
EMP3842,29.0,Female,Operations,Operations Executive,2.8,29817.17,45.0,0.0,No,6.1,9.0,1.0,9.0,5,6.0,10.0,3.0,5.0,No,9.0,Low,Low,Low,2019-06-30
EMP2327,24.0,Male,Finance,Support Team Lead,0.7,26474.94,48.0,15.0,No,6.9,7.0,1.0,9.0,5,6.0,39.0,2.0,5.0,Yes,7.0,Low,Low,Low,2020-07-07
EMP5751,32.0,F,Finance,Accountant,12.5,47121.49,41.0,6.0,Yes,6.5,10.0,3.0,8.0,2,4.0,7.0,3.0,5.0,Yes,7.0,Low,Low,Medium,2023-12-23
EMP3244,25.0,Male,Legal,Legal Counsel,3.4,36857.97,45.0,4.0,No,8.3,10.0,1.0,6.0,6,7.0,16.0,4.0,5.0,No,7.0,Low,Low,Low,-
EMP1680,32.0,Male,Legal,Support Team Lead,11.8,38967.25,37.0,0.0,No,8.0,10.0,1.0,9.0,4,6.0,7.0,2.0,4.0,Yes,8.0,Low,Low,Low,01-Sep-2020
EMP4931,31.0,Male,Hr,Seo Specialist,4.4,36644.8,58.0,18.0,No,7.0,8.0,2.0,7.0,3,5.0,2.0,3.0,5.0,No,7.0,Low,Low,Medium,"November 27, 2020"
EMP2213,29.0,Male,Customer Support,Support Team Lead,1.2,29353.72,40.0,3.0,Y,7.4,10.0,2.0,8.0,5,4.0,10.0,5.0,5.0,N,7.0,,Low,Low,2022-10-11
EMP5588,27.0,Female,Operations,Operations Manager,0.1,41318.97,39.0,0.0,N,8.5,9.0,1.0,8.0,9,7.0,17.0,1.0,5.0,N,7.0,Low,Low,Low,2022-09-19
EMP4155,36.0,Male,Sale,Sales Manager,2.7,37923.15,49.0,12.0,Yes,8.2,9.0,1.0,9.0,5,5.0,10.0,2.0,5.0,Yes,8.0,Low,Low,Low,07-20-2018
EMP6785,26.0,Female,Administration,Admin Executive,8.0,37345.77,44.0,7.0,Yes,5.5,10.0,3.0,10.0,6,6.0,4.0,4.0,5.0,No,8.0,Low,Low,Low,2018-08-10
EMP2951,49.0,Male,Hr,Recruiter,1.0,28783.55,47.0,10.0,No,6.2,7.0,3.0,8.0,7,7.0,19.0,4.0,5.0,N,7.0,Low,Low,Low, 
EMP4279,26.0,Male,Marketing,Marketing Executive,6.1,32425.18,52.0,19.0,No,6.1,9.0,1.0,10.0,7,5.0,5.0,3.0,5.0,Yes,6.0,Low,Low,Low,2018-06-24
EMP1509,23.0,Male,It,System Admin,0.5,22539.14,45.0,0.0,Yes,8.1,10.0,1.0,10.0,5,4.0,36.0,2.0,5.0,Y,8.0,Low,Low,Low,-
EMP6661,33.0,Male,Information Technology,Software Engineer,4.2,29421.35,45.0,12.0,Yes,6.7,10.0,1.0,9.0,7,8.0,7.0,0.0,5.0,No,7.0,Low,Low,Low,18/08/2025
EMP6245,23.0,Male,Operations,Operations Manager,0.5,32425.18,41.0,0.0,Yes,7.2,9.0,1.0,9.0,8,6.0,8.0,4.0,5.0,Yes,5.0,Low,Low,Low,28-Sep-2015
EMP3956,30.0,Female,Legal,Legal Advisor,4.8,31043.15,53.0,18.0,Y,8.0,8.0,2.0,9.0,2,5.0,6.0,1.0,4.0,Yes,6.0,Low,Low,Medium,16-Aug-2017
EMP3661,31.0,Male,Finance,Accountant,6.0,37631.78,39.0,0.0,No,6.9,10.0,2.0,9.0,7,7.0,22.0,2.0,5.0,N,7.0,Low,Low,Low,13/10/2017
EMP4344,33.0,,Marketing,Marketing Manager,2.5,38572.27,49.0,5.0,Yes,6.6,9.0,1.0,7.0,6,6.0,12.0,2.0,5.0,No,9.0,Low,Low,Low,2022-05-06
EMP3884,28.0,Male,Legal,Compliance Officer,2.0,26268.73,33.0,3.0,N,7.9,9.0,1.0,10.0,4,6.0,5.0,1.0,5.0,Yes,6.0,Low,Low,Low,30-Jun-2015
EMP4037,45.0,Male,Customer Support,Customer Success Manager,0.4,32425.18,45.0,6.0,No,5.9,9.0,1.0,10.0,3,5.0,32.0,3.0,5.0,Y,7.0,Low,Low,Low,02-Jun-2020
EMP3022,20.0,Male,Finance,Financial Analyst,2.0,26227.58,43.0,12.0,N,6.5,10.0,3.0,8.0,6,5.0,13.0,2.0,5.0,No,6.0,Low,Low,Low,30-Apr-2018
EMP1568,31.0,Female,Legal,Legal Advisor,4.1,31720.13,53.0,17.0,Yes,6.4,8.0,3.0,8.0,7,5.0,36.0,3.0,5.0,No,6.0,Low,Low,Low,2024-01-18
EMP1973,35.0,Female,Operations,Operation Smanager,0.3,31083.61,45.0,0.0,Yes,7.1,9.0,1.0,9.0,3,6.0,11.0,5.0,5.0,Yes,9.0,Low,Low,Low,2016-05-26
EMP1160,40.0,Male,Hr,Logistics Coordinator,2.2,22898.31,42.0,0.0,Y,8.2,10.0,1.0,6.0,8,6.0,2.0,3.0,5.0,No,7.0,Low,Low,-,10/08/2020
EMP5945,39.0,Male,Legal,Compliance Officer,2.5,25566.74,49.0,11.0,Yes,7.2,10.0,2.0,7.0,6,5.0,7.0,2.0,5.0,No,7.0,Low,Low,Low,-
EMP5923,33.0,Male,Customer Support,Support Executive,3.0,31842.08,37.0,8.0,No,8.6,9.0,1.0,10.0,6,7.0,42.0,2.0,5.0,N,6.0,Low,Low,Low,2020-05-25
EMP5335,32.0,Female,R&D,Researcha Nalyst,0.2,19889.31,51.0,11.0,No,6.1,7.0,1.0,9.0,,9.0,9.0,3.0,5.0,No,7.0,Low,Low,Low,2021-01-12
EMP1810,39.0,Male,It,Software Engineer,1.4,28025.01,43.0,8.0,N,7.5,9.0,1.0,9.0,6,6.0,0.0,5.0,5.0,Yes,6.0,Low,Low,Low,2026/01/08
EMP4238,34.0,Female,Operations,Support Team Lead,3.0,32425.18,48.0,10.0,Y,7.8,10.0,1.0,9.0,6,8.0,10.0,3.0,5.0,N,6.0,Low,Low,Low,23-Sep-2018
EMP6597,22.0,Female,Customer Support,Support Team Lead,0.4,30367.41,41.0,3.0,No,7.2,9.0,1.0,10.0,8,7.0,1.0,5.0,5.0,N,6.0,Low,Low,Low,12-02-2024
EMP1323,49.0,F,Hr,Recruiter,2.0,27060.8,51.0,21.0,Yes,8.4,9.0,1.0,10.0,6,8.0,11.0,1.0,5.0,No,7.0,Low,Low,Low,10-09-2016
EMP4145,30.0,Male,-,Research Analyst,0.7,32425.18,44.0,0.0,Yes,7.2,10.0,2.0,9.0,10,8.0,0.0,4.0,3.0,N,6.0,Low,Low,Low,-
EMP6627,26.0,Male,R&D,R&D Engineer,1.2,24704.73,56.0,12.0,N,-12.4664667149958,8.0,1.0,9.0,5,5.0,7.0,1.0,5.0,Yes,4.0,Low,Low,Low,-
EMP2174,46.0,F,Research And Development,Research Analyst,0.4,26936.49,67.0,31.0,Yes,7.2,6.0,2.0,10.0,8,9.0,15.0,5.0,5.0,Y,9.0,Low,Low,Low, 
EMP1795,32.0,Female,Customer Support,Support Executive,0.2,23858.2,50.0,13.0,Yes,7.8,9.0,1.0,9.0,4,6.0,8.0,5.0,5.0,Yes,8.0,Low,Low,Low,"August 29, 2025"
EMP3245,33.0,Other,Hr,Hr Generalist,2.5,29067.57,37.0,6.0,Y,7.2,9.0,1.0,10.0,7,8.0,17.0,4.0,2.0,N,7.0,Low,Low,Low,2023/07/18
EMP2992,38.0,Female,-,Compliance Officer,0.5,23900.25,43.0,8.0,Yes,7.2,9.0,3.0,7.0,7,6.0,11.0,3.0,5.0,No,7.0,Low,Low,Low,"April 13, 2023"
EMP6908,32.0,Male,Legal,Legal Counsel,4.3,31983.66,64.0,31.0,N,4.3,9.0,2.0,9.0,4,4.0,26.0,6.0,5.0,Yes,6.0,Medium,Low,Medium,"February 18, 2018"
EMP5062,33.0,Male,Hr,Support Executive,1.4,35987.03,47.0,1.0,Yes,6.5,10.0,1.0,8.0,3,8.0,54.0,4.0,5.0,N,7.0,Low,Low,Low,25/06/2026
EMP3296,38.0,Male,R&D,Research Analyst,0.7,22015.37,49.0,9.0,Yes,7.3,8.0,2.0,7.0,6,8.0,5.0,4.0,5.0,No,7.0,Low,Low,Low,-
EMP1254,41.0,Female,Sales,Sales Manager,2.9,40853.09,38.0,0.0,N,6.9,10.0,1.0,10.0,6,6.0,67.0,1.0,5.0,Yes,7.0,Low,Low,Low,13-Jan-2015
EMP6240,22.0,Male,Operations,Logistics Coordinator,0.4,29542.12,60.0,24.0,Yes,6.5,9.0,4.0,6.0,1,2.0,42.0,2.0,5.0,No,7.0,Medium,Moderate,Medium,-
EMP1552,30.0,Other,Admin,Admin Executive,2.5,37816.15,36.0,0.0,No,6.9,9.0,2.0,8.0,6,8.0,30.0,4.0,5.0,No,5.0,Low,Low,Low,22/05/2024
EMP6397,34.0,Female,Customersupport,Support Team Lead,0.3,43211.2,47.0,0.0,Yes,7.1,10.0,1.0,10.0,4,7.0,58.0,6.0,5.0,No,7.0,Low,Low,Low,2026-05-12
EMP3417,30.0,Male,Admin,Office Manager,1.1,39628.16,44.0,6.0,No,6.6,9.0,1.0,10.0,3,6.0,10.0,1.0,5.0,Yes,9.0,Low,Low,Low,2020-07-09
EMP5366,34.0,Male,R&D,R&D Engineer,0.1,24530.47,45.0,1.0,No,6.6,10.0,1.0,8.0,7,8.0,10.0,3.0,5.0,-,8.0,Low,Low,Low,2018-12-29
EMP4407,37.0,Male,Hr,Hr Executive,1.5,29733.01,48.0,9.0,Yes,5.6,10.0,1.0,8.0,1,6.0,18.0,1.0,5.0,Yes,6.0,Low,Low,Low,2015/06/11
EMP6094,41.0,Female,R&D,Data Scientist,5.5,51712.27,38.0,0.0,N,6.3,9.0,1.0,8.0,7,6.0,10.0,5.0,5.0,No,8.0,Low,Low,Low,2022-07-31
EMP2099,49.0,Male,Customer Support,-,6.5,48760.02,45.0,31.0,No,7.8,5.0,3.0,8.0,4,7.0,77.0,5.0,4.0,No,6.0,Medium,Low,Low,14-Feb-2021
EMP5952,20.0,Female,Operations,Logistics Coordinator,2.0,31873.15,51.0,14.0,Yes,6.9,6.0,2.0,8.0,5,6.0,3.0,3.0,5.0,N,7.0,Low,Low,Low,2015-01-05
EMP2609,39.0,Female,Hr,Hr Executive,7.9,39179.86,59.0,24.0,Yes,5.5,6.0,2.0,9.0,8,8.0,1.0,4.0,5.0,Y,6.0,Low,Low,Low,31/12/2026
EMP3733,33.0,Female,Legal,Compliance Officer,0.5,25638.8,31.0,1.0,No,7.5,10.0,1.0,10.0,8,6.0,23.0,3.0,5.0,Yes,7.0,Low,Low,Low,06/03/2019
 emp6979 ,23.0,Female,Cust. Support,Support Team Lead,0.6,32776.32,61.0,27.0,No,7.7,8.0,2.0,9.0,2,4.0,5.0,1.0,5.0,Yes,7.0,Low,Low,Medium,2020-02-17
EMP3434,29.0,Male,Marketing,Support Team Lead,7.9,38036.25,53.0,17.0,No,7.2,7.0,1.0,5.0,7,7.0,0.0,3.0,5.0,Yes,8.0,Low,Low,Low,2017/01/25
EMP2533,24.0,Male,Hr,Marketing Manager,6.0,42615.93,45.0,6.0,No,7.1,9.0,1.0,10.0,7,6.0,6.0,3.0,5.0,Yes,7.0,Low,Low,Low,"March 04, 2017"
EMP1514,33.0,Male,Customersupport,Support Executive,5.3,32425.18,40.0,3.0,No,6.3,8.0,1.0,10.0,6,5.0,10.0,3.0,5.0,N,7.0,Low,Low,Low,03-02-2021
EMP6253,22.0,Male,Legal,Legal Advisor,2.5,23990.66,43.0,0.0,No,7.3,10.0,1.0,7.0,9,7.0,7.0,3.0,5.0,N,8.0,Low,Low,Low,-
EMP3820,33.0,Female,Legal,Compliance Officer,10.0,43583.4,31.0,0.0,No,7.5,10.0,1.0,9.0,7,6.0,31.0,3.0,5.0,N,7.0,Low,Low,Low,-
EMP4345,41.0,Female,Research And Development,Data Scientist,5.3,50803.47,59.0,31.0,Yes,7.2,7.0,4.0,6.0,7,7.0,10.0,5.0,4.0,N,7.0,Medium,Low,Low,-
EMP5415,40.0,Female,Operations,Operations Executive,0.3,24843.11,45.0,6.0,No,7.3,9.0,1.0,9.0,8,7.0,3.0,4.0,4.0,Yes,9.0,Low,Low,Low,27-Jun-2015
EMP5097,36.0,Male,Operations,Operations Manager,4.1,41989.37,63.0,19.0,No,7.2,9.0,2.0,8.0,5,5.0,32.0,5.0,5.0,No,7.0,Low,Low,Low,2015-08-24
EMP2617,37.0,Male,R&D,Data Scientist,6.8,45399.09,48.0,14.0,No,5.8,9.0,3.0,9.0,7,6.0,0.0,3.0,5.0,No,8.0,Low,Low,Low,12-Jun-2017
EMP5588,26.0,Female,Hr,,2.5,41318.97,39.0,5.0,No,8.5,9.0,1.0,9.0,9,7.0,17.0,1.0,5.0,No,7.0,Low,Low,Low,2022-09-19
EMP4501,36.0,Male,Legal,Legal Advisor,5.5,31206.43,41.0,8.0,No,7.0,10.0,1.0,9.0,3,4.0,15.0,3.0,5.0,N,5.0,Low,Low,Medium,21/03/2021
EMP3038,40.0,Female,I.T.,It Support,0.3,24882.87,38.0,5.0,No,7.8,9.0,1.0,10.0,4,6.0,21.0,4.0,5.0,Y,8.0,Low,Low,Low,03-26-2025
EMP3138,33.0,Male,It,Devops Engineer,10.4,42150.81,46.0,8.0,N,6.1,9.0,2.0,8.0,4,6.0,19.0,7.0,5.0,N,8.0,Low,Low,Low,03-18-2017
EMP6647,29.0,Female,Admin,Support Team Lead,1.8,22478.0,33.0,0.0,Yes,-8.55036449217237,9.0,1.0,10.0,7,6.0,0.0,5.0,4.0,Y,7.0,Low,Low,Low,02-20-2025
EMP3516,25.0,M,Cust. Support,Support Executive,0.5,22453.83,49.0,5.0,No,6.7,9.0,1.0,9.0,10,6.0,4.0,3.0,5.0,Yes,7.0,Low,Low,Low,06-23-2021
EMP2925,35.0,Male,It,Software Engiener,3.0,27403.03,38.0,5.0,No,7.5,10.0,2.0,9.0,7,7.0,11.0,1.0,5.0,N,8.0,Low,Low,Low,-
EMP4495,24.0,F,Customer Support,Customer Success Manager,3.2,43202.26,39.0,0.0,Yes,7.2,10.0,1.0,10.0,7,6.0,12.0,4.0,5.0,Yes,7.0,Low,Low,Low,"December 12, 2016"
EMP1392,46.0,Female,Marketting,Content Strategist,2.4,32491.96,48.0,5.0,N,7.7,10.0,3.0,9.0,6,6.0,14.0,2.0,5.0,No,6.0,Low,Low,Low,09-23-2023
EMP3650,36.0,Female,Marketing,Content Strategist,3.4,22914.82,40.0,0.0,No,6.5,10.0,2.0,9.0,5,4.0,51.0,3.0,5.0,No,8.0,Low,Low,Low,2015-12-18
EMP4304,37.0,Male,Legal,Legal Advisor,2.0,25924.02,35.0,7.0,Y,6.7,10.0,1.0,9.0,3,4.0,1.0,1.0,5.0,No,5.0,Low,Low,Low,16/01/2023
EMP2979,41.0,F,Finance,Auditor,2.5,24228.16,45.0,14.0,Yes,6.9,7.0,1.0,9.0,5,8.0,2.0,2.0,5.0,Y,7.0,Low,Low,Low,2015/11/10
EMP3574,27.0,Male,Hr,,8.5,46222.11,52.0,9.0,N,5.8,9.0,2.0,7.0,8,8.0,16.0,2.0,4.0,Y,6.0,,Low,Low,23/11/2024
EMP2977,33.0,Female,Customer Support,Support Executive,10.1,37480.0,40.0,0.0,No,6.8,10.0,1.0,10.0,4,8.0,38.0,8.0,5.0,N,7.0,Low,Low,Low,29/10/2017
EMP5761,22.0,Male,It,Qa Engineer,0.2,26359.9,39.0,0.0,No,8.4,10.0,1.0,9.0,6,6.0,10.0,2.0,5.0,Yes,7.0,Low,Low,Low,2026/03/08
EMP6750,20.0,Male,R&D,Data Scientist,2.0,41993.11,43.0,0.0,Yes,7.2,9.0,1.0,9.0,5,6.0,7.0,3.0,5.0,Yes,7.0,Low,Low,Low,05/08/2025
EMP6899,40.0,Male,Admin,Admin Executive,0.1,31470.92,53.0,21.0,Yes,6.7,6.0,1.0,10.0,9,6.0,19.0,5.0,5.0,No,6.0,Low,Low,,03-Oct-2017
EMP3485,33.0,Female,Customer Support,Support Team Lead,2.5,48311.95,53.0,11.0,No,6.1,8.0,1.0,10.0,6,6.0,14.0,3.0,5.0,N,6.0,Low,Low,Low,10-Aug-2016
EMP2854,39.0,Female,Marketing,Marketing Executive,2.5,31855.31,30.0,0.0,No,7.0,10.0,1.0,9.0,5,5.0,10.0,8.0,5.0,N,7.0,Low,Low,Low,12-28-2019
EMP1495,40.0,Female,R&D,Research Analyst,3.7,32227.28,39.0,0.0,No,7.2,9.0,1.0,9.0,7,9.0,10.0,4.0,5.0,No,7.0,Low,Low,Low,2020-07-01
EMP6895,36.0,Female,R&D,R&D Engineer,0.7,20266.68,42.0,7.0,No,7.0,10.0,2.0,9.0,2,4.0,48.0,7.0,4.0,Yes,7.0,Low,Low,Medium,"May 07, 2026"
EMP3934,27.0,Female,Admin,Front Desk Executive,2.7,34161.56,48.0,10.0,No,7.2,8.0,1.0,10.0,5,6.0,0.0,2.0,5.0,Yes,8.0,Low,Low,Low,"October 31, 2024"
EMP2194,32.0,Female,Legal,Compliance Officer,3.5,31156.78,41.0,1.0,Yes,7.2,10.0,1.0,9.0,6,5.0,1.0,6.0,5.0,N,8.0,Low,Low,Low,2028-01-01
EMP3657,36.0,Male,Hr,Hr Generalist,6.1,37757.81,46.0,4.0,No,7.8,10.0,2.0,6.0,4,7.0,10.0,3.0,5.0,N,6.0,Low,Low,Low,2025-11-19
EMP5487,38.0,Female,Legal,Legal Counsel,17.5,53854.39,51.0,15.0,No,6.7,10.0,1.0,10.0,6,7.0,2.0,3.0,5.0,Yes,5.0,Low,Low,Low,01-Sep-2017
EMP1318,33.0,Female,Ops,Operations Executive,0.6,32425.18,54.0,16.0,No,6.5,9.0,2.0,10.0,4,6.0,7.0,5.0,5.0,No,6.0,Low,Low,Low,2022/12/12
EMP2793,31.0,Male,Legal,Legal Advisor,12.1,49399.49,52.0,5.0,No,6.4,9.0,1.0,9.0,5,4.0,0.0,1.0,5.0,No,9.0,Low,Low,Low,2023/01/03
EMP6227,37.0,Male,,Recruiter,0.0,23936.02,57.0,24.0,-,5.2,7.0,1.0,8.0,8,8.0,4.0,1.0,5.0,Yes,6.0,Low,Low,Low,2015/09/10
EMP6032,41.0,Male,Marketting,Marketing Executive,2.0,26322.94,45.0,4.0,Yes,8.6,10.0,1.0,10.0,10,8.0,1.0,4.0,5.0,Y,6.0,Low,Low,Low,2023-05-14
EMP3326,33.0,Male,Admin,Front Desk Executive,2.0,32425.18,49.0,0.0,No,8.6,10.0,1.0,10.0,3,4.0,15.0,4.0,5.0,No,7.0,Low,Low,Low,2019/10/22
EMP6236,32.0,Female,Legal,Legal Advisor,2.5,32987.7,60.0,23.0,Y,6.5,7.0,2.0,9.0,10,8.0,28.0,5.0,5.0,Yes,5.0,Low,Low,Low,2018/06/20
EMP1071,36.0,Male,Admin,Front Desk Executive,6.9,29047.52,39.0,0.0,No,6.7,10.0,2.0,10.0,6,5.0,8.0,2.0,5.0,No,6.0,Low,Low,Low,12-01-2024
EMP5836,30.0,Male,Customer Support,Support Team Lead,0.2,36720.53,53.0,25.0,Yes,7.4,8.0,2.0,8.0,6,7.0,10.0,3.0,5.0,Yes,6.0,Low,Low,Low,03-Jun-2018
EMP1637,33.0,F,Customer Support,Support Team Lead,1.5,31545.88,42.0,1.0,No,8.1,10.0,1.0,9.0,6,7.0,20.0,2.0,5.0,N,6.0,Low,Low,Low,"July 31, 2022"
EMP5693,35.0,-,Hr,Admin Executive,6.1,31627.9,41.0,1.0,Yes,7.0,9.0,1.0,9.0,7,7.0,11.0,2.0,5.0,Y,7.0,Low,Low,Low,2016/09/07
EMP3644,34.0,Female,Finance,Auditor,5.8,31087.59,45.0,1.0,N,6.5,10.0,1.0,9.0,6,5.0,4.0,5.0,5.0,No,7.0,Low,Low,Low,01-02-2018
EMP3639,42.0,Male,Hr,Compliance Officer,3.5,27649.28,36.0,2.0,No,7.3,9.0,2.0,10.0,6,7.0,0.0,2.0,5.0,No,5.0,Low,Low,Low,"March 10, 2015"
EMP1801,33.0,Female,Research And Development,Research Aanlyst,1.7,27784.55,53.0,19.0,N,5.8,8.0,2.0,8.0,8,5.0,22.0,0.0,4.0,N,6.0,Low,Low,Low,2022/04/05
EMP2679,49.0,Male,Sales,Business Development Executive,3.2,25736.24,34.0,0.0,No,7.8,9.0,1.0,8.0,5,5.0,5.0,3.0,5.0,No,8.0,Low,Low,Low,2024/06/12
EMP2234,29.0,Male,Operations,Operations Manager,1.4,32425.18,49.0,11.0,No,6.4,9.0,1.0,9.0,3,7.0,6.0,5.0,5.0,N,8.0,Low,Low,Low,2016-05-18
EMP6210,36.0,Male,Administration,Office Manager,0.3,42877.56,41.0,5.0,N,6.8,9.0,1.0,10.0,6,9.0,2.0,6.0,5.0,Yes,9.0,Low,Low,Low,02-01-2024
EMP4319,37.0,Female,Hr,Hr Exeuctive,2.7,30112.2,44.0,5.0,Yes,7.7,10.0,1.0,10.0,6,7.0,24.0,1.0,5.0,N,7.0,Low, ,Low,10-13-2024
EMP3188,33.0,Female,Sales,,0.0,35600.37,30.0,3.0,Yes,8.1,10.0,2.0,9.0,,5.0,39.0,3.0,5.0,No,8.0,Low,Low,Low,10-Oct-2025
EMP1565,48.0,F,It,System Admin,4.6,28733.17,30.0,0.0,Yes,7.1,9.0,1.0,9.0,6,6.0,3.0,5.0,5.0,No,7.0,Low,Low,Low,"December 08, 2024"
EMP6075,22.0,Male,Operations,Operations Manager,0.4,32357.39,35.0,0.0,Y,8.1,10.0,2.0,8.0,7,6.0,3.0,5.0,5.0,No,6.0,Low,Low,Low,"January 29, 2023"
EMP5372,44.0,Male,Finance,Accountant,0.5,31885.72,45.0,22.0,N,6.9,8.0,1.0,10.0,5,7.0,5.0,1.0,5.0,Yes,8.0,Low,Low,Low,06-06-2020
EMP3345,23.0,Female,Hr,Support Team Lead,0.4,23962.19,55.0,14.0,No,8.0,9.0,3.0,9.0,5,6.0,4.0,2.0,5.0,No,7.0,Low,Low,Low,08-Apr-2018
EMP3620,33.0,Male,Finance,Accountant,0.4,25214.79,37.0,0.0,No,8.4,10.0,1.0,8.0,6,6.0,5.0,7.0,5.0,Yes,8.0,Low,Low,Low,2023-12-22
EMP2259,45.0,Male,Admin,Admin Executive,3.6,32425.18,40.0,0.0,No,7.2,10.0,1.0,10.0,6,7.0,53.0,3.0,5.0,,8.0,Low,Low,Low,05-03-2025
EMP1409,33.0,Female,Finance,Auditor,2.4,30003.65,43.0,8.0,Y,6.6,9.0,1.0,10.0,-,7.0,40.0,3.0,5.0,No,8.0,Low,Low,Low,27/02/2022
EMP5921,43.0,Male,It,Devops Engineer,0.7,24181.71,43.0,1.0,Y,7.7,8.0,1.0,10.0,6,5.0,13.0,0.0,5.0,No,7.0,Low,Low,Low,09-27-2020
EMP1239,41.0,Female,Admin,Admin Executive,7.1,34933.34,43.0,7.0,No,6.0,9.0,3.0,9.0,6,3.0,17.0,4.0,5.0,Yes,7.0,Low,Low,Medium,2023-03-04
EMP4773,34.0,Male,Sales,Sales Executive,2.7,27894.72,34.0,5.0,No,8.1,8.0,1.0,10.0,6,6.0,24.0,3.0,5.0,-,7.0,Low,Low,Low,06/12/2025
EMP5361,37.0,Female,R&D,R&D Engineer,0.4,18487.67,55.0,22.0,No,6.2,9.0,1.0,8.0,5,6.0,10.0,2.0,5.0,N,9.0,Low,Low,Low,2016-04-10
EMP6871,23.0,Female,Admin,Office Manager,5.0,53156.57,38.0,0.0,No,6.8,8.0,1.0,9.0,6,7.0,54.0,1.0,5.0,No,8.0,Low,Low,Low,2019-11-10
EMP5957,30.0,Male,Legal,Legal Counsel,2.5,31376.49,59.0,26.0,No,7.1,7.0,4.0,7.0,5,5.0,8.0,5.0,5.0,No,7.0,Medium,Low,Medium,02-05-2020
EMP2374,28.0,Male,Marketing,Content Stratgeist,8.2,33242.24,45.0,5.0,No,-11.40403297842995,9.0,1.0,9.0,6,6.0,6.0,4.0,5.0,No,6.0,Low,Low,Low,-
EMP6116,36.0,Female,Sales,Sales Executive,14.5,47023.1,43.0,11.0,Yes,9.0,9.0,3.0,8.0,7,5.0,6.0,2.0,5.0,No,5.0,Low,Low,Low,03-10-2026
EMP4047,39.0,Male,Finance,Financial Analyst,1.1,27721.09,34.0,0.0,Y,8.0,9.0,1.0,8.0,4,6.0,7.0,5.0,5.0,No,7.0,Low,Low,Low,-
EMP6866,33.0,Female,Hr,,10.1,47380.33,43.0,0.0,No,8.2,9.0,1.0,9.0,3,5.0,0.0,0.0,5.0,No,9.0,Low,Low,Low,2017-05-23
EMP2332,32.0,Female,Hr,Hr Manager,0.8,41108.56,52.0,16.0,Y,7.8,9.0,1.0,9.0,3,6.0,11.0,3.0,5.0,Yes,7.0,Low,Low,Low,05-24-2023
EMP1477,33.0,Male,Legal,Compliance Officer,2.2,26013.12,54.0,5.0,No,6.3,9.0,3.0,10.0,5,6.0,12.0,2.0,5.0,No,7.0,Low,Low,Low,"June 04, 2018"
EMP4761,45.0,Male,Hr,Legal Counsel,1.0,27237.06,53.0,18.0,Y,6.8,6.0,2.0,8.0,6,6.0,2.0,6.0,4.0,No,6.0,Low,Low,Low,20/02/2017
EMP5854,27.0,M,Sales,Sales Amnager,8.6,51637.62,51.0,5.0,No,6.2,8.0,1.0,9.0,7,8.0,1.0,4.0,5.0,Yes,7.0,Low,Low,-,2021/08/03
EMP3251,37.0,Male,R&D,Research Analyst,1.4,23498.53,54.0,18.0,No,6.1,9.0,1.0,9.0,5,6.0,5.0,3.0,5.0,No,9.0,Low,Low,Low,"October 16, 2018"
EMP1835,37.0,Male,Finance,Auditor,17.6,46715.29,44.0,1.0,No,8.6,10.0,1.0,9.0,5,6.0,100.0,4.0,5.0,No,7.0,Low,Low,Low,07-10-2020
EMP3261,20.0,Female,It,System Admin,2.5,22693.55,41.0,5.0,Yes,7.8,9.0,2.0,9.0,5,6.0,36.0,3.0,4.0,Yes,6.0,Low,Low,Low,15/06/2018
EMP2417,40.0,Male,R&D,Data Scientist,1.3,38156.19,44.0,3.0,Y,7.1,9.0,1.0,10.0,5,7.0,2.0,5.0,5.0,Yes,7.0,Low,Low,Low,15-Aug-2018
EMP2850,24.0,Female,Sale,Sales Executive,0.5,27944.48,56.0,12.0,No,6.9,8.0,1.0,8.0,5,6.0,10.0,5.0,4.0,No,7.0,Low,Low,Low,05-18-2019
EMP6099,25.0,Male,Operations,Operations Manager,2.7,34374.0,39.0,4.0,Yes,6.1,9.0,1.0,8.0,4,4.0,8.0,2.0,5.0,No,8.0,Low,Low,Low,23-Nov-2017
EMP6884,26.0,Female,Legal,Legal Advisor,0.3,26528.1,30.0,4.0,No,15.0,9.0,2.0,8.0,6,6.0,5.0,1.0,5.0,No,7.0,Low,Low,Low,"August 11, 2019"
EMP6551,45.0,Male,Marketting,Marketing Manager,10.0,52348.26,39.0,0.0,N,6.0,10.0,1.0,8.0,5,5.0,10.0,3.0,5.0,Y,6.0,Low,Low,Low,2022/07/06
EMP6027,39.0,Male,Operations,Operations Executive,0.7,18688.45,53.0,18.0,No,7.1,8.0,2.0,9.0,6,9.0,10.0,2.0,5.0,No,7.0,Low,Low,Low,01-21-2021
EMP3376,35.0,Male,,Data Scientist,2.5,53515.3,53.0,19.0,No,8.6,6.0,1.0,10.0,6,6.0,23.0,1.0,5.0,Yes,8.0,Low,Low,,2018/09/09
EMP5216,31.0,Female,Finance,Accountant,0.6,31335.15,41.0,8.0,No,6.0,8.0,2.0,9.0,4,4.0,18.0,4.0,5.0,N,8.0,Low, ,Low,"February 05, 2026"
EMP1881,43.0,Male,Sales,Business Development Executive,1.8,21343.96,45.0,0.0,Yes,8.5,10.0,1.0,9.0,6,5.0,2.0,4.0,5.0,,8.0,Low,Low,Low,02-Sep-2025
EMP5489,42.0,Female,Legal,Compliance Officer,4.0,34045.88,47.0,7.0,N,7.2,9.0,2.0,9.0,6,6.0,7.0,2.0,5.0,No,8.0,Low,Low,Low,"September 14, 2016"
EMP2455,29.0,Male,Sales,Support Team Lead,5.5,52558.35,51.0,12.0,Yes,7.3,8.0,2.0,9.0,8,7.0,8.0,6.0,5.0,No,5.0,Low,Low,Low,08-Oct-2017
EMP3332,39.0,Female,Admin,Admin Executive,0.3,20324.6,41.0,0.0,No,7.3,9.0,1.0,7.0,9,7.0,8.0,4.0,5.0,No,7.0,Low,Low,Low,2015/01/01
EMP5099,25.0,Male,R&D,Research Analyst,2.1,27674.56,51.0,11.0,,7.8,8.0,1.0,10.0,10,8.0,0.0,-5.0,5.0,N,8.0,Low,Low,Low,12-21-2019
EMP6023,33.0,Male,Legal,Compliance Officer,2.1,32538.78,32.0,3.0,Y,6.8,9.0,1.0,10.0,6,5.0,14.0,4.0,5.0,Yes,7.0,Low,Low,Low,15/03/2027
EMP1264,28.0,Male,Operations,Operations Manager,10.0,52719.44,51.0,9.0,No,6.8,8.0,1.0,9.0,9,5.0,60.0,2.0,4.0,No,6.0,Low,Low,Low,2023-09-03
EMP4502,20.0,Female,Customer Support,Support Team Lead,2.5,45006.3,30.0,6.0,Yes,8.1,10.0,2.0,7.0,7,8.0,4.0,3.0,5.0,No,5.0,Low,Low,Low,28/10/2020
EMP6417,22.0,Male,Sales,Account Manager,4.0,39755.06,47.0,8.0,No,-9.941424081986831,10.0,3.0,9.0,5,5.0,15.0,1.0,3.0,No,5.0,Low,Low,Low,22-Jan-2020
EMP4987,34.0,Male,-,Recruiter,1.8,30722.2,41.0,3.0,Y,5.5,9.0,2.0,8.0,6,6.0,6.0,3.0,5.0,N,6.0,Low,Low,Low,"March 16, 2020"
EMP5135,36.0,Male,Legal,Legal Advisor,1.5,27148.65,43.0,0.0,No,8.0,10.0,1.0,9.0,6,6.0,3.0,3.0,5.0,No,9.0,Low,Low,Low,"September 06, 2022"
EMP4028,26.0,Male,Admin,Front Desk Executvie,0.5,23871.72,49.0,14.0,No,7.2,9.0,1.0,9.0,5,6.0,36.0,5.0,5.0,Yes,8.0,Low,Low,Low,2020-03-04
EMP6744,41.0,Male,Legal,Compliance Officer,3.4,27187.04,52.0,13.0,No,6.3,8.0,1.0,10.0,7,8.0,16.0,3.0,5.0,N,7.0,Low,Low,Low,2019-04-19
EMP1870,20.0,Male,R&D,R&D Engineer,2.0,32365.02,45.0,13.0,No,8.3,9.0,1.0,8.0,5,7.0,0.0,4.0,5.0,No,6.0,Low,Low,Low,31-May-2021
EMP6704,38.0,Female,R&D,R&D Engineer,13.9,42157.59,42.0,0.0,Yes,7.8,9.0,2.0,8.0,4,6.0,10.0,5.0,3.0,N,8.0,Low,Low,Low,2026/03/13
EMP2661,27.0,Female,Admin,Admin Xeecutive,1.9,22099.83,42.0,4.0,Yes,7.2,8.0,1.0,10.0,6,7.0,7.0,4.0,5.0,Yes,8.0,Low,Low,Low,10-11-2022
EMP1716,33.0,Female,Hr,Customer Success Manager,6.9,52421.45,48.0,0.0,No,7.2,10.0,1.0,9.0,,5.0,4.0,2.0,5.0,No,8.0,Low,Low,Low,08-15-2024
EMP1724,35.0,Female,R&D,R&D Engineer,8.3,32868.04,33.0,2.0,No,7.7,10.0,1.0,10.0,7,9.0,10.0,4.0,5.0,N,6.0,Low,Low,Low,06-Dec-2023
EMP5925,37.0,Female,Marketing,Content Strategist,1.1,24470.25,38.0,0.0,No,7.4,9.0,1.0,10.0,5,6.0,65.0,1.0,5.0,Yes,8.0,-,Low,Low,-
EMP5117,33.0,Female,Finance,Accountant,2.1,27488.89,50.0,11.0,N,5.0,10.0,1.0,10.0,7,6.0,3.0,3.0,4.0,Y,7.0,Low,Low,Low,2023/08/21
EMP2469,28.0,Male,Customersupport,Support Team Lead,2.5,37519.96,30.0,0.0,No,8.6,9.0,1.0,8.0,8,7.0,8.0,3.0,5.0,No,10.0,Low,Low,Low,"April 06, 2015"
EMP6943,30.0,Male,Operations,Operations Executive,4.5,27625.22,45.0,4.0,No,7.3,9.0,1.0,8.0,8,8.0,10.0,4.0,5.0,Yes,8.0,-,Low,Low,10-06-2019
EMP5886,29.0,Female,Hr,It Support,2.8,29838.23,45.0,12.0,No,6.6,8.0,1.0,10.0,7,7.0,24.0,4.0,5.0,N,7.0,Low,Low,Low,2020-01-04
EMP4210,20.0,Male,It,It Support,0.5,22605.18,38.0,1.0,N,8.8,9.0,1.0,8.0,6,5.0,10.0,1.0,5.0,Yes,7.0,Low,Low,Low,29/03/2015
EMP3912,29.0,-,Marketing,Support Team Lead,2.4,25235.67,45.0,0.0,No,7.5,10.0,1.0,10.0,3,5.0,-23.0,2.0,5.0,Yes,7.0,Low,Low,Low,2026-05-11
EMP4560,34.0,Female,Marketing,Marketing Executive,3.0,29214.24,49.0,7.0,,7.4,8.0,1.0,10.0,7,8.0,16.0,3.0,5.0,Y,6.0,Low,Low,Low,-
EMP1154,33.0,Male,It,It Support,4.4,25437.06,47.0,11.0,No,6.3,9.0,3.0,9.0,6,4.0,30.0,2.0,4.0,No,7.0,Low,Low,Low,04-03-2017
EMP5584,22.0,Female,R&D,Research Analyst,2.4,26618.28,52.0,5.0,Yes,5.9,9.0,1.0,10.0,4,5.0,8.0,0.0,5.0,N,9.0,Low,Low,Low,2025-07-03
EMP2946,25.0,Male,Operations,Operations Manager,7.0,53959.9,42.0,0.0,Yes,7.8,10.0,1.0,10.0,5,6.0,0.0,3.0,5.0,No,6.0,Low,-,Low,06-28-2015
EMP4637,41.0,Female,It,Devops Engineer,2.6,30346.16,49.0,19.0,No,6.7,8.0,2.0,8.0,7,6.0,19.0,1.0,5.0,Yes,6.0,Low,Low,Low,"July 03, 2019"
EMP2416,25.0,Female,Operations,Logistics Coordinator,1.9,32487.89,32.0,2.0,No,7.8,10.0,1.0,10.0,9,6.0,26.0,3.0,5.0,Yes,8.0,Low,Low,Low,26/04/2018
EMP1908,33.0,Male,It,Devops Engineer,4.5,33120.28,57.0,21.0,No,5.9,6.0,1.0,9.0,9,6.0,7.0,2.0,5.0,N,4.0,Low,Low,Low,10-27-2015
EMP5593,33.0,Female,Hr,Qa Engineer,4.8,36864.62,43.0,0.0,-,7.9,10.0,1.0,10.0,7,7.0,10.0,5.0,5.0,-,7.0,Low,Low,Low,12-21-2025
EMP3316,34.0,Male,Finance,Auditor,4.4,36381.34,39.0,0.0,Y,8.2,9.0,1.0,9.0,6,7.0,29.0,4.0,4.0,Yes,7.0,Low,Low,Low,2020/03/20
EMP2872,37.0,Female,Hr,Devops Engineer,4.7,35723.23,50.0,12.0,No,7.1,9.0,1.0,9.0,6,7.0,29.0,1.0,4.0,Yes,9.0,High!,Low,Low, 
EMP1019,40.0,Female,Operations,Operationse Xecutive,5.1,35905.05,53.0,16.0,Y,7.1,8.0,1.0,8.0,4,6.0,46.0,5.0,5.0,Yes,7.0,Low,Low,Low,-
EMP6512,30.0,Male,Operations,Logistics Coordinator,2.5,32667.53,38.0,0.0,No,5.8,10.0,1.0,9.0,9,7.0,8.0,5.0,5.0,No,6.0,Low,Low,Low,20-Sep-2019
EMP1314,54.0,Male,Finance,Financial Analyst,8.3,36484.52,44.0,2.0,No,8.2,10.0,1.0,9.0,6,10.0,0.0,6.0,5.0,No,7.0,Low,Low,Low,"April 12, 2019"
EMP1625,20.0,M,Legal,Legal Counsel,2.5,30836.42,34.0,4.0,Yes,7.2,9.0,1.0,10.0,2,4.0,43.0,2.0,5.0,No,9.0,Low,Low,Low,09/07/2018
EMP5338,27.0,Female,Marketing,Seo Specialist,0.5,23732.48,36.0,0.0,Yes,7.2,9.0,2.0,9.0,4,6.0,19.0,1.0,5.0,Yes,6.0,Low,Low,Low,08-07-2025
EMP4567,33.0,Male,Finance,Accountant,8.0,37796.35,30.0,0.0,Yes,8.1,9.0,1.0,9.0,10,9.0,10.0,5.0,5.0,Yes,9.0,Low,Low,Low,04-21-2018
EMP1118,43.0,Male,It,It Support,1.0,19663.1,39.0,0.0,No,6.8,9.0,1.0,10.0,5,6.0,18.0,3.0,5.0,No,9.0,Low, ,Low,2016-03-15
EMP5294,27.0,Male,Finance,Accountant,1.7,31983.55,36.0,1.0,N,7.0,10.0,1.0,9.0,5,8.0,38.0,2.0,5.0,Yes,6.0,Low,Low,Low,24/02/2018
EMP4966,30.0,Male,Hr,Recruiter,4.2,26144.52,46.0,0.0,Yes,6.5,10.0,1.0,9.0,6,6.0,7.0,7.0,5.0,No,5.0,Low,Low,Low,2019/09/03
EMP5733,33.0,Male,R&D,R&D Engineer,12.4,47899.94,49.0,9.0,,6.8,9.0,1.0,7.0,6,5.0,36.0,1.0,5.0,No,6.0,Low,Low,Low,04/02/2024
EMP3031,33.0,Other,Sales,Business Development Executive,12.0,48336.89,45.0,2.0,No,6.9,8.0,2.0,9.0,,8.0,14.0,2.0,5.0,Y,7.0,, ,Low,2020-09-28
EMP6486,49.0,Other,Sales,Account Manager,7.5,47121.86,35.0,5.0,No,7.4,10.0,1.0,9.0,5,6.0,3.0,1.0,5.0,N,7.0,Low,Low,Low,07-16-2015
EMP2861,38.0,Male,R&D,Data Scientist,0.1,27298.33,49.0,17.0,No,6.8,8.0,1.0,7.0,3,6.0,10.0,4.0,5.0,No,5.0,Low,Low,Low,2015/11/14
EMP1243,40.0,Male,Customer Support,,1.5,23400.11,47.0,0.0,No,7.4,9.0,1.0,10.0,6,7.0,10.0,4.0,5.0,N,10.0,Low,Low,Low,07-Feb-2018
EMP4370,37.0,Male,Customer Support,Support Executive,14.7,51407.38,32.0,0.0,No,8.3,10.0,1.0,10.0,3,7.0,10.0,1.0,5.0,Y,8.0,Low,Low,Low,2020-05-29
EMP3586,30.0,Male,Finance,Finance Manager,2.5,39697.61,48.0,10.0,No,7.7,10.0,1.0,10.0,10,8.0,5.0,1.0,5.0,No,6.0,Low,Low,Low,20-Sep-2021
EMP1004,35.0,Female,Operations,Operations Manager,5.3,44397.66,48.0,6.0,Yes,6.9,9.0,2.0,8.0,4,6.0,2.0,3.0,5.0,No,5.0,Low,Low,Low,20-Jul-2022
EMP2971,46.0,Male,Hr,Hr Generalist,3.6,24956.23,30.0,0.0,No,6.9,10.0,1.0,9.0,5,5.0,5.0,4.0,5.0,Yes,7.0,Low,Low,Low,"October 17, 2016"
EMP4498,40.0,Female,Information Technology,Software Engineer,3.5,21247.29,37.0,0.0,Yes,6.0,10.0,2.0,9.0,7,6.0,5.0,3.0,5.0,No,6.0,Low,Low,Low,2026-01-22
EMP4526,42.0,Female,Marketing,Marketing Manager,1.6,35317.05,40.0,5.0,No,5.0,9.0,1.0,9.0,7,7.0,14.0,3.0,5.0,N,5.0,Low,Low,Low,"December 03, 2024"
EMP5708,33.0,Male,Operations,Operations Manager,4.8,41941.6,45.0,8.0,No,7.2,9.0,1.0,9.0,6,6.0,10.0,2.0,5.0,No,7.0,Low,Low,Low,2019/03/26
EMP4200,33.0,Male,It,Software Engineer,6.4,32425.18,45.0,0.0,Yes,8.4,10.0,1.0,10.0,6,6.0,1.0,4.0,5.0,No,7.0,Low,Low,Low,04-28-2024
EMP4633,32.0,Female,Customer Support,Support Team Lead,3.0,44220.63,44.0,5.0,Yes,7.2,10.0,2.0,8.0,7,6.0,0.0,3.0,5.0,No,8.0,Low,Low,Low,22/11/2015
 emp4392 ,27.0,Female,-,Seo Specialist,1.4,24263.54,45.0,1.0,N,7.3,10.0,1.0,10.0,6,7.0,1.0,3.0,5.0,No,7.0,Low,Low,Low,-
EMP6056,32.0,Female,Hr,Hr Executive,2.0,22647.8,44.0,0.0,No,7.5,9.0,2.0,8.0,9,6.0,9.0,2.0,5.0,No,5.0,Low,Low,Low,2024/03/29
EMP5070,41.0,Male,Legal,Compliance Officer,0.2,32425.18,44.0,5.0,No,6.0,10.0,1.0,7.0,6,9.0,16.0,1.0,5.0,N,8.0,Low,Low,Low,13/02/2020
EMP1407,35.0,Male,Customer Support,Support Team Lead,2.3,42588.51,42.0,1.0,No,8.3,9.0,2.0,10.0,6,6.0,65.0,3.0,5.0,N,6.0,Low,Low,Low,"May 23, 2022"
EMP2913,20.0,F,Finance,Auditor,2.0,28540.88,38.0,1.0,N,6.5,10.0,1.0,9.0,5,6.0,15.0,4.0,4.0,Yes,6.0,Low,Low,Low,08-22-2025
EMP1215,42.0,M,Admin,Office Manager,8.4,53808.44,54.0,19.0,N,6.8,9.0,1.0,8.0,6,7.0,24.0,4.0,5.0,No,7.0,Low,Low,Low,2016/12/22
EMP3829,37.0,Male,Marketting,Marketing Executive,2.8,27681.24,45.0,0.0,No,8.2,10.0,1.0,9.0,8,8.0,2.0,1.0,5.0,No,8.0,Low,Low,Low,22-Oct-2022
EMP5404,26.0,Female,Admin,Admin Executvie,2.2,27569.04,40.0,0.0,Yes,7.6,10.0,1.0,10.0,4,6.0,5.0,-9.0,5.0,No,7.0,,Low,Low,2020/06/04
EMP3250,41.0,Other,Finance,Finance Manager,0.5,37565.5,52.0,7.0,Yes,7.5,9.0,1.0,9.0,6,6.0,19.0,4.0,5.0,No,6.0,Low,Low,Low,"November 11, 2016"
EMP4158,24.0,F,Customer Support,Customer Success Manager,1.8,35121.42,40.0,0.0,N,7.9,9.0,1.0,8.0,6,6.0,72.0,3.0,5.0,No,5.0,Low,Low,Low,03-07-2025
EMP1028,39.0,Male,Operations,Operations Executive,1.7,31141.26,58.0,16.0,No,6.1,9.0,2.0,7.0,6,7.0,10.0,2.0,5.0,Yes,7.0,Low,Low,Low,10-Dec-2019
EMP5832,34.0,Female,R&D,Data Scientist,4.1,49845.32,44.0,11.0,No,7.8,10.0,1.0,9.0,4,5.0,0.0,4.0,4.0,Yes,7.0,Low,Low,Low,06-Feb-2025
EMP6993,36.0,Male,Hr,Seo Specialist,1.4,31126.49,65.0,28.0,No,5.3,6.0,3.0,9.0,4,6.0,28.0,5.0,4.0,No,7.0,Medium,Moderate,Medium,06-18-2023
EMP3693,29.0,Female,Admin,Admin Executive,11.0,42813.1,50.0,13.0,Yes,7.8,9.0,1.0,9.0,10,7.0,12.0,6.0,5.0,No,6.0,Low,Low,Low,2017-01-24
EMP3189,40.0,Female,Admin,Admin Executive,0.2,27806.49,44.0,0.0,No,6.3,10.0,1.0,10.0,6,7.0,1.0,3.0,5.0,Yes,7.0,Low,Low,Low,03-10-2022
EMP2461,20.0,Male,Finance,Auditor,2.0,32425.18,30.0,1.0,No,7.4,9.0,1.0,9.0,5,6.0,3.0,3.0,5.0,Yes,6.0,Low,Low,Low,03-19-2016
EMP4281,33.0,-,Legal,Support Team Lead,1.3,25318.02,46.0,12.0,No,6.6,10.0,2.0,10.0,5,5.0,4.0,4.0,5.0,Yes,8.0,Low, ,Low,11-Mar-2019
EMP3961,33.0,Female,Finance,Financial Analyst,2.0,28526.12,39.0,6.0,No,7.9,10.0,1.0,10.0,6,7.0,6.0,4.0,5.0,No,7.0,Low,Low,Low,28-Oct-2025
EMP4877,22.0,Female,Legal,Legal Counsel,2.1,31671.13,49.0,8.0,No,7.1,9.0,1.0,10.0,6,7.0,27.0,3.0,5.0,Yes,7.0,Low,Low,Low,27-Mar-2021
EMP6314,26.0,Female,Legal,Compliance Officer,2.5,26767.71,55.0,10.0,Yes,7.9,9.0,1.0,8.0,7,5.0,4.0,3.0,5.0,Y,6.0,Low,Low,Low,08-01-2015
EMP3305,49.0,Male,R&D,Research Analyst,2.5,24161.03,45.0,1.0,No,5.9,10.0,2.0,8.0,6,6.0,19.0,3.0,5.0,Y,5.0,Low,Low,Low,07-09-2018
EMP1911,26.0,Male,Marketing,Content Strategist,1.4,33532.82,31.0,2.0,Y,8.0,10.0,1.0,10.0,7,6.0,3.0,2.0,5.0,Y,8.0,Low,Low,Low,2021/03/16
EMP3898,33.0,Male,Administration,Office Manager,3.5,50954.21,40.0,0.0,N,7.6,10.0,3.0,7.0,5,5.0,0.0,2.0,5.0,N,7.0,Low,Low,Low,12-27-2021
EMP6757,42.0,Male,Hr,Hr Executive,3.2,28743.14,45.0,14.0,Yes,6.8,10.0,1.0,9.0,7,6.0,3.0,1.0,5.0,No,8.0,Low,Low,Low,15/11/2015
EMP3418,30.0,Female,Finance,Support Team Lead,8.0,40672.53,40.0,0.0,No,5.9,10.0,1.0,10.0,9,8.0,17.0,0.0,5.0,Yes,7.0,Low,Low,Low,2018-11-22
EMP2090,36.0,Female,Customer Support,Support Team Lead,2.4,35171.67,36.0,1.0,Yes,7.8,10.0,1.0,9.0,6,7.0,7.0,2.0,5.0,Yes,9.0,Low,Low,Low,13/07/2017
EMP1204,36.0,Male,Hr,Sales Executive,1.6,24456.99,50.0,26.0,N,6.3,7.0,1.0,10.0,5,5.0,10.0,5.0,4.0,Yes,6.0,Low,Low,Low,"June 01, 2024"
EMP2677,33.0,Female,It,Devops Engineer,3.0,35544.93,50.0,1.0,Yes,7.2,10.0,2.0,10.0,5,5.0,35.0,6.0,5.0,No,7.0,Low,Low,Low,04-Sep-2016
EMP2308,36.0,Male,Information Technology,System Admin,4.9,40852.82,44.0,5.0,Yes,7.0,10.0,1.0,7.0,8,8.0,12.0,3.0,5.0,N,7.0,Low, ,Low,24-Mar-2016
EMP3331,33.0,Female,Marketing,Content Strategist,2.5,39105.05,45.0,0.0,Y,8.8,9.0,2.0,9.0,6,5.0,10.0,3.0,3.0,N,5.0,Low,Low,Low,"January 03, 2015"
EMP3711,33.0,Female,Legal,Legal Advisor,1.4,30958.74,37.0,5.0,No,7.2,10.0,1.0,10.0,5,8.0,-8.0,3.0,5.0,No,7.0,Low,Low,Low,22/12/2018
EMP6928,27.0,Female,Customer Support,Support Executive,0.6,26919.05,36.0,3.0,Yes,-13.07881243628392,9.0,1.0,9.0,9,10.0,1.0,5.0,5.0,No,7.0,Low,Low,Low,16/11/2021
 emp6934 ,40.0,Female,Hr,Hr Executive,13.2,32425.18,33.0,0.0,No,7.1,8.0,1.0,9.0,4,5.0,37.0,2.0,5.0,No,7.0,Low,Low,Low,09-Mar-2025
EMP1324,35.0,Male,Hr,Support Team Lead,0.2,34077.6,45.0,1.0,Yes,8.0,10.0,1.0,10.0,6,7.0,1.0,4.0,5.0,,9.0,Low,Low,Low,14/07/2019
EMP2312,26.0,Female,Admin,Admin Executive,4.9,32425.18,43.0,6.0,Yes,7.3,10.0,1.0,9.0,5,7.0,1.0,4.0,5.0,No,7.0,Low,Low,Low,2015/08/01
EMP1542,33.0,Male,Admin,Office Manager,1.8,33309.87,31.0,1.0,No,7.1,10.0,2.0,7.0,10,8.0,-4.0,3.0,5.0,No,5.0,Low,Low,Low,2018/09/13
EMP5451,49.0,Female,Legal,Legalc Ounsel,2.5,23737.06,48.0,8.0,No,7.3,9.0,1.0,10.0,3,4.0,21.0,2.0,5.0,N,7.0,Low,Low,Low,2025/12/14
EMP1679,38.0,Female,Hr,Qa Engineer,-5.164297605175322,27918.25,40.0,0.0,Yes,8.7,9.0,2.0,9.0,7,5.0,10.0,3.0,4.0,No,6.0,Low,Low,Low,"September 17, 2022"
EMP5556,40.0,Male,Legal,Support Team Lead,7.8,34314.45,43.0,4.0,No,6.5,8.0,1.0,9.0,4,6.0,11.0,1.0,5.0,No,8.0,Low,Low,Low,09-12-2020
EMP4832,20.0,Male,Sales,Business Development Executive,2.5,26854.29,45.0,10.0,No,7.7,9.0,1.0,8.0,5,5.0,11.0,3.0,5.0,N,7.0,Low,Low,Low,2019/10/15
EMP3487,35.0,Male,Legal,Legal Advisor,1.9,22815.08,45.0,3.0,No,5.1,10.0,1.0,8.0,6,5.0,10.0,3.0,5.0,Yes,8.0,Low,Low,Low,13/05/2021
EMP2766,30.0,F,Cust. Support,-,0.6,30814.23,45.0,10.0,Yes,7.2,8.0,1.0,9.0,9,8.0,15.0,2.0,5.0,Yes,7.0,Low,Low,Low,2015/11/03
EMP6421,41.0,Female,Finance,Auditor,2.5,30681.32,49.0,5.0,No,7.2,10.0,2.0,9.0,5,5.0,51.0,2.0,5.0,N,7.0,Low,Low,Low,19/07/2022
EMP6701,32.0,Female,Marketing,Content Strategist,0.6,25826.88,39.0,0.0,Yes,7.6,10.0,1.0,9.0,5,6.0,10.0,2.0,4.0,N,7.0,Low,Low,Low,19-Nov-2015
EMP5091,31.0,Male,Finance,Financial Analyst,13.0,47014.53,44.0,3.0,No,7.9,10.0,1.0,10.0,3,6.0,17.0,5.0,5.0,Yes,7.0,Low,Low,Low,2023/12/09
EMP1069,40.0,Female,Hr,Auditor,6.4,41558.59,41.0,6.0,No,7.4,10.0,1.0,10.0,5,6.0,10.0,2.0,5.0,Yes,8.0,Low,Low,Low,11-26-2018
EMP5821,49.0,Female,Finance,Auditor,13.3,46731.59,45.0,2.0,Yes,6.7,10.0,1.0,10.0,6,8.0,6.0,3.0,5.0,N,6.0,Low,Low,Low,03-26-2023
EMP6539,33.0,Male,Marketing,Marketing Executive,1.4,24408.9,49.0,5.0,Yes,8.3,9.0,1.0,9.0,9,7.0,13.0,2.0,5.0,No,6.0,Low,Low,Low,2020/04/28
EMP2489,31.0,Male,Admin,Admin Executive,13.0,37725.91,37.0,0.0,Yes,7.5,10.0,1.0,9.0,10,6.0,4.0,1.0,5.0,Y,6.0,Low,Low,Low,2017-06-20
EMP5259,32.0,Female,Customer Support,Customer Success Manager,7.7,53866.37,41.0,3.0,No,6.5,10.0,1.0,9.0,5,6.0,19.0,1.0,5.0,Yes,7.0,Low,Low,Low,09-May-2015
EMP4170,23.0,Male,Finance,Auditor,5.0,28056.94,45.0,7.0,No,6.5,10.0,1.0,9.0,10,9.0,33.0,4.0,5.0,No,8.0,Low,Low,Low,2015/10/04
EMP4941,20.0,Female,Sales,Businessd Evelopment Executive,0.4,23778.55,49.0,6.0,,20.0,9.0,1.0,9.0,2,8.0,10.0,4.0,4.0,Yes,6.0,Low, ,Low,2023-08-15
EMP4719,51.0,Female,Legal,Compliance Officer,0.3,26979.85,41.0,7.0,No,6.9,10.0,1.0,9.0,6,7.0,5.0,3.0,5.0,N,8.0,Low,Low,Low,30-Mar-2021
EMP1520,31.0,Male,Marketing,Support Team Lead,2.8,17881.98,50.0,12.0,No,7.1,8.0,1.0,10.0,5,7.0,19.0,4.0,5.0,No,6.0,Low,Low,Low,01-07-2023
EMP4849,33.0,Male,Marketing,Contents Trategist,7.6,25961.59,33.0,5.0,Yes,6.8,10.0,1.0,10.0,9,7.0,10.0,-7.0,5.0,No,7.0,Low,Low,Low,15-Oct-2024
EMP6377,34.0,Female,Ops,Operations Executive,2.5,50785.45,52.0,16.0,No,5.6,8.0,2.0,9.0,5,6.0,2.0,0.0,5.0,No,7.0,Low,Low,Low,2021/09/27
EMP6019,30.0,Male,Admin,Front Desk Executive,6.8,35195.08,45.0,4.0,,7.7,9.0,1.0,9.0,5,7.0,10.0,2.0,5.0,No,9.0,Low,Low,Low,08/06/2018
EMP2691,40.0,Male,Hr,Hr Manager,0.1,37305.11,44.0,1.0,N,7.8,10.0,1.0,10.0,4,7.0,10.0,6.0,5.0,Y,7.0,Low,Low,Low,28/02/2022
EMP6553,23.0,Male,Marketing,Marketing Executive,0.0,26051.39,38.0,1.0,No,6.9,10.0,1.0,10.0,3,4.0,1.0,3.0,5.0,No,8.0,Low,Low,Low,02/04/2015
EMP6587,33.0,Male,Sales,Sale Smanager,2.3,41511.26,48.0,4.0,Y,6.5,10.0,1.0,9.0,7,7.0,6.0,0.0,5.0,No,7.0,Low,Low,-,"April 13, 2024"
EMP3382,37.0,Female,Legal,Compliance Foficer,2.5,29020.41,42.0,6.0,No,7.1,8.0,1.0,8.0,5,7.0,15.0,2.0,5.0,No,7.0,Low,Low,Low,28/02/2019
EMP1901,40.0,Male,Ops,Operations Manager,-6.542021698380593,40585.17,49.0,18.0,No,5.8,7.0,1.0,9.0,4,5.0,39.0,3.0,5.0,N,9.0,Low,Low,Low,13-Sep-2015
EMP5535,25.0,Female,Hr,Hr Generalist,5.1,27499.79,53.0,19.0,No,6.8,8.0,2.0,9.0,6,7.0,2.0,4.0,5.0,N,6.0,Low,Low,Low, 
EMP3465,37.0,Male,It,System Admin,7.5,38012.49,42.0,5.0,No,7.3,9.0,1.0,10.0,6,6.0,14.0,1.0,5.0,Yes,7.0,,Low,Low,28/10/2025
EMP6831,37.0,Female,It,Software Engineer,1.1,28052.59,52.0,4.0,Y,7.6,9.0,1.0,10.0,4,6.0,26.0,2.0,5.0,Yes,9.0,Low,Low,Low,"April 27, 2026"
EMP6579,35.0,Male,Hr,Recruiter,3.5,30316.45,42.0,5.0,No,7.6,10.0,1.0,10.0,6,6.0,27.0,6.0,5.0,No,8.0,Low,Low,Low,2017-07-15
EMP5500,36.0,Male,Legal,Legal Advisor,1.2,32425.18,34.0,0.0,No,5.1,10.0,1.0,10.0,5,5.0,10.0,1.0,5.0,Y,7.0,Low,Low,Low,-
EMP5628,33.0,Male,Sales,Business Development Executive,0.6,19544.84,30.0,4.0,No,8.1,10.0,1.0,10.0,6,5.0,7.0,2.0,5.0,Yes,8.0,Low,Low,Low,12/07/2021
EMP2816,36.0,Female,R&D,Data Scientist,2.5,35622.68,34.0,2.0,Yes,7.5,8.0,1.0,10.0,5,5.0,9.0,2.0,5.0,No,7.0,Low,Low,Low,2020-02-11
EMP6711,40.0,Other,Customer Support,Customer Success Manager,0.2,34704.67,48.0,16.0,No,6.3,6.0,2.0,10.0,6,7.0,1.0,3.0,5.0,No,6.0,Low,Low,Low,-
EMP1278,49.0,Male,It,Devops Engineer,6.5,39705.4,45.0,8.0,No,7.3,10.0,1.0,9.0,5,6.0,1.0,2.0,5.0,No,6.0,Low,-,Low,2018-07-14
EMP1508,33.0,M,Hr,Hr Executive,15.9,42308.69,36.0,1.0,No,7.5,10.0,1.0,9.0,6,5.0,7.0,3.0,5.0,N,7.0,Low,Low,Low,08/08/2020
EMP5381,29.0,Male,Legal,Compliance Officer,3.7,30227.16,50.0,16.0,Y,6.2,9.0,1.0,9.0,5,7.0,10.0,0.0,5.0,N,6.0,Low,Low,Low,"January 11, 2023"
EMP1692,32.0,Female,Hr,Recruiter,1.2,23569.12,65.0,31.0,No,6.7,6.0,1.0,5.0,5,4.0,14.0,2.0,5.0,N,8.0,-,Moderate,Medium,11-Jul-2021
EMP3846,32.0,Male,It,Qa Engineer,0.2,27348.0,46.0,6.0,N,6.4,9.0,1.0,7.0,5,7.0,0.0,3.0,5.0,No,7.0,Low,Low,Low,2015/07/24
EMP2799,35.0,F,Sales,Business Development Executive,10.3,40712.71,34.0,12.0,No,7.7,9.0,1.0,10.0,10,7.0,21.0,2.0,5.0,Yes,9.0,Low,Low,Low,-
EMP1464,25.0,Male,Finance,Auditor,7.0,33366.45,46.0,0.0,Yes,7.2,9.0,1.0,8.0,7,7.0,14.0,3.0,5.0,No,7.0,Low,Low,Low,2017/04/25
EMP3416,33.0,Male,Customer Support,Support Team Lead,7.0,29569.75,43.0,2.0,No,8.0,10.0,1.0,5.0,6,8.0,8.0,3.0,5.0,Yes,8.0,Low,Low,Low,08-06-2018
EMP6050,33.0,Male,Hr,Recruiter,0.5,23748.29,30.0,6.0,No,7.4,10.0,1.0,10.0,8,8.0,12.0,3.0,4.0,N,7.0,Low,Low,Low,2024/12/17
EMP4029,20.0,Female,It,Software Engineer,2.0,35552.3,47.0,8.0,Yes,7.0,8.0,1.0,10.0,6,8.0,5.0,-7.0,5.0,Y,7.0,Low,Low,Low,2019-11-07
EMP4460,33.0,Female,It,Software Engineer,6.3,35994.49,43.0,4.0,No,7.1,10.0,1.0,10.0,,6.0,0.0,5.0,4.0,Y,7.0,Low,Low,Low,27/01/2017
EMP4490,31.0,Female,Customer Support,Customer Success Manager,2.5,42502.24,58.0,28.0,No,5.3,7.0,1.0,5.0,4,6.0,6.0,2.0,5.0,N,8.0,Low,Low,Low,17-Jan-2021
EMP4558,31.0,Male,Sales,Account Manager,1.7,32425.18,47.0,10.0,No,6.3,9.0,2.0,9.0,4,6.0,25.0,5.0,5.0,No,7.0,Low,Low,Low,28/10/2023
EMP4514,27.0,Female,Ops,Operations Manager,2.4,31629.58,40.0,0.0,No,6.4,10.0,2.0,8.0,6,6.0,8.0,4.0,5.0,No,7.0,Low,Low,Low,23-Sep-2016
EMP3800,20.0,,Marketing,Seo Specialist,2.0,35140.99,45.0,0.0,Yes,7.0,10.0,1.0,10.0,7,9.0,6.0,3.0,5.0,Yes,7.0,Low,Low,Low,2016/11/02
EMP5495,26.0,F,Hr,Financial Analyst,2.5,30087.71,32.0,1.0,N,6.1,10.0,1.0,10.0,4,6.0,10.0,3.0,5.0,No,8.0,-,Low,Low,-
EMP6224,42.0,Male,Legal,Legal Counsel,0.4,24006.5,52.0,12.0,No,6.4,9.0,1.0,7.0,8,7.0,0.0,1.0,5.0,N,8.0,Low,Low,Low,22-Feb-2019
EMP5859,33.0,Male,Admin,Front Desk Executive,10.8,45541.64,40.0,5.0,Yes,7.3,9.0,1.0,8.0,6,7.0,17.0,1.0,5.0,No,7.0,Low,Low,Low,21/10/2022
EMP3374,20.0,,R&D,Research Analyst,2.0,34336.56,38.0,0.0,Y,8.1,10.0,1.0,7.0,8,7.0,10.0,3.0,5.0,No,6.0,Low,Low,Low,-
EMP6962,46.0,Male,Marketing,Seo Specialist,8.3,40276.63,50.0,14.0,Yes,6.5,8.0,1.0,9.0,8,7.0,0.0,2.0,5.0,Yes,8.0,Low,Low,Low,11-02-2019
EMP4886,33.0,Male,Sales,Sales Manager,5.1,46614.02,47.0,13.0,No,6.1,8.0,2.0,7.0,6,7.0,40.0,3.0,5.0,Yes,8.0,Low,Low,Low,20/02/2018
EMP5589,34.0,Male,Hr,Office Manager,0.2,29324.04,44.0,6.0,No,6.0,8.0,2.0,9.0,5,6.0,2.0,6.0,5.0,Yes,7.0,Low,Low,Low,-
EMP4357,25.0,F,Hr,Hr Executive,3.8,27223.1,41.0,1.0,N,6.7,8.0,1.0,10.0,8,6.0,15.0,3.0,5.0,-,8.0,Low,Low,-,2018/03/21
EMP4714,25.0,F,Hr,Hr Manager,4.7,46281.26,30.0,0.0,No,6.8,10.0,1.0,6.0,3,6.0,8.0,1.0,5.0,Yes,8.0,Low,Low,Low,2019/02/05
EMP6869,23.0,Female,It,Support Team Lead,5.0,33810.77,53.0,11.0,No,7.2,8.0,2.0,10.0,2,7.0,0.0,5.0,5.0,N,9.0,Low,Low,Low,-
EMP3121,34.0,Male,Legal,Compliance Officer,2.4,31985.77,46.0,12.0,No,7.4,9.0,1.0,9.0,8,7.0,10.0,3.0,5.0,N,8.0,Low,Low,Low,20/01/2018
EMP2824,33.0,Female,Operations,Operations Executive,1.6,42276.61,32.0,0.0,No,7.0,10.0,1.0,9.0,5,5.0,8.0,3.0,5.0,No,9.0,Low,Low,Low,"May 14, 2018"
EMP4059,33.0,Female,It,Devops Engineer,2.5,32425.18,60.0,29.0,No,5.1,8.0,3.0,7.0,1,5.0,0.0,1.0,5.0,No,6.0,Medium,Moderate,Medium,27/05/2025
EMP4583,33.0,Male,R&D,Research Analyst,0.3,28709.75,39.0,0.0,N,6.4,10.0,1.0,10.0,6,6.0,17.0,2.0,5.0,Yes,8.0,Low,Low,Low,23/08/2017
EMP5830,51.0,Female,Legal,Legal Advisor,10.3,39603.62,41.0,2.0,No,8.9,10.0,1.0,10.0,5,6.0,18.0,3.0,5.0,N,8.0,Low,Low,Low,28-Apr-2017
EMP4018,36.0,Male,It,Software Engineer,4.5,32609.05,30.0,0.0,No,7.7,9.0,1.0,8.0,6,6.0,9.0,4.0,5.0,No,6.0,Low,Low,Low,13-Sep-2023
EMP2005,23.0,Male,Finance,Financial Analyst,5.0,32425.18,35.0,0.0,No,9.0,10.0,1.0,8.0,4,4.0,4.0,2.0,5.0,N,7.0,Low,Low,Low,08-22-2025
EMP3365,33.0,Female,Customer Support,Customer Success Manager,2.0,38559.44,48.0,12.0,N,7.1,9.0,1.0,10.0,7,6.0,5.0,1.0,5.0,No,7.0,Low,Low,Low,2022/11/15
EMP5846,40.0,Male,Marketting,Marketing Manager,6.4,48712.08,50.0,9.0,Yes,7.1,8.0,1.0,9.0,6,6.0,9.0,3.0,5.0,No,8.0,Low,Low,Low,05-28-2025
EMP4139,34.0,Female,Marketing,Marketing Manager,3.2,39580.05,49.0,5.0,No,6.7,10.0,3.0,8.0,5,4.0,5.0,3.0,5.0,Y,7.0,Low,Low,Low,21/11/2020
EMP2354,38.0,Male,Sales,Business Development Executive,3.2,34733.47,53.0,16.0,No,6.5,10.0,1.0,9.0,5,5.0,11.0,3.0,5.0,N,8.0,Low,Low,Low,2022/08/15
EMP5194,45.0,Male,It,Software Engineer,2.3,27104.62,49.0,6.0,No,8.2,10.0,1.0,9.0,10,10.0,37.0,5.0,5.0,No,9.0,Low,Low,,2018-02-22
EMP5279,40.0,Female,Admin,Office Manager,1.5,42968.22,45.0,14.0,Yes,6.3,10.0,1.0,7.0,6,5.0,19.0,5.0,5.0,N,7.0,Low,Low,Low,"September 30, 2022"
EMP1149,44.0,Male,Sales,Sales Manager,1.4,38946.02,40.0,-3.0,No,6.8,10.0,1.0,9.0,10,6.0,25.0,6.0,5.0,No,8.0,Low,Low,Low,02/04/2017
EMP1752,49.0,Female,Customersupport,Customer Success Manager,0.2,30974.75,42.0,0.0,Yes,7.2,9.0,1.0,10.0,4,5.0,22.0,7.0,4.0,Yes,7.0,Low,Low,Low,28-Oct-2020
EMP4848,33.0,Male,Admin,Front Desk Executive,7.0,31953.16,47.0,3.0,No,7.6,9.0,1.0,9.0,6,6.0,14.0,9.0,5.0,Yes,6.0,Low,Low,Low,2022/01/12
EMP5499,28.0,Male,Sales,Sales Manager,2.6,39140.88,40.0,0.0,No,7.9,9.0,1.0,9.0,6,5.0,5.0,7.0,5.0,Yes,8.0,Low,Low,Low,2015-03-26
EMP3597,40.0,Male,Admin,Front Desk Executive,0.3,28489.27,45.0,13.0,No,5.8,10.0,2.0,9.0,2,4.0,10.0,4.0,5.0,N,7.0,Low,Low,Medium,15-Nov-2016
EMP6971,51.0,Female,Operations,Operations Manager,1.0,39490.76,45.0,3.0,No,7.5,9.0,2.0,8.0,3,5.0,3.0,3.0,5.0,No,7.0,Low,Low,Low,09-14-2017
EMP3197,35.0,Male,Legal,-,2.5,39894.43,63.0,25.0,No,7.2,6.0,2.0,8.0,5,6.0,68.0,1.0,5.0,No,6.0,Low,Low,Low,"January 02, 2016"
EMP5880,33.0,Female,Finance,Finance Manager,1.7,41681.14,41.0,0.0,No,6.6,9.0,1.0,10.0,6,4.0,30.0,3.0,5.0,Yes,7.0,Low,Low,Low,"February 24, 2016"
EMP5439,27.0,Female,Sales,Business Development Executive,6.5,32425.18,45.0,4.0,Yes,8.7,10.0,1.0,9.0,5,8.0,24.0,0.0,5.0,No,8.0,Low,Low,Low,2019/12/14
EMP2756,45.0,Male,Operations,Operations Executive,1.0,29077.46,42.0,-2.0,N,8.2,10.0,1.0,9.0,5,7.0,10.0,1.0,5.0,No,7.0,Low,Low,Low,2021-03-18
EMP3311,28.0,Male,Hr,Hr Generalist,9.4,37044.43,49.0,9.0,Yes,8.1,9.0,1.0,9.0,7,8.0,10.0,2.0,5.0,N,6.0,Low,Low,Low,26-May-2018
EMP4368,35.0,Female,Operations,Operations Executive,2.5,28968.15,47.0,9.0,N,9.0,7.0,15.0,9.0,9,6.0,27.0,2.0,5.0,No,7.0,Low,Low,Low,2026/04/26
EMP4312,39.0,Female,Finance,Auditor,2.5,25400.9,45.0,11.0,No,7.2,10.0,1.0,9.0,5,5.0,2.0,-3.0,5.0,N,8.0,Low,Low,Low,07/08/2021
EMP3499,33.0,Male,Customersupport,Support Executive,1.9,29610.87,39.0,0.0,N,7.2,10.0,1.0,9.0,8,6.0,10.0,1.0,5.0,N,8.0,Low,Low,Low,2018-04-28
EMP3674,40.0,Male,Finance,Finance Manager,4.7,47396.02,49.0,11.0,N,6.8,8.0,2.0,9.0,6,6.0,15.0,1.0,5.0,No,8.0,Low,Low,Low,2023-02-11
EMP3338,34.0,Male,Admin,Front Desk Executive,0.0,23582.41,45.0,6.0,No,6.7,10.0,1.0,10.0,6,8.0,43.0,3.0,5.0,Y,6.0,Low,Low,Low,04-Oct-2025
EMP6935,40.0,Male,Hr,Hr Executive,1.4,32425.18,46.0,7.0,No,8.3,9.0,2.0,8.0,5,6.0,22.0,3.0,5.0,,7.0,Low,Low,Low,2016-09-08
EMP5333,22.0,Female,Admin,Front Desk Executive,4.0,32471.98,45.0,1.0,Yes,8.7,10.0,2.0,10.0,5,6.0,9.0,3.0,5.0,No,7.0,Low, ,Low,2025-10-24
EMP3738,51.0,Male,Customer Support,Support Executive,2.0,29954.25,41.0,5.0,Yes,7.2,10.0,1.0,10.0,6,6.0,6.0,1.0,5.0,No,7.0,Low,Low,Low,2021/08/06
EMP4060,41.0,Female,R&D,Research Analyst,3.8,28421.69,43.0,5.0,No,7.1,10.0,1.0,10.0,4,4.0,0.0,2.0,5.0,Yes,7.0,Low,Low,Low, 
EMP2047,30.0,M,Sales,,2.1,30294.14,45.0,0.0,No,7.7,9.0,1.0,10.0,3,7.0,26.0,1.0,5.0,No,6.0,Low,Low,Low,04-10-2025
EMP2919,35.0,Male,Operations,Logistics Coordinator,6.5,36217.18,38.0,0.0,Yes,7.2,10.0,1.0,8.0,9,8.0,20.0,2.0,5.0,No,6.0,Low,Low,Low,2022/05/14
EMP5240,39.0,Male,Hr,Hr Manager,0.0,19172.15,41.0,3.0,No,8.4,9.0,1.0,9.0,6,7.0,5.0,3.0,5.0,Yes,8.0,Low,Low,Low,2023-01-07
EMP4562,23.0,Female,R&D,R&D Engineer,1.4,27074.82,44.0,3.0,No,7.4,8.0,1.0,9.0,7,7.0,26.0,4.0,5.0,No,8.0,Low, ,Low,18/01/2022
EMP1059,34.0,Male,It,It Support,10.6,39266.67,33.0,0.0,No,8.0,10.0,1.0,10.0,5,6.0,28.0,3.0,5.0,No,8.0,Low,Low,Low,28-Dec-2019
EMP4617,39.0,Male,Ops,Logistics Coordinator,1.6,27162.57,44.0,1.0,No,6.6,10.0,1.0,9.0,3,6.0,22.0,4.0,5.0,No,7.0,Low,Low,Low,2019-01-17
EMP3727,33.0,Male,Sales,Business Development Executive,2.8,32181.24,40.0,6.0,Yes,7.4,10.0,1.0,8.0,7,5.0,13.0,1.0,5.0,No,7.0,Low,Low,Low,11/04/2020
EMP6841,31.0,Female,Legal,Compliance Officer,5.0,29766.09,51.0,10.0,No,7.5,10.0,2.0,7.0,5,6.0,57.0,4.0,5.0,No,5.0,Low,Low,Low,01-Aug-2023
EMP2597,22.0,F,Sales,Sales Manager,0.5,36431.35,49.0,22.0,,6.3,7.0,2.0,10.0,6,6.0,9.0,3.0,5.0,No,7.0,Low,Low,Low,2016-01-03
EMP6349,39.0,Male,Hr,Hr Executive,1.9,28879.63,56.0,5.0,No,7.7,8.0,1.0,9.0,6,8.0,8.0,6.0,5.0,N,6.0,Low,Low,Low,"December 08, 2024"
EMP6992,34.0,Male,Cust. Support,Support Team Lead,1.1,39791.03,37.0,0.0,No,7.4,10.0,1.0,9.0,9,6.0,1.0,6.0,5.0,Yes,6.0,Low,Low,Low,30/10/2024
EMP1370,39.0,Male,Operations,Operations Manager,3.2,37249.33,49.0,10.0,No,7.5,8.0,2.0,10.0,4,6.0,13.0,4.0,5.0,Yes,6.0,Low,Low,Low,06-Apr-2019
EMP5855,33.0,Male,Operations,Operations Manager,2.0,38666.31,43.0,7.0,N,8.5,10.0,1.0,10.0,6,6.0,1.0,4.0,5.0,No,6.0,Low,Low,Low,"April 07, 2021"
EMP1658,37.0,M,Research And Development,Data Scientist,4.2,44662.67,34.0,0.0,No,9.0,10.0,1.0,10.0,1,5.0,3.0,2.0,5.0,Y,6.0,Low,Low,Low,2022-03-27
EMP5466,39.0,Female,It,Software Engineer,1.2,27147.73,38.0,0.0,No,7.5,10.0,1.0,10.0,5,7.0,43.0,-4.0,5.0,No,6.0,Low,Low,Low,04-04-2026
EMP6737,36.0,Male,Marketing,Content Strategist,1.7,29820.02,37.0,0.0,Yes,7.3,9.0,2.0,7.0,4,5.0,21.0,3.0,5.0,N,7.0,Low,Low,Low,2015/05/13
EMP2808,46.0,Female,Hr,Seo Specialist,6.8,33732.54,30.0,0.0,Yes,7.4,10.0,1.0,8.0,6,7.0,10.0,2.0,5.0,N,6.0,Low,Low,Low,20-Aug-2021
EMP2884,31.0,Male,Customer Support,Support Executive,2.5,20326.9,55.0,17.0,Yes,7.9,9.0,3.0,7.0,8,7.0,10.0,3.0,4.0,No,7.0,Low,Low,Low,2021/03/31
EMP4528,33.0,Female,Operations,Logistics Coordinator,12.8,48361.72,49.0,15.0,No,6.1,8.0,2.0,10.0,7,7.0,1.0,1.0,5.0,No,8.0,,Low,Low,03-09-2018
EMP3018,44.0,Male,R&D,Support Team Lead,0.2,32291.31,45.0,0.0,Yes,7.5,9.0,3.0,9.0,8,6.0,6.0,6.0,5.0,Yes,7.0,Low,Low,Low,2015/10/20
EMP1475,32.0,F,H.R.,Hr Generalist,1.9,30439.58,42.0,0.0,No,7.7,10.0,2.0,9.0,7,6.0,18.0,1.0,5.0,No,7.0,Low,Low,Low,"May 17, 2015"
EMP4611,33.0,Male,Hr,,6.9,35772.71,47.0,5.0,Yes,7.6,9.0,1.0,10.0,7,8.0,6.0,1.0,5.0,Yes,6.0,Low,Low,Low,05-17-2017
EMP2724,35.0,Male,Operations,Operations Manager,2.5,34064.04,61.0,22.0,No,5.3,7.0,2.0,9.0,8,9.0,4.0,1.0,5.0,No,7.0,Low,Low,Low,"March 13, 2021"
EMP5807,43.0,-,Admin,Support Team Lead,1.1,26899.97,48.0,6.0,No,5.5,8.0,2.0,8.0,4,5.0,3.0,6.0,5.0,No,7.0,Low,Low,Low,"February 01, 2021"
EMP4850,32.0,Male,Human Resources,Hr Manager,0.5,25496.15,59.0,21.0,No,5.9,9.0,1.0,9.0,8,8.0,15.0,5.0,5.0,N,8.0,Low,Low,Low,08-Oct-2020
 emp5312 ,36.0,Female,Customer Support,Support Team Lead,0.3,26676.38,47.0,22.0,N,7.6,8.0,1.0,10.0,10,10.0,20.0,2.0,5.0,No,7.0,Low,Low,Low,10-17-2019
EMP3459,29.0,Male,Operations,Operations Manager,2.0,30272.06,45.0,0.0,No,7.9,9.0,1.0,10.0,3,6.0,17.0,6.0,5.0,No,5.0,Low,Low,Low,2017/10/07
EMP6221,33.0,Male,Cust. Support,Support Team Lead,7.9,51733.16,50.0,5.0,Yes,6.2,9.0,4.0,8.0,1,4.0,3.0,5.0,4.0,N,5.0,,Low,Medium,10-31-2016
EMP6682,54.0,Male,Customer Support,Customer Success Manager,0.0,40518.79,55.0,12.0,No,6.2,9.0,1.0,10.0,,8.0,8.0,2.0,5.0,Yes,7.0,Low,Low,Low,2017/08/12
EMP2477,42.0,Male,R&D,R&D Engineer,0.4,32425.18,40.0,0.0,Yes,6.5,10.0,1.0,9.0,8,9.0,8.0,6.0,5.0,Yes,8.0,Low,Low,Low,17/08/2019
EMP2610,26.0,Male,R&D,R&D Engineer,4.4,35364.28,38.0,6.0,No,6.9,10.0,1.0,10.0,7,7.0,10.0,7.0,5.0,No,6.0,Low,Low,Low,2024-11-30
EMP3495,45.0,Female,Sales,Account Manager,6.0,44702.05,37.0,2.0,Yes,8.3,9.0,1.0,9.0,5,8.0,10.0,2.0,5.0,Y,9.0,Low,Low,Low,2016-06-25
EMP6998,42.0,Male,Hr,Hr Maanger,1.9,32425.18,40.0,0.0,No,7.2,10.0,1.0,7.0,6,5.0,17.0,4.0,5.0,No,7.0,Low,Low,Low,2022/05/06
EMP4866,43.0,Female,Customersupport,Support Team Lead,2.5,50312.21,44.0,0.0,Y,7.9,10.0,1.0,9.0,6,6.0,9.0,7.0,5.0,No,8.0,Low,Low,Low,2023/12/10
EMP6268,37.0,Female,Administration,Front Desk Executive,5.8,36969.73,45.0,1.0,No,7.2,9.0,3.0,9.0,8,5.0,2.0,1.0,5.0,No,7.0,Low,Low,Low,"November 19, 2019"
EMP6373,34.0,Male,Finance,Auditor,3.2,28717.31,42.0,5.0,N,7.7,9.0,1.0,8.0,4,7.0,9.0,3.0,5.0,N,6.0,Low,Low,Low,23/10/2016
EMP4908,40.0,Male,Sales,Account Manager,2.5,32425.18,42.0,6.0,N,7.5,8.0,1.0,10.0,3,6.0,16.0,1.0,5.0,No,9.0,Low,Low,Low,2023-10-05
EMP3046,35.0,F,R&D,Research Analyst,4.1,26173.0,44.0,4.0,No,7.3,10.0,1.0,9.0,2,7.0,6.0,5.0,5.0,No,9.0,Low,Low,Low,"September 19, 2019"
EMP1923,34.0,Male,R&D,Research Analyst,2.5,34323.03,45.0,15.0,Yes,7.2,9.0,1.0,9.0,6,6.0,0.0,3.0,5.0,Y,10.0,Low,Low,Low,"November 09, 2017"
EMP5518,31.0,Male,Customer Support,Suppotr Executive,2.5,28982.09,45.0,7.0,Yes,7.3,9.0,1.0,10.0,8,7.0,10.0,2.0,5.0,Yes,7.0,Low,Low,Low,2019/01/30
EMP2437,34.0,Female,Sales,Account Manager,7.2,43376.35,45.0,0.0,Yes,7.1,7.0,2.0,10.0,8,9.0,17.0,0.0,5.0,N,8.0,Low,Low,Low,"January 10, 2016"
EMP6193,39.0,Female,Legal,Complianec Officer,1.0,32425.18,49.0,10.0,No,7.1,7.0,2.0,10.0,3,5.0,3.0,2.0,5.0,No,7.0,Low,Low,Low,"December 27, 2020"
EMP2547,30.0,Male,Fiannce,Finance Manager,2.5,39366.99,53.0,5.0,N,6.6,10.0,1.0,9.0,9,5.0,15.0,3.0,5.0,No,9.0,Low,Low,Low,02-Nov-2018
EMP3819,31.0,Female,I.T.,System Admin,5.7,24017.85,57.0,19.0,Yes,5.9,7.0,2.0,9.0,10,9.0,10.0,2.0,5.0,N,8.0,Low,Low,Low,20/01/2023
EMP4016,33.0,Female,Legal,Compliance Officer,0.2,37140.78,52.0,18.0,No,6.5,9.0,1.0,10.0,10,10.0,29.0,7.0,5.0,Y,8.0,Low,Low,Low,12-15-2015
EMP2153,33.0,Female,It,System Admin,2.5,29769.82,42.0,7.0,Y,6.6,9.0,1.0,10.0,6,5.0,9.0,1.0,5.0,No,8.0,Low,Low,Low,12-01-2017
EMP4948,33.0,Female,Finance,Auditor,3.0,32425.18,41.0,0.0,No,7.7,10.0,1.0,10.0,7,8.0,10.0,2.0,5.0,Yes,8.0,Low,Low,Low,18/11/2017
EMP5293,33.0,Female,Sale,Business Development Executive,1.2,24246.22,35.0,4.0,Yes,6.5,9.0,1.0,9.0,6,6.0,1.0,4.0,5.0,Y,6.0,Low,Low,Low,31/05/2017
EMP2637,20.0,Male,Hr,Hr Generalist,0.3,29706.65,57.0,23.0,No,6.4,9.0,1.0,6.0,8,7.0,3.0,2.0,5.0,,7.0,Low,Low,Low,2018-08-25
EMP1398,47.0,Female,It,Software Engineer,2.5,35215.73,36.0,0.0,Yes,8.4,10.0,1.0,10.0,5,6.0,7.0,3.0,5.0,,6.0,Low,Low,Low,17/06/2018
EMP4569,43.0,Male,It,,3.5,31081.14,47.0,5.0,Yes,7.1,7.0,1.0,9.0,7,6.0,1.0,1.0,5.0,Y,7.0,Low,Low,Low,09/08/2021
EMP5118,44.0,Female,Rnd,R&D Engineer,4.2,29308.15,50.0,17.0,No,7.8,9.0,2.0,9.0,4,3.0,10.0,1.0,3.0,N,6.0,Low,Low,Medium,-
EMP3670,28.0,Male,Fiannce,Financial Analyst,0.5,26291.51,53.0,5.0,Y,8.0,9.0,1.0,9.0,4,7.0,20.0,2.0,4.0,No,5.0,Low,Low,Low,"January 02, 2020"
EMP5161,28.0,Male,Finance,Auditor,10.0,36040.69,37.0,0.0,No,8.1,9.0,2.0,9.0,3,6.0,5.0,4.0,4.0,No,6.0,Low, ,Low,2023/07/19
EMP4440,34.0,Male,R&D,R&D Engineer,12.8,37033.77,46.0,4.0,No,6.7,8.0,1.0,10.0,4,6.0,9.0,3.0,5.0,,7.0,Low,Low,Low,21-Mar-2026
EMP2382,36.0,Male,Marketing,Marketing Manager,3.6,43848.21,47.0,9.0,Yes,6.8,10.0,2.0,10.0,5,5.0,38.0,2.0,5.0,Yes,8.0,Low,Low,Low,19/06/2023
EMP4969,41.0,Female,It,Qa Engineer,2.5,33694.0,37.0,2.0,No,8.2,9.0,2.0,9.0,7,7.0,14.0,2.0,5.0,N,7.0,Low,Low,Low,16-Nov-2016
EMP4079,27.0,Male,Hr,Support Team Lead,1.5,50077.68,48.0,3.0,Yes,7.0,10.0,1.0,10.0,5,8.0,3.0,2.0,5.0,N,7.0,Low,Low,Low,"July 22, 2019"
EMP6829,33.0,Male,It,It Spuport,1.3,25056.15,31.0,0.0,No,7.2,10.0,1.0,9.0,10,7.0,1.0,1.0,5.0,N,8.0,Low,Low,Low,09-07-2015
EMP3155,31.0,Male,Marketing,Marketing Executive,2.5,31626.93,44.0,8.0,Yes,7.3,7.0,1.0,7.0,2,6.0,5.0,3.0,5.0,Yes,8.0,Low,Low,Low,-
EMP1846,43.0,Male,Marketing,Seo Specialist,13.8,32425.18,42.0,0.0,No,7.9,9.0,1.0,7.0,8,6.0,21.0,3.0,5.0,Yes,7.0,Low,Low,Low,02/09/2023
EMP5864,39.0,Female,Finance,Accountant,1.4,26532.66,52.0,14.0,No,7.0,9.0,2.0,8.0,4,5.0,27.0,3.0,5.0,No,7.0,Low,Low,Low,"September 14, 2023"
EMP2014,37.0,Other,Fiannce,Finance Manager,1.7,33742.39,38.0,2.0,-,6.6,9.0,1.0,10.0,8,7.0,0.0,3.0,5.0,N,6.0,Low,Low,Low,05-03-2016
EMP1402,33.0,Male,Hr,Operations Manager,3.6,53608.22,43.0,10.0,No,8.5,9.0,1.0,8.0,5,7.0,16.0,3.0,5.0,No,7.0,Low,Low,Low, 
EMP6621,47.0,Male,Admin,Front Desk Executive,2.5,23579.23,37.0,1.0,N,8.7,10.0,1.0,10.0,8,7.0,10.0,3.0,5.0,No,7.0,-,Low,Low,2017-11-20
EMP4305,31.0,Female,Finance,Financial Analyst,1.1,32425.18,47.0,2.0,No,6.8,10.0,1.0,8.0,4,5.0,27.0,3.0,5.0,No,8.0,Low,Low,Low,04-06-2019
EMP3712,45.0,Female,-,Operations Manager,0.1,49947.34,51.0,8.0,Yes,6.8,8.0,1.0,10.0,8,6.0,10.0,1.0,4.0,Y,6.0,Low,Low,Low,01-31-2025
EMP3402,44.0,Female,Finance,Accountant,1.2,19854.67,50.0,5.0,No,7.2,7.0,1.0,8.0,7,7.0,10.0,2.0,5.0,N,5.0,Low,Low,Low,"April 06, 2019"
EMP5555,33.0,Female,Finance,Support Team Lead,12.2,32425.18,38.0,0.0,No,6.2,10.0,1.0,10.0,10,7.0,0.0,5.0,5.0,No,8.0,,Low,Low,03-Oct-2025
EMP6557,33.0,Male,Legal,-,0.4,28061.9,45.0,0.0,-,6.8,9.0,1.0,10.0,4,6.0,46.0,1.0,5.0,No,6.0,Low,Low,Low,2020/01/30
EMP2244,43.0,Male,Administration,Front Desk Executive,1.0,30277.22,34.0,0.0,Yes,7.3,10.0,1.0,10.0,4,5.0,6.0,1.0,5.0,Y,7.0,Low,Low,Low,2020-04-18
EMP1711,33.0,Female,Legal,Compliance Officer,0.3,22393.37,63.0,27.0,No,5.5,6.0,2.0,7.0,8,8.0,10.0,10.0,5.0,N,6.0,Low,Low,Low,2025-03-03
EMP3419,23.0,Female,Marketing,Marketing Executiev,1.1,28523.35,31.0,0.0,Y,7.2,10.0,1.0,8.0,10,10.0,7.0,2.0,5.0,No,8.0,Low,Low,Low,-
EMP6485,51.0,Female,Operations,Logistics Coordinator,6.8,36640.17,45.0,0.0,No,6.5,8.0,1.0,10.0,4,7.0,16.0,2.0,5.0,No,8.0,Low,Low,Low,2020-11-08
EMP6743,33.0,Female,R&D,Research Analyst,1.9,35769.8,35.0,7.0,Y,7.2,10.0,1.0,10.0,2,6.0,25.0,4.0,5.0,Yes,10.0,Low,Low,Low,24-Jun-2024
EMP2092,33.0,Female,Marketing,Marketing Executive,0.5,22501.52,50.0,14.0,Y,7.9,7.0,1.0,9.0,8,7.0,3.0,-5.0,5.0,N,7.0,Low,Low,Low,2023/08/19
EMP2626,28.0,Male,Marketting,Content Strategist,3.9,29924.22,46.0,3.0,Yes,7.5,8.0,2.0,9.0,,6.0,3.0,3.0,5.0,No,4.0,Low,Low,Low,20/10/2025
EMP2668,41.0,Female,It,Devops Engineer,0.4,15000.0,44.0,9.0,No,7.5,9.0,1.0,10.0,8,7.0,16.0,4.0,5.0,N,8.0,Low,Low,Low,19/09/2018
EMP3220,28.0,Male,It,System Admin,9.1,35004.78,52.0,9.0,Yes,7.2,8.0,1.0,10.0,8,7.0,3.0,6.0,5.0,Yes,7.0,Low,Low,Low,"April 23, 2016"
EMP5914,33.0,M,Hr,Hr Executive,2.5,21830.01,46.0,12.0,Yes,6.6,10.0,1.0,10.0,6,6.0,16.0,1.0,5.0,N,8.0,Low,Low,Low,-
EMP1122,25.0,Male,Hr,Accountant,7.0,35139.23,37.0,0.0,Y,8.5,9.0,1.0,10.0,3,5.0,27.0,0.0,5.0,Yes,6.0,Low,Low,Low,2020-05-18
EMP5444,35.0,-,Customer Support,Support Executive,8.3,39789.29,57.0,15.0,Y,6.5,7.0,1.0,10.0,7,7.0,5.0,1.0,5.0,Yes,9.0,Low,Low,Low,2024-06-22
EMP6383,33.0,Other,Rnd,-,1.5,26841.52,37.0,1.0,No,7.4,10.0,1.0,10.0,4,6.0,31.0,6.0,5.0,Yes,9.0,Low,Low,Low,07-01-2023
EMP3393,22.0,Female,Hr,Hr Manager,4.0,36693.26,57.0,24.0,N,7.2,8.0,1.0,9.0,6,8.0,10.0,3.0,5.0,Y,8.0,Low,Low,Low,2016/09/06
EMP3073,33.0,Female,Customer Support,Customer Success Manager,3.4,40234.39,48.0,8.0,Y,8.8,8.0,1.0,9.0,-,9.0,47.0,0.0,5.0,N,8.0,Low,Low,Low,30/09/2023
EMP4090,43.0,Male,Legal,Legal Counsel,0.2,25229.28,39.0,2.0,N,8.6,10.0,1.0,7.0,4,7.0,9.0,2.0,5.0,No,9.0,Low,Low,Low,2026-01-21
EMP2351,50.0,Male,Legal,Compliance Officer,1.3,25296.74,44.0,4.0,No,7.0,10.0,1.0,10.0,7,5.0,46.0,3.0,5.0,No,5.0,Low,Low,Low,"December 04, 2016"
EMP3850,36.0,Female,Operations,Operations Executive,0.4,30144.42,53.0,5.0,N,7.2,7.0,2.0,10.0,5,6.0,10.0,2.0,5.0,No,6.0,Low,Low,Low,"February 07, 2022"
EMP3812,51.0,Male,Finance,Financial Analyst,1.0,29755.73,36.0,0.0,N,6.9,10.0,2.0,7.0,7,7.0,7.0,5.0,5.0,N,6.0,Low,Low,Low,2021/10/05
EMP3527,21.0,Female,Fiannce,Financial Analyst,2.0,29708.22,44.0,4.0,Yes,6.3,8.0,1.0,10.0,7,8.0,5.0,3.0,5.0,Yes,6.0,Low,Low,Low,"December 21, 2022"
EMP2121,42.0,Male,It,Devops Engineer,3.7,30514.66,50.0,7.0,Yes,7.0,9.0,1.0,10.0,6,6.0,16.0,2.0,5.0,Yes,6.0,Low,Low,Low,2021/09/01
EMP2211,33.0,Male,Hr,-,0.6,32425.18,51.0,7.0,No,7.5,8.0,1.0,9.0,7,8.0,4.0,5.0,5.0,No,5.0,Low,Low,Low,"December 10, 2025"
EMP2083,33.0,Male,Marketing,Marketing Executive,5.2,31981.15,51.0,16.0,Yes,6.7,7.0,1.0,10.0,7,6.0,10.0,2.0,5.0,No,7.0,Low,Low,Low,01/03/2017
EMP1161,32.0,Male,Marketting,Content Strategist,1.6,33800.19,48.0,13.0,No,8.0,7.0,1.0,6.0,8,5.0,20.0,1.0,5.0,No,7.0,Low,Low,Low,"May 23, 2017"
EMP6406,48.0,Male,Sales,Business Development Executive,2.2,27149.95,42.0,3.0,No,7.7,9.0,1.0,10.0,8,5.0,9.0,6.0,5.0,No,6.0,Low,Low,Low,20-Aug-2018
EMP4459,42.0,Female,Finance,Auditor,6.7,33438.71,49.0,16.0,Yes,6.3,8.0,1.0,10.0,5,7.0,4.0,3.0,4.0,Y,7.0,Low,Low,Low,2020/06/24
EMP4167,34.0,F,R&D,R&D Engineer,5.7,32935.39,45.0,5.0,No,5.8,9.0,1.0,8.0,2,5.0,3.0,4.0,4.0,N,7.0,Low,Low,Low,2015/01/10
EMP5722,30.0,Male,Marketing,Content Strategist,1.8,24532.94,55.0,15.0,Yes,7.6,8.0,4.0,9.0,4,5.0,12.0,4.0,5.0,N,7.0,Low,Low,Medium,2020-05-05
EMP1871,33.0,M,Cust. Support,Support Team Lead,2.3,49710.15,45.0,1.0,N,6.6,9.0,1.0,9.0,7,7.0,6.0,6.0,5.0,Yes,6.0,Low,Low,Low,11-Mar-2018
EMP2659,20.0,Male,It,System Admin,0.9,32425.18,39.0,0.0,No,8.8,8.0,2.0,10.0,6,7.0,0.0,3.0,4.0,Y,4.0,-,Low,Low,12/01/2022
EMP5763,38.0,Male,Marketting,Seo Specialist,0.7,25615.17,53.0,27.0,No,7.0,7.0,1.0,10.0,8,7.0,13.0,3.0,5.0,Yes,6.0,Low,Low,Low,04/07/2018
EMP3001,37.0,,Hr,Hr Generalist,1.7,29999.27,38.0,1.0,Yes,7.6,10.0,1.0,8.0,6,6.0,1.0,3.0,5.0,No,8.0,Low,Low,Low,2022-06-29
EMP5112,27.0,Female,It,Devops Engineer,6.5,27799.93,30.0,2.0,Yes,7.5,10.0,2.0,10.0,7,7.0,27.0,4.0,5.0,Yes,7.0,Low,Low,Low,27/06/2015
EMP5114,37.0,Male,Operations,Operations Amnager,8.0,43139.04,47.0,6.0,,9.0,9.0,1.0,10.0,5,7.0,8.0,2.0,5.0,No,6.0,Low,Low,Low,01-15-2026
EMP2379,47.0,Male,Sales,Sales Executive,2.9,28813.08,37.0,0.0,Yes,7.7,10.0,1.0,10.0,5,6.0,8.0,5.0,5.0,Yes,7.0,Low,Low,Low,07-Oct-2023
EMP5032,42.0,Female,It,Software Engineer,4.9,32425.18,39.0,0.0,No,8.0,10.0,1.0,9.0,4,6.0,3.0,2.0,5.0,-,8.0,Low,Low,Low,2016/11/11
EMP4944,33.0,Male,R&D,Research Analyst,4.4,26233.81,44.0,4.0,Yes,8.1,10.0,1.0,10.0,6,7.0,10.0,0.0,5.0,No,8.0,Low,Low,Low,-
EMP3909,31.0,Other,Marketing,Marketing Manager,1.2,35969.87,45.0,0.0,No,8.4,10.0,1.0,9.0,6,7.0,28.0,6.0,5.0,N,7.0,Low,-,Low,01-May-2022
EMP3587,20.0,F,Customer Support,Support Executive,2.0,25306.27,49.0,6.0,No,7.1,7.0,1.0,9.0,6,5.0,31.0,3.0,5.0,N,5.0,Low,Low,Low,2018-07-27
EMP3013,35.0,Male,Sales,Account Manager,1.2,33583.67,40.0,5.0,No,8.4,10.0,1.0,8.0,5,6.0,5.0,3.0,5.0,No,7.0,Low,Low,Low,11-23-2015
EMP6295,39.0,Male,R&D,Research Analyst,6.0,33963.4,43.0,4.0,No,7.7,9.0,1.0,10.0,4,5.0,10.0,6.0,4.0,N,6.0,Low,Low,-,17/11/2024
EMP3405,29.0,Male,Operations,Operations Executive,3.0,27776.13,48.0,9.0,No,6.0,8.0,2.0,9.0,6,6.0,16.0,4.0,5.0,No,7.0,Low,Low,Low,2023-05-30
EMP3470,26.0,Male,Hr,Business Development Executive,6.2,33363.23,46.0,9.0,No,7.3,9.0,1.0,9.0,6,5.0,22.0,3.0,5.0,Y,7.0,Low,Low,Med,31-May-2026
EMP3298,37.0,Male,Cust. Support,Support Executive,12.3,45257.33,45.0,20.0,No,6.9,7.0,1.0,8.0,4,6.0,10.0,3.0,5.0,Yes,7.0,Low,Low,Low,18/03/2018
EMP5543,34.0,Other,Marketing,Seo Specialist,9.3,45475.49,45.0,14.0,No,7.7,8.0,1.0,9.0,7,7.0,26.0,2.0,5.0,N,7.0,Low,Low,Low,2018-04-15
EMP6142,54.0,Male,Legal,Legal Counsel,3.6,36209.06,48.0,18.0,No,6.8,9.0,1.0,10.0,8,6.0,11.0,-5.0,5.0,Y,8.0,Low,Low,Low,10-22-2019
EMP2115,24.0,F,Finance,Accountant,2.5,29332.19,45.0,6.0,No,7.0,8.0,1.0,10.0,4,6.0,23.0,4.0,5.0,N,8.0,Low,Low,Low,2016-06-20
EMP1642,27.0,Female,Admin,,6.0,32425.18,48.0,3.0,No,7.2,10.0,1.0,9.0,8,6.0,41.0,4.0,5.0,Y,7.0,Low,Low,Low,26/07/2020
EMP2031,34.0,Female,Admin,Front Desk Executive,2.3,20715.01,38.0,0.0,Yes,6.9,9.0,1.0,10.0,10,8.0,24.0,0.0,5.0,No,8.0,Low,Low,Low,01-21-2020
EMP6220,33.0,Male,Admin,Admin Executive,4.7,33499.17,37.0,0.0,Yes,8.2,10.0,1.0,10.0,4,6.0,22.0,3.0,5.0,N,6.0,Low,Low,Low,"September 15, 2016"
EMP4862,20.0,Male,Cust. Support,Support Executive,1.3,28232.43,37.0,0.0,N,7.3,9.0,1.0,8.0,4,5.0,12.0,5.0,5.0,No,8.0,Low,Low,Low,"January 31, 2015"
EMP2025,28.0,Other,R&D,Research Analyst,2.5,40982.07,53.0,14.0,No,6.2,9.0,3.0,7.0,7,6.0,2.0,1.0,5.0,N,5.0,Low,Low,Low,"April 23, 2023"
EMP3883,31.0,Male,Sales,Business Development Executive,2.4,22193.53,45.0,2.0,Y,7.1,10.0,1.0,9.0,8,7.0,0.0,4.0,5.0,Yes,7.0,Low,Low,Low,"October 03, 2025"
EMP2289,50.0,Female,R&D,Data Scientist,1.1,35268.86,41.0,3.0,Yes,5.7,10.0,1.0,10.0,8,9.0,-6.0,4.0,5.0,N,8.0,Low,Low,,"June 11, 2023"
EMP6855,42.0,Male,Hr,Financial Analyst,0.9,25576.16,33.0,5.0,No,8.4,10.0,1.0,8.0,3,5.0,1.0,3.0,5.0,N,7.0,Low,Low,Low,-
EMP4830,33.0,Male,Customersupport,Support Executive,9.0,30686.6,45.0,18.0,No,7.0,9.0,2.0,8.0,5,4.0,9.0,3.0,5.0,No,8.0,Low,Low,Low,-
EMP5308,44.0,Male,It,Devops Engineer,1.3,22528.6,48.0,7.0,No,8.7,8.0,1.0,8.0,5,7.0,4.0,4.0,4.0,Y,8.0,Low,Low,Low,09-16-2021
EMP3004,30.0,Female,Customer Support,Support Executive,3.6,38031.39,52.0,21.0,Y,5.0,8.0,1.0,8.0,-,7.0,1.0,5.0,4.0,Yes,7.0,Low,Low,Low,2025/08/01
EMP2629,31.0,Male,Operations,Operations Executive,3.5,31403.75,52.0,10.0,Yes,4.6,8.0,15.0,7.0,6,6.0,11.0,3.0,5.0,No,7.0,Low,Low,Low,23/04/2018
EMP3117,33.0,Female,Legal,Support Team Lead,1.6,26586.58,45.0,1.0,Yes,7.7,10.0,1.0,8.0,7,7.0,2.0,3.0,5.0,No,7.0,Low,Low,Low,2020-03-02
EMP1462,43.0,Male,R&D,Research Analyst,7.6,38524.7,45.0,6.0,Y,8.6,10.0,1.0,9.0,6,6.0,7.0,2.0,5.0,Yes,6.0,Low,Low,Low,24-Dec-2024
EMP3133,28.0,Male,Hr,Data Scientist,2.5,45143.82,50.0,9.0,No,6.8,10.0,1.0,9.0,6,8.0,7.0,2.0,5.0,No,9.0,Low,Low,Low,2017-05-11
EMP1287,28.0,F,Marketing,Content Strategist,3.8,27169.68,47.0,4.0,No,7.2,10.0,2.0,10.0,5,7.0,6.0,1.0,5.0,No,7.0,Low,Low,Low,2017/10/22
EMP2020,33.0,-,Sale,Business Development Executive,6.1,41282.12,42.0,6.0,No,7.2,8.0,2.0,10.0,4,6.0,3.0,6.0,5.0,Yes,7.0,Low,Low,Low,2025-07-22
EMP3263,33.0,Female,Ops,Logistics Coordinator,2.6,25327.9,54.0,24.0,Yes,5.9,5.0,1.0,8.0,6,6.0,28.0,1.0,5.0,N,5.0,Low,Low,Low,05-02-2025
EMP6291,23.0,Male,Customer Support,Support Executive,0.9,22975.74,58.0,22.0,N,5.6,8.0,2.0,7.0,4,4.0,10.0,4.0,5.0,No,7.0,Low,Low,Medium,10/07/2015
EMP6924,26.0,Male,It,System Admin,0.2,19167.93,31.0,1.0,Yes,5.7,10.0,1.0,9.0,5,5.0,10.0,4.0,4.0,No,6.0,Low,Low,Low,07/07/2024
EMP6341,32.0,Male,Marketing,Marketing Executive,0.7,27524.47,45.0,9.0,N,7.2,10.0,2.0,8.0,6,8.0,4.0,4.0,5.0,No,7.0,Low,Low,Low,20/04/2015
EMP5663,32.0,F,R&D,R&D Engineer,10.3,37639.97,50.0,3.0,No,7.5,10.0,2.0,9.0,7,7.0,24.0,2.0,5.0,Yes,6.0,Low,Low,Low,2015-01-03
EMP6466,36.0,Female,Administration,Office Manager,0.1,30117.9,38.0,0.0,Yes,7.8,9.0,1.0,10.0,6,7.0,25.0,3.0,5.0,Y,8.0,Low,Low,Low,19/11/2020
EMP6938,24.0,Male,Customersupport,Support Team Lead,6.0,44660.86,46.0,18.0,Yes,6.9,10.0,1.0,7.0,5,7.0,8.0,3.0,5.0,No,7.0,Low,Low,Low,2019/10/04
EMP5485,32.0,Male,Finance,,8.4,34755.42,31.0,0.0,Y,-12.14855655647942,9.0,1.0,10.0,6,8.0,1.0,3.0,5.0,No,7.0,Low,Low,Low,05-22-2019
EMP4157,27.0,Female,It,System Admin,1.8,27410.46,54.0,14.0,Y,7.0,9.0,3.0,7.0,4,6.0,46.0,5.0,5.0,No,6.0,Low,Low,Low,2020-06-18
EMP4227,20.0,Female,Hr,Legal Advisor,1.8,24276.86,30.0,0.0,Yes,8.1,10.0,2.0,9.0,7,5.0,29.0,2.0,5.0,Y,8.0,Low,Low,Low,04-30-2024
EMP5341,28.0,Female,Legal,Legal Counsel,2.3,28162.8,55.0,24.0,No,7.1,8.0,1.0,8.0,7,7.0,18.0,2.0,5.0,Yes,8.0,Low,Low,Low,2024/07/18
EMP4515,38.0,Male,R&D,Support Team Lead,0.4,33621.41,44.0,1.0,Yes,0.5,10.0,1.0,6.0,5,4.0,10.0,3.0,5.0,No,10.0,Low,Low,Low,04/09/2017
EMP3486,28.0,Female,Marketing,Content Strategist,3.0,27399.31,51.0,10.0,Y,7.7,9.0,2.0,7.0,6,6.0,13.0,2.0,5.0,No,7.0,Low,Low,Low,30-Oct-2020
EMP4872,33.0,Female,Sale,Sales Manager,-4.943212195605249,39814.89,49.0,-14.0,No,9.0,7.0,2.0,10.0,9,6.0,10.0,4.0,5.0,No,7.0,Low,-,Low,10-Jul-2019
EMP4951,28.0,-,Sale,Business Development Executive,1.9,26495.57,43.0,2.0,No,7.7,10.0,2.0,9.0,6,7.0,32.0,4.0,5.0,Yes,7.0,Low,Low,,26-Mar-2019
EMP4102,43.0,Male,Marketing,Content Strategist,2.5,45802.4,38.0,0.0,Y,9.0,9.0,1.0,9.0,1,4.0,41.0,6.0,4.0,Yes,8.0,Low,Low,Low,04-19-2023
EMP4184,32.0,Male,Sales,Account Manager,7.3,53985.55,41.0,3.0,No,8.1,9.0,1.0,9.0,3,5.0,1.0,-8.0,5.0,Yes,8.0,Low,Low,Low,2025/09/12
EMP6495,20.0,Male,Legal,Compliance Officer,2.0,34246.6,44.0,0.0,Yes,7.1,9.0,1.0,8.0,9,10.0,8.0,2.0,5.0,Y,5.0,Low,Low,Low,2019/07/01
EMP2882,41.0,Male,Admin,Office Manager,4.7,40028.28,44.0,0.0,N,7.2,9.0,1.0,9.0,6,8.0,1.0,3.0,5.0,N,7.0,Low,Low,Low,"July 11, 2015"
EMP4541,28.0,Female,It,Support Team Lead,3.6,32965.24,31.0,4.0,No,8.7,10.0,1.0,10.0,4,7.0,12.0,1.0,5.0,Yes,7.0,Low,Low,Low,26/01/2025
EMP4834,55.0,Female,Rnd,R&D Engineer,0.8,34539.57,34.0,4.0,No,5.6,10.0,1.0,9.0,7,7.0,8.0,1.0,5.0,Y,6.0,Low,Low,Low,09-09-2016
EMP4017,22.0,M,Marketing,Marketing Executive,4.0,33327.02,51.0,5.0,No,7.7,8.0,1.0,8.0,9,9.0,14.0,2.0,5.0,N,6.0,Low,-,Low,28/03/2020
EMP4652,34.0,Female,R&D,Data Scientist,1.2,51380.66,45.0,8.0,No,6.0,9.0,1.0,10.0,8,8.0,20.0,2.0,5.0,N,7.0,Low,Low,Low,21/09/2021
EMP6712,28.0,Female,Ops,Logistics Coordinator,2.3,31246.71,45.0,5.0,Yes,9.0,10.0,1.0,10.0,5,7.0,23.0,2.0,5.0,No,6.0,Low,Low,Low,-
EMP1877,23.0,Male,Customer Support,Support Executive,5.0,32066.85,56.0,25.0,N,6.0,8.0,3.0,9.0,5,7.0,9.0,3.0,5.0,No,6.0,Low,Low,Low,14/05/2018
EMP2384,30.0,Male,Sales,Account Manager,0.7,32425.18,51.0,13.0,No,7.2,9.0,1.0,9.0,7,6.0,1.0,1.0,5.0,No,6.0,Low,Low,Low,06-01-2016
EMP1828,45.0,Female,Operations,Operations Manager,11.9,47356.01,39.0,6.0,No,8.6,10.0,1.0,9.0,6,7.0,18.0,3.0,5.0,N,7.0,Low,Low,Low,09-14-2017
EMP6519,31.0,Female,Operations,Logistics Coordinator,10.3,39741.34,43.0,6.0,No,6.4,10.0,1.0,8.0,6,6.0,8.0,1.0,5.0,N,6.0,Low,Low,Low,2021/12/18
EMP6890,32.0,Female,Administration,Admin Executive,1.1,32261.84,45.0,0.0,No,7.2,10.0,1.0,7.0,8,8.0,56.0,3.0,5.0,No,8.0,-,Low,Low,05-Dec-2021
EMP4910,38.0,Male,Hr,Legal Advisor,5.7,36922.15,34.0,4.0,No,7.8,9.0,1.0,10.0,8,6.0,60.0,4.0,5.0,N,7.0,Low,Low,Low,09-28-2025
EMP6980,39.0,Female,R&D,Data Scientist,0.4,38525.82,61.0,25.0,Yes,6.8,7.0,1.0,9.0,5,5.0,9.0,2.0,5.0,Yes,7.0,Low,Low,Low,"November 12, 2023"
EMP1045,33.0,Male,It,Software Engineer,4.5,32425.18,46.0,8.0,No,6.3,9.0,1.0,7.0,9,6.0,23.0,3.0,5.0,No,7.0,Low,Low,Low,03-30-2017
 emp4104 ,44.0,Male,Operations,Operations Executive,1.4,27234.0,43.0,5.0,No,7.0,9.0,1.0,9.0,5,7.0,21.0,5.0,5.0,No,8.0,Low,Low,Low,31-Mar-2022
EMP3496,28.0,Male,-,Marketing Manager,8.0,47357.79,30.0,5.0,Yes,8.8,10.0,2.0,9.0,6,7.0,10.0,3.0,5.0,N,7.0,Low,Low,Low,01-Dec-2023
EMP6461,36.0,Male,Marketing,Marketing Manager,3.0,39596.73,46.0,9.0,No,7.9,9.0,1.0,9.0,6,6.0,28.0,1.0,5.0,No,7.0,Low,Low,Med,22/12/2020
EMP1403,38.0,,Legal,Legal Advisor,3.7,32425.18,44.0,0.0,No,7.5,10.0,1.0,10.0,4,5.0,10.0,2.0,5.0,Y,7.0,Low,Low,Low,07-16-2023
EMP3368,34.0,Male,Operations,Operations Executive,1.3,30442.23,30.0,1.0,N,15.0,10.0,1.0,10.0,10,8.0,11.0,3.0,5.0,No,6.0,Low,Low,Low,"March 29, 2022"
EMP1099,30.0,Male,Finance,Financial Analyst,7.1,34606.69,30.0,3.0,No,8.4,10.0,1.0,10.0,4,7.0,38.0,2.0,5.0,Yes,7.0,Low,Low,Low,18/09/2017
EMP6282,23.0,Male,Hr,Support Team Lead,4.4,23540.42,47.0,11.0,No,4.4,9.0,3.0,10.0,5,4.0,10.0,3.0,5.0,N,8.0,Low,Low,Medium,"June 28, 2025"
EMP3550,32.0,Female,Marketing,Marketing Manager,0.1,33365.86,58.0,15.0,No,7.5,7.0,1.0,8.0,10,6.0,28.0,0.0,5.0,N,7.0,Low,Low,Low,"April 16, 2019"
EMP3378,33.0,Male,Hr,Support Team Lead,2.0,30739.1,55.0,7.0,N,7.2,7.0,1.0,10.0,6,6.0,16.0,1.0,5.0,No,7.0,Low,Low,Low,"May 22, 2024"
EMP5713,29.0,Male,It,Devops Engineer,1.0,29351.39,42.0,4.0,No,7.2,10.0,1.0,8.0,8,7.0,40.0,1.0,4.0,Yes,8.0,Low,Low,Low,09-Mar-2023
EMP1185,31.0,Female,Sales,Sales Manager,2.5,51238.3,42.0,0.0,Yes,6.3,9.0,1.0,9.0,6,6.0,34.0,1.0,5.0,N,9.0,Low,Low,Low,2020/05/03
EMP5009,24.0,Female,Legal,Legal Advisor,5.1,33785.17,59.0,32.0,Yes,5.3,6.0,5.0,7.0,1,4.0,9.0,3.0,4.0,Yes,6.0,Medium,Moderate,Medium,2021-06-05
EMP5169,37.0,Female,Sales,Sales Manager,6.5,52371.98,54.0,11.0,N,6.3,8.0,1.0,10.0,6,8.0,1.0,3.0,5.0,No,8.0,Low,Low,,"October 20, 2015"
EMP1623,33.0,Other,Operations,Logistics Coordinator,2.0,32230.83,45.0,0.0,No,7.7,9.0,1.0,10.0,4,4.0,4.0,3.0,5.0,No,6.0,Low,Low,Low,19-Feb-2017
EMP2725,31.0,Male,Sales,Support Team Lead,1.1,40454.72,41.0,0.0,No,8.5,10.0,1.0,10.0,3,7.0,20.0,1.0,5.0,Y,3.0,Low,Low,Low,03-16-2025
EMP6052,37.0,Male,Hr,Seo Specialist,7.1,37935.46,50.0,22.0,No,6.2,8.0,2.0,8.0,7,6.0,3.0,3.0,5.0,Y,6.0,Low,Low,Low,-
EMP3102,20.0,Male,It,Software Engineer,0.5,22112.57,42.0,4.0,N,7.8,8.0,1.0,10.0,8,9.0,24.0,4.0,5.0,N,8.0,Low,Low,Low,"May 12, 2017"
EMP1643,29.0,,Operations,Operations Manager,3.4,35769.95,49.0,10.0,No,7.2,10.0,1.0,10.0,9,8.0,25.0,2.0,5.0,Y,7.0,Low,Low,Low,"April 04, 2024"
EMP4811,31.0,Female,Sales,Business Development Executive,1.4,27028.35,45.0,1.0,No,7.5,9.0,2.0,10.0,6,5.0,10.0,3.0,5.0,No,7.0,Low,Low,Low,2023/03/13
EMP3118,31.0,Female,Legal,Legal Advisor,13.0,47441.17,53.0,14.0,No,6.8,6.0,1.0,10.0,5,6.0,28.0,4.0,5.0,Yes,7.0,Low,Low,Low, 
EMP5575,20.0,Male,Operations,Operations Manager,2.5,42520.42,49.0,2.0,No,7.5,8.0,1.0,9.0,5,6.0,41.0,2.0,5.0,N,7.0,Low,Low,Low,-
EMP6424,33.0,M,Marketing,Marketing Executive,8.4,36070.88,54.0,11.0,No,5.9,8.0,1.0,9.0,2,6.0,1.0,3.0,5.0,N,8.0,Low,Low,Medium,2016-08-20
EMP6490,21.0,Female,Hr,Front Desk Executive,3.0,23044.5,45.0,26.0,No,7.2,7.0,1.0,10.0,8,7.0,44.0,4.0,5.0,No,8.0,Low,Low,Low,24-May-2019
EMP6861,27.0,-,Finance,Auditor,5.1,33308.06,45.0,9.0,N,7.7,8.0,1.0,9.0,4,8.0,7.0,2.0,5.0,N,7.0,Low,Low,Low,2023-10-28
EMP3951,24.0,Male,Fiannce,Financial Analyst,2.4,26355.5,43.0,8.0,No,5.9,9.0,1.0,9.0,6,5.0,38.0,3.0,5.0,No,6.0,Low,Low,Low,-
EMP5919,33.0,Female,Operations,Operations Executiev,1.8,25334.84,59.0,21.0,Yes,6.0,8.0,1.0,10.0,6,5.0,29.0,3.0,4.0,No,7.0,Low,Low,Low,04-May-2022
EMP3832,43.0,Male,Legal,Legal Advisor,1.1,30785.89,47.0,4.0,Yes,7.7,10.0,1.0,9.0,9,6.0,6.0,6.0,5.0,N,6.0,Low,Low,Low,-
EMP1627,33.0,Male,Operations,Operations Manager,4.4,49342.3,36.0,1.0,Yes,6.8,9.0,1.0,10.0,3,7.0,1.0,1.0,5.0,Yes,8.0,Low,Low,Low,06-29-2023
EMP3667,41.0,Male,Legal,Compliance Officer,4.7,28989.11,45.0,4.0,Y,7.6,9.0,1.0,9.0,5,6.0,10.0,3.0,5.0,No,7.0,Low,Low,Low,08-13-2023
EMP6310,20.0,,,Customer Success Manager,2.0,37015.21,50.0,1.0,Y,7.2,10.0,1.0,9.0,6,6.0,1.0,2.0,4.0,Yes,7.0,Low,Low,Low,"March 02, 2024"
EMP3007,42.0,Male,Finance,Finance Manager,2.0,33504.78,55.0,17.0,Y,6.1,8.0,2.0,7.0,8,6.0,8.0,4.0,5.0,Yes,7.0,Low,Low,Med,09-11-2015
EMP6307,41.0,Female,Admin,Admin Executive,-7.48958233335217,28450.09,43.0,4.0,Yes,7.4,9.0,1.0,10.0,6,9.0,5.0,3.0,5.0,No,7.0,Low,Low,Low,24/11/2024
EMP2904,26.0,Male,Legal,Legal Advisor,0.2,25094.35,52.0,11.0,Yes,9.0,7.0,1.0,10.0,6,6.0,30.0,4.0,5.0,Y,7.0,Low,Low,Low,-
EMP6087,23.0,Male,I.T.,System Admin,5.0,38804.64,46.0,8.0,No,7.4,8.0,1.0,8.0,3,7.0,31.0,3.0,5.0,N,9.0,Low,Low,Low,2023/07/21
EMP4274,25.0,Male,Customersupport,Customer Success Manager,1.6,31935.25,32.0,3.0,N,6.1,9.0,1.0,10.0,9,5.0,10.0,2.0,5.0,Y,6.0,Low,Low,Low,04/04/2025
EMP1607,35.0,Male,It,Devops Engineer,1.9,29585.62,42.0,0.0,No,7.2,10.0,1.0,10.0,6,5.0,17.0,3.0,5.0,Y,7.0,Low,Low,Low,2017-07-22
EMP4189,20.0,Female,Hr,Hr Executive,2.0,28630.76,45.0,9.0,Yes,7.2,9.0,1.0,9.0,5,6.0,16.0,1.0,5.0,Yes,7.0,Low,Low,Low,-
EMP2365,32.0,Male,Administration,Office Manager,2.5,34333.03,37.0,4.0,No,6.5,9.0,2.0,9.0,4,6.0,17.0,1.0,5.0,No,7.0,Low,Low,Low,17-Apr-2025
EMP4681,32.0,Male,It,It Support,4.1,32704.32,39.0,0.0,Yes,5.2,10.0,1.0,9.0,6,8.0,49.0,3.0,5.0,N,7.0,Low,Low,Low,23/06/2024
EMP4506,39.0,Male,Admin,Front Desk Executive,6.2,33433.78,45.0,0.0,N,6.5,10.0,1.0,10.0,10,6.0,14.0,4.0,5.0,No,8.0,Low,Low,Low,2020-05-17
EMP2035,31.0,Male,R&D,Research Analyst,5.2,38939.24,39.0,0.0,Yes,7.3,9.0,1.0,8.0,6,7.0,5.0,3.0,5.0,N,6.0,Low,Low,Low,"June 20, 2021"
 emp4729 ,25.0,Male,Admin,Front Desk Executive,3.0,31429.17,30.0,0.0,N,7.4,10.0,1.0,10.0,6,6.0,14.0,3.0,5.0,Yes,6.0,Low,Low,Low,24/07/2020
EMP4275,45.0,Female,Finance,Accountant,18.9,48427.18,44.0,1.0,Yes,8.1,9.0,1.0,10.0,6,6.0,2.0,5.0,5.0,No,8.0,Low,Low,Low,-
EMP3091,38.0,Male,-,Support Team Lead,3.2,29112.26,50.0,25.0,Yes,7.7,9.0,3.0,7.0,2,6.0,4.0,6.0,5.0,No,6.0,Medium,Low,Medium,"July 28, 2021"
EMP6073,33.0,Other,Admin,Admin Executvie,1.5,23850.23,45.0,5.0,Yes,6.6,9.0,1.0,9.0,5,7.0,12.0,6.0,5.0,N,6.0,Low,Low,Low,"August 11, 2015"
EMP5732,40.0,Female,Admin,Office Manager,9.9,50283.53,34.0,0.0,Yes,9.0,10.0,1.0,10.0,7,7.0,22.0,3.0,5.0,Yes,7.0,Low,Low,Low,"December 12, 2022"
EMP4091,33.0,Female,Admin,Front Desk Executive,2.8,32425.18,45.0,5.0,No,7.4,10.0,1.0,9.0,4,6.0,21.0,3.0,5.0,No,7.0,Low,Low,Low,02-21-2024
EMP3555,35.0,Male,It,Qa Engineer,4.0,39936.5,46.0,8.0,Yes,7.6,10.0,1.0,10.0,5,5.0,17.0,5.0,5.0,No,7.0,Low,Low,Low,2021/03/03
EMP1750,30.0,Female,Sales,Support Team Lead,4.6,46795.97,44.0,11.0,No,7.4,9.0,2.0,10.0,9,3.0,19.0,0.0,5.0,N,8.0,Low,Low,Low,2018/12/02
EMP1499,33.0,Female,It,Software Engineer,5.4,34691.02,30.0,0.0,N,7.2,9.0,1.0,9.0,7,7.0,5.0,5.0,5.0,No,7.0,Low,Low,Low,06-Apr-2024
EMP1942,33.0,Female,R&D,Support Team Lead,0.1,41793.36,53.0,22.0,No,7.0,9.0,2.0,10.0,5,7.0,0.0,3.0,5.0,No,6.0,Low,Low,Low,2023-08-18
EMP6692,34.0,Male,Admin,Office Manager,0.5,32079.4,42.0,6.0,No,-8.261326634479829,9.0,1.0,10.0,8,6.0,9.0,3.0,5.0,No,7.0,Low,Low,Low,2018/04/18
EMP2390,45.0,Female,Customer Support,Support Team Lead,2.1,42883.51,40.0,14.0,No,8.2,10.0,1.0,9.0,8,6.0,3.0,2.0,5.0,N,6.0,Low,Low,Low,2017-04-14
EMP4107,40.0,Male,Admin,Admin Executive,1.0,26356.88,38.0,9.0,Yes,5.4,10.0,1.0,9.0,6,5.0,29.0,5.0,5.0,Yes,8.0,Low,Low,Low,"May 31, 2021"
EMP3341,28.0,Female,Marketing,Seo Specialist,0.9,32425.18,42.0,10.0,N,6.9,8.0,2.0,8.0,3,6.0,10.0,3.0,5.0,Yes,9.0,Low,Low,Medium,29-Dec-2020
EMP1121,33.0,Male,Admin,Office Manager,10.9,32425.18,45.0,2.0,Yes,7.5,9.0,1.0,9.0,4,6.0,26.0,3.0,5.0,No,6.0,Low,Low,Low,23/03/2017
EMP2923,35.0,Male,R&D,Data Scientist,1.5,41377.02,40.0,0.0,No,6.9,10.0,1.0,8.0,3,4.0,16.0,2.0,3.0,No,10.0,Low,Low,Low,01/05/2017
EMP5827,23.0,Male,Customer Support,Customer Success Manager,5.0,37183.93,56.0,22.0,No,6.2,9.0,2.0,7.0,4,6.0,17.0,3.0,5.0,Yes,6.0,Low,Low,Low,24-Oct-2021
EMP6355,31.0,Male,Rnd,R&D Engineer,6.7,28975.43,42.0,3.0,Y,7.0,10.0,1.0,9.0,6,6.0,32.0,4.0,5.0,No,7.0,Low,Low,Low,2023/09/05
EMP1857,34.0,Female,Admin,Admin Executive,2.2,33076.58,31.0,0.0,Yes,8.5,10.0,1.0,9.0,10,6.0,38.0,5.0,5.0,No,6.0,Low,Low,Low,08-27-2017
EMP4031,36.0,Male,H.R.,Hr Executive,7.7,39695.08,55.0,10.0,No,7.9,7.0,1.0,8.0,5,4.0,0.0,4.0,5.0,No,7.0,Low,Low,Low,"May 12, 2026"
EMP2943,32.0,Male,Human Resources,Hr Generalist,4.6,35140.87,42.0,0.0,Yes,8.2,10.0,1.0,10.0,7,7.0,0.0,3.0,5.0,N,7.0,Low,Low,Low,2023-05-08
 emp3202 ,21.0,M,Customer Support,Support Executive,2.5,35428.49,34.0,0.0,Yes,7.2,10.0,1.0,8.0,10,8.0,6.0,4.0,5.0,N,7.0,Low,Low,Low,"October 16, 2020"
EMP2261,38.0,Male,Cust. Support,Support Team Lead,2.7,30391.17,45.0,27.0,N,8.0,8.0,2.0,8.0,7,7.0,39.0,2.0,4.0,N,5.0,Low,Low,Low,12-08-2024
EMP1034,29.0,Male,Finance,Auditor,5.8,39150.57,36.0,0.0,Yes,8.8,10.0,1.0,9.0,5,6.0,20.0,1.0,5.0,Y,8.0,Low,Low,Low,2025-05-17
EMP6270,38.0,Male,Admin,Front Desk Executive,1.5,26952.34,58.0,19.0,No,5.4,6.0,3.0,9.0,3,6.0,4.0,2.0,5.0,Yes,6.0,Low,Low,Medium,2023/02/20
EMP5692,20.0,Female,Rnd,Data Scientist,2.0,34217.32,45.0,0.0,No,7.4,10.0,1.0,9.0,6,7.0,2.0,2.0,5.0,No,5.0,Low,Low,Low,11-Dec-2015
EMP6330,40.0,Female,Hr,Hr Executive,1.6,27573.93,48.0,8.0,No,6.6,9.0,1.0,8.0,5,7.0,0.0,2.0,4.0,No,6.0,Low,Low,,-
EMP1946,37.0,Male,Information Technology,System Admin,2.5,23977.84,41.0,0.0,No,7.3,10.0,1.0,9.0,7,8.0,37.0,2.0,4.0,-,6.0,-,Low,Low,"April 08, 2021"
EMP1785,31.0,Female,Sales,Sales Maanger,5.3,39475.26,49.0,13.0,No,6.2,8.0,1.0,10.0,6,8.0,59.0,4.0,5.0,Yes,7.0,Low,Low,Low,-
EMP5176,26.0,Male,R&D,Data Scientist,0.5,32425.18,45.0,4.0,Yes,7.8,10.0,1.0,9.0,7,6.0,20.0,2.0,5.0,N,7.0,Low,Low,Low,31/07/2019
EMP5942,36.0,Male,Legal,,0.5,25524.24,45.0,3.0,No,7.2,9.0,1.0,9.0,5,6.0,19.0,3.0,5.0,No,8.0,Low,Low,Low,12-16-2019
EMP1061,26.0,Male,Finance,Auditor,2.5,25012.43,39.0,0.0,Yes,7.4,10.0,1.0,9.0,6,6.0,18.0,2.0,5.0,No,9.0,Low,Low,Low,2021-04-05
EMP4188,46.0,Male,Customer Support,Support Team Lead,0.3,40528.55,49.0,11.0,Yes,7.7,9.0,1.0,10.0,9,7.0,1.0,4.0,5.0,N,7.0,Low,Low,Low,-
EMP4449,36.0,Other,Finance,Auditor,2.7,25531.68,49.0,18.0,No,7.1,7.0,4.0,7.0,3,4.0,19.0,2.0,5.0,No,8.0,Low,Low,Medium,04-30-2015
EMP6595,20.0,Male,Finance,Accountant,2.5,24979.34,48.0,5.0,No,6.0,10.0,2.0,9.0,7,8.0,12.0,3.0,5.0,No,8.0,Low,Low,Low,17-May-2015
EMP3560,40.0,Male,Legal,Legal Advisor,2.3,19635.19,44.0,6.0,No,7.4,9.0,2.0,9.0,4,5.0,7.0,2.0,5.0,Y,7.0,Low,Low,Low,2020/01/12
EMP2845,45.0,F,Hr,Support Team Lead,4.2,45375.73,32.0,6.0,Yes,7.2,8.0,2.0,8.0,3,6.0,5.0,1.0,5.0,Y,8.0,Low,Low,Low,01/01/2019
EMP2216,33.0,Male,Marketing,Marketing Manager,7.5,47011.79,44.0,5.0,No,6.5,10.0,1.0,10.0,9,7.0,30.0,3.0,5.0,N,8.0,Low,Low,Low,"January 30, 2023"
EMP1851,37.0,Male,Legal,Compliance Officer,0.0,24480.33,42.0,6.0,N,6.8,10.0,1.0,8.0,8,7.0,7.0,5.0,5.0,N,9.0,Low,Low,Low,07-Sep-2023
EMP6360,34.0,Female,Finance,Financial Analyst,7.8,39378.63,41.0,2.0,No,6.5,8.0,3.0,7.0,5,6.0,2.0,3.0,5.0,Yes,8.0,Low,Low,Low,04-27-2018
EMP4697,35.0,Female,It,Qa Engineer,0.4,26574.14,56.0,15.0,No,7.2,6.0,3.0,9.0,4,6.0,14.0,5.0,5.0,No,7.0,Low,Low,Low,02-29-2016
EMP1139,37.0,Other,Admin,Support Team Lead,0.6,24617.84,51.0,12.0,No,6.6,9.0,1.0,10.0,10,6.0,30.0,4.0,5.0,Yes,9.0,Low,Low,Low,"April 23, 2015"
EMP1183,33.0,Female,Finance,Finance Manager,2.5,39412.75,36.0,0.0,No,7.2,10.0,1.0,8.0,9,7.0,1.0,2.0,5.0,No,8.0,Low,Low,Low,-
EMP6578,49.0,F,Customer Support,Support Team Lead,1.8,40229.8,45.0,20.0,N,7.1,6.0,1.0,9.0,6,6.0,1.0,5.0,5.0,Y,6.0,Low,Low,Low,23/12/2017
EMP2135,30.0,Male,Marketing,Marketing Executive,3.5,25780.72,41.0,11.0,No,7.4,8.0,1.0,8.0,4,7.0,18.0,5.0,5.0,No,8.0,Low,Low,Low,"February 25, 2023"
EMP6228,47.0,Female,Hr,Hr Maanger,4.4,42620.06,45.0,10.0,N,7.8,10.0,1.0,10.0,4,7.0,49.0,0.0,5.0,N,6.0,Low,Low,Low,05-09-2016
EMP5791,33.0,Male,Legal,Compliance Officer,1.2,26074.76,45.0,0.0,N,6.9,10.0,1.0,9.0,9,8.0,20.0,2.0,5.0,No,9.0,Low,Low,Low,2016-11-19
EMP3588,28.0,Male,Sales,Sales Manager,2.4,27579.67,50.0,6.0,N,6.7,10.0,3.0,8.0,6,6.0,10.0,3.0,4.0,No,8.0,Low,Low,Low,"June 05, 2024"
EMP1427,36.0,Female,Customer Support,Support Team Lead,0.1,34175.34,43.0,0.0,Yes,9.0,9.0,1.0,9.0,7,6.0,75.0,6.0,5.0,No,7.0,Low,Low,Low,-
EMP3839,26.0,M,Customer Support,Support Executive,2.8,29936.66,30.0,4.0,Yes,6.2,10.0,1.0,8.0,9,8.0,17.0,6.0,5.0,Yes,9.0,Low,Low,Low, 
EMP2535,20.0,Female,,Front Desk Executive,2.0,33999.1,35.0,0.0,No,7.4,10.0,1.0,10.0,5,6.0,4.0,1.0,5.0,Yes,7.0,Low,Low,Low,-
EMP5262,26.0,M,Admin,Office Manager,6.5,39044.4,49.0,6.0,No,7.2,10.0,1.0,7.0,3,6.0,10.0,3.0,5.0,No,8.0,Low,Low,Low,2021-06-19
EMP3498,45.0,Female,Admin,Front Desk Executive,2.5,23629.73,44.0,2.0,Yes,6.9,9.0,1.0,9.0,4,6.0,10.0,2.0,5.0,N,7.0,Low,Low,Low,"September 06, 2018"
 emp2575 ,33.0,F,Information Technology,Devops Engineer,0.4,30680.69,38.0,0.0,No,7.5,9.0,1.0,8.0,7,7.0,39.0,2.0,5.0,N,7.0,Low,Low,Low,"March 31, 2018"
EMP1714,21.0,Male,Admin,Front Desk Executive,2.4,34083.77,31.0,0.0,Yes,8.2,9.0,1.0,10.0,7,8.0,11.0,2.0,5.0,No,7.0,-,Low,Low,04-16-2026
EMP1632,33.0,Female,Rnd,R&D Engineer,2.4,24652.32,65.0,28.0,N,6.6,7.0,1.0,9.0,5,5.0,10.0,2.0,5.0,Yes,7.0,Low,Low,Low,2020/01/01
EMP5744,32.0,-,R&D,Data Scientist,0.5,42133.57,45.0,11.0,No,6.1,9.0,2.0,9.0,6,6.0,30.0,1.0,5.0,No,5.0,Low,Low,Low,2015/03/28
EMP4731,40.0,F,Hr,Data Scientist,5.0,40164.7,45.0,0.0,Y,7.7,9.0,1.0,9.0,7,4.0,35.0,4.0,5.0,No,7.0,Low,Low,Low,2024/09/23
EMP2922,33.0,Male,Sales,Sales Executive,2.0,30817.98,65.0,23.0,No,5.2,9.0,1.0,10.0,6,5.0,4.0,1.0,5.0,No,8.0,Low,Low,Low,-
EMP2293,39.0,Female,Finance,Accountant,2.1,33941.9,49.0,5.0,No,6.8,7.0,3.0,7.0,7,4.0,5.0,0.0,5.0,N,5.0,Low,Low,Low,2015-10-29
EMP2618,43.0,Male,Hr,It Support,6.8,33572.96,41.0,0.0,No,7.6,10.0,1.0,10.0,-,6.0,2.0,3.0,5.0,Yes,9.0,Low,Low,Low,05-16-2022
EMP1120,27.0,Female,Admin,Admin Executive,-10.73416868385253,37792.56,45.0,9.0,N,8.0,9.0,2.0,9.0,6,5.0,11.0,2.0,4.0,Yes,7.0,Low,Low,Low,12-05-2024
EMP3573,29.0,Female,Hr,Devops Engineer,4.1,33200.59,36.0,0.0,No,8.0,10.0,1.0,8.0,7,6.0,3.0,4.0,5.0,Yes,5.0,Low,Low,Low,2015/12/26
EMP6450,36.0,Male,R&D,R&D Engineer,1.3,25407.99,48.0,6.0,No,5.9,9.0,1.0,8.0,8,10.0,6.0,3.0,5.0,N,6.0,Low,Low,Low,2017/11/28
EMP1181,33.0,Male,Fiannce,Financial Analyst,6.7,35656.16,49.0,21.0,Y,7.5,9.0,1.0,9.0,10,8.0,16.0,4.0,5.0,Y,7.0,Low,Low,Low,2017/10/28
EMP5964,33.0,Female,R&D,R&D Engineer,3.0,28480.19,37.0,3.0,-,6.0,10.0,1.0,10.0,5,6.0,-13.0,2.0,5.0,Yes,8.0,Low,Low,Low,-
EMP6571,31.0,Female,Sales,Account Manager,0.7,32652.09,37.0,0.0,,7.2,10.0,1.0,9.0,5,6.0,12.0,2.0,5.0,No,8.0,Low,Low,Low,"April 12, 2020"
EMP2027,51.0,Male,Marketing,Content Strategist,2.2,29157.37,42.0,1.0,No,7.6,10.0,1.0,9.0,6,6.0,22.0,4.0,5.0,Yes,9.0,Low,Low,Low,"July 13, 2022"
EMP2556,38.0,Male,Customer Support,Support Team Lead,3.6,49742.35,40.0,0.0,Yes,7.2,9.0,1.0,8.0,7,4.0,14.0,5.0,5.0,No,7.0,Low,Low,Low,02-14-2026
EMP4115,33.0,Male,Legal,Complianceo Fficer,0.0,29335.27,63.0,36.0,Yes,6.3,7.0,3.0,9.0,6,6.0,6.0,1.0,4.0,N,7.0,Medium,Moderate,Low,04-Mar-2026
EMP4882,31.0,Female,R&D,Research Analyst,6.8,33867.46,38.0,0.0,No,6.5,10.0,1.0,8.0,7,6.0,78.0,4.0,5.0,No,7.0,Low,Low,Low,"January 14, 2026"
EMP6961,26.0,Male,Customer Support,Customer Success Manager,8.0,45616.79,50.0,9.0,No,9.0,9.0,1.0,9.0,6,7.0,9.0,2.0,5.0,Yes,5.0,Low,Low,Low,2016/12/28
EMP1990,40.0,Female,Finance,Finanical Analyst,0.7,32425.18,49.0,6.0,Yes,7.8,9.0,1.0,10.0,5,5.0,32.0,8.0,5.0,Yes,8.0,Low,Low,Low,-
EMP4678,32.0,Female,Sales,Business Development Executive,4.2,26358.69,50.0,11.0,No,8.9,9.0,1.0,10.0,6,5.0,10.0,4.0,5.0,Y,9.0,Low,Low,Low,04-20-2024
EMP5773,25.0,Male,It,Qa Engineer,1.2,32425.18,32.0,2.0,Yes,6.8,10.0,1.0,10.0,10,7.0,0.0,3.0,5.0,Yes,7.0,High!,Low,Low,15/03/2027
EMP4310,33.0,Female,Customer Support,Support Executive,2.5,40082.55,44.0,8.0,No,7.4,10.0,1.0,10.0,7,7.0,22.0,2.0,4.0,N,8.0,Low,Low,Low,25/12/2022
EMP3264,38.0,Female,Operations,,8.7,32425.18,39.0,1.0,Yes,7.5,10.0,1.0,7.0,7,7.0,9.0,3.0,5.0,Yes,6.0,Low,Low,Low,"February 10, 2018"
EMP3363,40.0,Male,Marketing,Marketing Manager,0.7,30814.64,53.0,17.0,No,6.1,8.0,1.0,10.0,7,7.0,1.0,2.0,5.0,N,8.0,Low,Low,Low,12-10-2015
EMP2999,36.0,Female,I.T.,Qa Engineer,5.8,34039.01,41.0,0.0,No,6.7,9.0,1.0,10.0,8,7.0,6.0,6.0,4.0,No,7.0,-,Low,Low,19-Jan-2020
EMP1455,22.0,Female,Customer Support,Support Executive,2.3,26421.23,45.0,0.0,No,7.5,10.0,1.0,10.0,4,6.0,15.0,3.0,4.0,No,8.0,Low,Low,Low,04/02/2026
EMP1293,33.0,Male,It,Software Engineer,0.4,29169.49,47.0,14.0,Yes,7.2,9.0,1.0,9.0,6,6.0,22.0,2.0,5.0,N,8.0,Low,Low,Low,01-Jun-2025
EMP6219,20.0,Female,Legal,Legal Counsel,2.0,22313.8,39.0,10.0,Yes,7.0,9.0,1.0,9.0,7,7.0,2.0,3.0,5.0,No,7.0,Low,Low,Low,01-17-2015
EMP4525,33.0,Male,Customer Support,Customer Success Manager,1.6,29310.93,42.0,9.0,No,6.7,10.0,1.0,10.0,8,7.0,87.0,3.0,5.0,Y,9.0,Low,Low,Low,"November 26, 2022"
EMP4404,33.0,Male,Customer Support,Support Executive,6.2,32661.14,31.0,0.0,Yes,6.8,9.0,1.0,8.0,5,7.0,67.0,3.0,5.0,Yes,8.0,Low,Low,Low,27/12/2017
EMP5397,23.0,Male,Admin,Office Manager,1.3,33016.63,45.0,5.0,No,8.0,9.0,1.0,6.0,8,6.0,29.0,3.0,4.0,N,6.0,Low,Low,Low,14-Jan-2017
EMP6630,26.0,Male,Sales,Business Development Executive,3.0,25073.29,38.0,13.0,No,5.6,10.0,1.0,10.0,7,9.0,46.0,4.0,5.0,N,7.0,Low,Low,Low,2023/02/13
EMP6746,50.0,Male,Hr,Hr Executive,2.1,27909.41,45.0,14.0,Yes,7.4,9.0,1.0,9.0,3,4.0,1.0,0.0,5.0,No,7.0,Low,Low,Low,11-Feb-2026
EMP4805,37.0,Male,R&D,Data Scientist,3.3,46169.19,34.0,4.0,Y,6.8,7.0,1.0,10.0,6,8.0,3.0,3.0,5.0,No,9.0,Low,Low,Low,09-Feb-2024
EMP6815,44.0,Male,Marketing,Marketing Executive,2.5,29898.19,45.0,2.0,No,7.3,7.0,1.0,8.0,3,7.0,11.0,3.0,5.0,No,8.0,Low,Low,Low,2020-09-05
EMP4543,35.0,Male,Operations,Operations Manager,10.2,51901.09,41.0,6.0,Yes,5.8,10.0,1.0,10.0,7,6.0,10.0,5.0,5.0,Yes,4.0,Low,Low,Low,2016-01-09
EMP6891,33.0,Female,Marketing,Content Strategist,13.5,41246.55,59.0,16.0,No,6.1,8.0,4.0,6.0,4,5.0,15.0,6.0,5.0,N,6.0,Low,Low,Medium,2023/07/23
EMP2962,33.0,Male,Sales,Business Development Executive,1.7,30756.0,48.0,2.0,No,8.1,8.0,1.0,7.0,8,9.0,1.0,2.0,5.0,N,7.0,Low,Low,Low,05/02/2018
EMP4508,22.0,Male,Finance,Financial Analyst,4.0,31387.75,45.0,8.0,No,6.7,9.0,1.0,9.0,6,8.0,3.0,3.0,5.0,No,8.0,Low,Low,Low,2016-02-10
EMP2113,24.0,-,Operations,Operations Manager,1.3,40917.14,53.0,25.0,No,-12.04449936415704,9.0,3.0,9.0,9,6.0,5.0,0.0,5.0,N,7.0,Low,Low,Low,2022/08/27
EMP3448,41.0,,Customersupport,Support Team Lead,5.1,44571.49,30.0,0.0,No,7.2,10.0,1.0,10.0,7,7.0,16.0,4.0,5.0,Yes,6.0,Low,Low,Low,20-Jan-2022
EMP1150,27.0,Female,R&D,Research Analyst,2.4,32678.04,54.0,22.0,N,6.3,7.0,1.0,8.0,7,5.0,7.0,4.0,5.0,No,6.0,Low,Low,Low,26-Mar-2018
EMP5541,29.0,Female,Customersupport,Support Team Lead,6.4,51882.3,46.0,5.0,No,5.8,9.0,1.0,9.0,7,7.0,42.0,1.0,5.0,N,9.0,Low,Low,Low,04-08-2026
EMP2131,33.0,Male,Information Technology,System Admin,1.1,24436.34,44.0,6.0,Yes,7.6,10.0,2.0,7.0,6,6.0,10.0,3.0,5.0,Yes,7.0,Low,Low,Low,2021/12/18
EMP5689,42.0,Male,Operations,Operations Manager,2.4,44257.98,30.0,0.0,N,7.8,10.0,1.0,10.0,4,6.0,0.0,7.0,4.0,No,7.0,Low,Low,Low,2015/02/22
EMP4318,41.0,Female,Operations,Operations Executive,9.4,43265.3,63.0,28.0,No,5.9,7.0,1.0,10.0,8,6.0,2.0,3.0,5.0,Yes,6.0,Low,Low,Low,2018/03/07
EMP1298,33.0,Female,Administration,Front Desk Executive,4.6,41049.8,32.0,1.0,Yes,6.6,10.0,1.0,9.0,4,6.0,7.0,0.0,5.0,No,6.0,Low,Low,Low,"March 05, 2026"
EMP2937,35.0,Female,Hr,Recruiter,1.3,29224.79,45.0,4.0,Yes,8.6,8.0,1.0,9.0,8,6.0,8.0,3.0,5.0,N,7.0,Low,Low,Low,2017/01/27
EMP4206,33.0,-,Hr,Operations Executive,2.0,32255.2,57.0,5.0,No,6.1,8.0,1.0,9.0,5,7.0,5.0,5.0,5.0,N,7.0,Low,Low,Low,30-Jul-2018
EMP3052,34.0,Male,Customer Support,Support Executive,0.7,29724.13,58.0,23.0,No,5.0,9.0,3.0,7.0,7,5.0,12.0,3.0,5.0,Y,10.0,Low,Low,Low,02-20-2018
EMP3238,33.0,Female,Hr,Hr Generalist,3.0,27880.1,51.0,5.0,Y,6.9,9.0,2.0,10.0,6,6.0,11.0,3.0,5.0,-,8.0,Low,Low,Low,2015/10/17
EMP6389,30.0,Male,Marketing,Marketing Executive,4.2,32425.18,55.0,22.0,Yes,6.0,9.0,1.0,10.0,5,6.0,12.0,5.0,5.0,No,7.0,Low,Low,Low,2019-12-07
EMP5470,27.0,Female,Legal,Support Team Lead,0.3,23974.58,48.0,4.0,No,7.0,9.0,3.0,8.0,6,5.0,20.0,1.0,4.0,N,6.0,-, ,Low,12-02-2025
EMP1168,36.0,Male,Legal,Compliance Officer,2.0,36306.85,38.0,4.0,No,7.5,8.0,2.0,8.0,6,7.0,50.0,1.0,5.0,No,6.0,Low,Low,Low,2018/09/09
EMP6410,31.0,Female,Finance,Financial Analyst,13.0,43523.03,58.0,23.0,No,8.2,7.0,2.0,10.0,6,8.0,41.0,2.0,5.0,No,9.0,Low,Low,Low, 
EMP1793,29.0,,Marketing,Content Strategist,0.5,27667.88,45.0,3.0,No,7.6,10.0,1.0,10.0,10,8.0,10.0,2.0,5.0,Y,6.0,Low,Low,Low,20-Nov-2019
EMP1396,21.0,Female,R&D,R&D Engineer,3.0,29159.62,37.0,3.0,No,7.4,10.0,1.0,9.0,6,5.0,23.0,4.0,5.0,No,7.0,Low,Low,Low,2023-06-03
EMP1221,26.0,Male,Administration,Office Manager,1.9,38064.5,40.0,0.0,No,7.5,10.0,1.0,9.0,6,7.0,6.0,3.0,5.0,No,7.0,Low,Low,Low,"April 01, 2022"
EMP3212,35.0,Female,It,System Admin,4.7,32425.18,47.0,12.0,No,6.5,9.0,1.0,10.0,5,6.0,1.0,6.0,5.0,Y,5.0,Low,Low,Low,15-Mar-2018
EMP3224,32.0,Female,Operations,Logistics Coordinatro,2.5,32425.18,37.0,0.0,No,20.0,9.0,2.0,9.0,3,5.0,63.0,3.0,5.0,No,8.0,Low,Low,Low,08/06/2018
EMP5413,38.0,F,-,Compliance Officer,1.7,24797.55,56.0,22.0,No,7.2,6.0,3.0,8.0,6,6.0,53.0,7.0,4.0,Yes,6.0,Low,Low,-,"June 17, 2021"
EMP6558,38.0,Male,Fiannce,Auditor,7.6,40795.77,34.0,4.0,No,6.9,9.0,1.0,9.0,10,7.0,19.0,2.0,5.0,No,7.0,Low,Low,Low,2016/03/12
EMP1244,29.0,Female,Sale,Business Development Executive,2.5,26446.97,46.0,9.0,N,7.1,10.0,2.0,9.0,5,6.0,10.0,3.0,5.0,N,8.0,Low,Low,Low,04-20-2017
EMP6065,36.0,Female,Hr,Hr Executive,2.5,30985.24,34.0,0.0,Y,7.2,10.0,1.0,10.0,3,5.0,1.0,2.0,4.0,Yes,7.0,Low,Low,Low,2019-02-09
EMP6081,32.0,Male,R&D,R&D Engineer,1.3,29193.18,39.0,4.0,No,6.6,10.0,2.0,8.0,4,6.0,10.0,2.0,5.0,N,7.0,Low,Low,Low,2017-05-11
EMP1356,20.0,Female,Finance,Auditor,2.5,29521.92,48.0,20.0,Yes,7.8,9.0,1.0,10.0,10,8.0,23.0,3.0,5.0,Yes,7.0,Low,Low,,2017-07-13
EMP4038,38.0,Other,Legal,Support Team Lead,0.9,31579.54,40.0,0.0,No,6.8,10.0,1.0,9.0,6,6.0,10.0,2.0,5.0,Yes,7.0,Low,Low,Low,20-Nov-2019
EMP2441,33.0,Female,Admin,Front Desk Executive,3.3,32633.12,45.0,18.0,,6.0,7.0,1.0,10.0,6,6.0,1.0,0.0,5.0,Yes,7.0,Low,Low,Low,14-Dec-2016
EMP1511,32.0,F,Marketing,Marketing Executive,6.5,32867.71,43.0,0.0,Yes,7.5,10.0,1.0,10.0,6,6.0,32.0,2.0,4.0,Yes,6.0,Low,Low,Low,2024/12/11
EMP5083,42.0,Female,Customer Support,Customer Success Manager,7.5,51099.24,56.0,12.0,N,5.4,9.0,1.0,10.0,6,7.0,12.0,2.0,5.0,Yes,7.0,Low,Low,Low,2022/06/12
EMP4798,33.0,Other,Admin,Admin Executive,6.0,37423.9,35.0,0.0,Y,6.8,8.0,1.0,10.0,6,8.0,10.0,3.0,5.0,Yes,7.0,Low,Low,Low,25-Apr-2021
EMP4172,33.0,-,R&D,Research Analyst,8.9,40555.8,45.0,13.0,Yes,6.9,10.0,1.0,10.0,7,6.0,1.0,2.0,5.0,No,7.0,Low,Low,Low,02-09-2021
EMP1629,29.0,Male,R&D,R&D Engiener,1.1,32425.18,45.0,1.0,Y,7.9,10.0,1.0,9.0,9,8.0,16.0,3.0,5.0,No,7.0,Low,Low,-,2015/05/26
EMP3660,33.0,Female,R&D,Research Analyst,6.2,30335.45,39.0,7.0,Yes,7.8,10.0,1.0,10.0,10,7.0,9.0,0.0,4.0,Yes,6.0,Low,Low,Low,2018/01/23
EMP2273,34.0,Male,Admin,Front Desk Executive,8.1,34538.03,50.0,16.0,Yes,7.3,10.0,1.0,9.0,7,6.0,10.0,4.0,5.0,N,9.0,Low,Low,Low,04-25-2026
EMP3147,37.0,Female,Hr,Hr Generalist,8.3,33583.38,42.0,2.0,No,6.9,9.0,1.0,8.0,3,5.0,8.0,1.0,5.0,Yes,7.0,Low,Low,Low,2020/02/08
EMP1535,36.0,Male,It,System Admin,2.5,40642.77,46.0,8.0,Yes,7.4,10.0,1.0,10.0,7,5.0,19.0,3.0,5.0,Yes,6.0,Low,Low,Low,12-27-2016
EMP1650,27.0,Male,Hr,Recruiter,2.5,36806.6,45.0,5.0,No,6.3,7.0,1.0,10.0,5,6.0,1.0,2.0,5.0,Y,7.0,Low,Low,Low,-
 emp6463 ,43.0,-,Hr,Auditor,2.0,32425.18,42.0,9.0,Y,7.6,7.0,1.0,9.0,9,7.0,79.0,0.0,5.0,Y,7.0,Low,Low,Low,04-16-2018
EMP5239,33.0,Female,Customer Support,Support Team Lead,0.4,40170.46,52.0,5.0,No,8.0,7.0,2.0,9.0,7,6.0,3.0,9.0,5.0,Yes,7.0,Low,Low,Low,09-Feb-2026
EMP6677,36.0,Male,I.T.,System Admin,1.0,28466.86,47.0,3.0,Yes,7.3,9.0,1.0,10.0,10,7.0,2.0,3.0,5.0,Y,8.0,Low, ,Low,2021-07-12
EMP2392,33.0,Other,Customer Support,Customer Success Manager,2.3,32679.14,44.0,5.0,N,7.6,10.0,1.0,10.0,10,8.0,24.0,1.0,5.0,N,8.0,Low,Low,Low,24/12/2017
EMP3051,41.0,Male,Operations,Operations Manager,2.5,48614.93,30.0,1.0,No,7.5,10.0,1.0,10.0,7,7.0,10.0,1.0,5.0,No,5.0,Low,Low,Low,2024-05-10
EMP2421,29.0,Female,It,Software Engineer,0.5,24643.52,55.0,20.0,N,5.6,7.0,3.0,7.0,6,5.0,2.0,4.0,5.0,N,6.0,Low,Low,Low,2022/09/22
EMP2130,37.0,Female,Marketing,Seo Specialist,9.5,40020.64,36.0,0.0,No,6.1,10.0,2.0,9.0,5,6.0,21.0,4.0,5.0,N,7.0,Low,Low,Low,-
EMP6559,24.0,Other,It,System Admin,6.0,34795.87,50.0,17.0,No,6.6,8.0,1.0,9.0,6,7.0,10.0,2.0,5.0,No,9.0,Low,Low,Low,"September 30, 2021"
EMP3776,25.0,M,R&D,Research Analyst,2.5,37397.63,34.0,2.0,Yes,7.7,10.0,1.0,10.0,6,7.0,4.0,2.0,4.0,No,6.0,Low,Low,Low,27-Sep-2022
EMP3916,20.0,-,Operations,Operations Executive,2.0,23816.1,42.0,0.0,No,6.6,10.0,1.0,10.0,5,5.0,47.0,3.0,5.0,Yes,8.0,Low,Low,-,-
EMP2237,44.0,Male,Marketing,Content Strategist,0.7,15000.0,52.0,12.0,No,6.8,9.0,2.0,9.0,3,6.0,6.0,3.0,5.0,N,7.0,Low,Low,Low,08/08/2019
EMP6084,33.0,Male,Hr,Logistics Coordinator,7.9,40087.55,50.0,19.0,No,7.2,9.0,2.0,8.0,8,6.0,-4.0,2.0,5.0,Yes,7.0,Low,Low,Low,"June 15, 2026"
EMP1058,28.0,Female,Customer Support,Customer Success Manager,0.1,29207.01,48.0,5.0,No,6.9,8.0,2.0,7.0,4,5.0,6.0,3.0,5.0,No,7.0,Low,Low,Low,12-25-2020
EMP2501,34.0,Female,Information Technology,System Admin,2.9,39233.86,43.0,4.0,No,6.9,8.0,1.0,7.0,6,7.0,0.0,3.0,5.0,Yes,6.0,Low,Low,Low,2016/04/15
EMP2290,25.0,Female,Operations,Operations Manager,2.4,41256.65,47.0,9.0,Yes,5.2,9.0,2.0,9.0,-,6.0,0.0,4.0,4.0,No,7.0,Low,Low,Low,-
EMP2806,34.0,Female,Legal,Compliance Officer,14.3,47190.75,47.0,2.0,No,7.4,9.0,1.0,9.0,5,5.0,2.0,2.0,5.0,No,9.0,,Low,Low,10-31-2020
EMP2601,46.0,Female,Legal,Support Team Lead,3.9,38562.0,39.0,7.0,No,8.3,9.0,1.0,6.0,3,6.0,21.0,6.0,5.0,No,7.0,Low,Low,Low,"July 14, 2015"
EMP6146,35.0,Female,Finance,Financial Analyst,5.4,35340.84,37.0,0.0,N,7.6,10.0,1.0,6.0,8,6.0,1.0,3.0,5.0,Yes,9.0,Low,Low,Low,2021/07/03
EMP3630,31.0,Female,Marketing,Seo Specialist,4.8,28959.35,30.0,0.0,No,9.0,9.0,1.0,10.0,10,6.0,11.0,3.0,5.0,Yes,7.0,Low,Low,Low,2016-05-19
EMP4175,30.0,-,Finance,Financial Analyst,10.1,36469.82,52.0,18.0,No,6.2,9.0,3.0,8.0,3,6.0,0.0,3.0,5.0,N,6.0,Low,Low,Medium,2015/03/07
EMP4596,40.0,Male,Customer Support,Customer Success Manager,0.3,32445.11,41.0,0.0,No,8.0,10.0,1.0,10.0,7,7.0,16.0,4.0,5.0,N,8.0,Low,Low,Low,2021/05/22
EMP3239,35.0,Female,It,Software Engineer,4.3,33524.77,45.0,3.0,Y,6.6,9.0,2.0,6.0,5,8.0,5.0,1.0,5.0,N,8.0,Low,Low,Low,"March 08, 2016"
EMP2084,37.0,Female,Admin,Admin Executive,3.1,27069.46,45.0,0.0,No,7.3,10.0,1.0,10.0,8,6.0,7.0,3.0,4.0,Yes,7.0,Low,Low,-,-
EMP5986,33.0,Female,Human Resources,Hr Executive,2.8,26652.04,45.0,3.0,Yes,7.2,10.0,1.0,9.0,7,8.0,9.0,4.0,4.0,Y,7.0,Low,-,Low,08-22-2020
EMP2516,26.0,Female,Sale,Account Manager,2.6,32425.18,34.0,0.0,No,7.3,8.0,1.0,8.0,5,8.0,0.0,0.0,5.0,No,6.0,Low,Low,Low,-
EMP6761,36.0,Female,Sales,Support Team Lead,5.3,45837.58,40.0,0.0,No,6.5,10.0,2.0,9.0,9,6.0,7.0,3.0,5.0,No,7.0,Low,Low,-,"October 20, 2022"
EMP2474,28.0,Male,Hr,Business Development Executive,7.8,43938.02,42.0,0.0,No,9.0,10.0,1.0,8.0,7,6.0,8.0,3.0,5.0,N,6.0,Low,Low,Low,2025-12-16
EMP6176,29.0,Female,Hr,-,6.9,36091.29,32.0,2.0,Yes,7.8,9.0,1.0,9.0,3,6.0,0.0,4.0,4.0,N,8.0,Low, ,Low,04-27-2019
EMP4670,33.0,Male,Legal,Compliance Officer,2.5,27127.38,53.0,16.0,Yes,7.9,7.0,2.0,9.0,7,6.0,5.0,2.0,5.0,No,7.0,Low,Low,Low,2023/08/21
EMP4582,31.0,Male,Admin,Admin Executive,2.5,29650.41,45.0,13.0,No,6.5,9.0,2.0,8.0,5,6.0,9.0,5.0,5.0,Yes,6.0,Low,Low,Low,12/05/2025
EMP5727,33.0,Female,Admin,Office Manager,0.3,34855.94,32.0,6.0,No,8.2,9.0,1.0,10.0,9,8.0,0.0,3.0,5.0,Yes,7.0,Low,Low,Low,06-11-2023
EMP2328,36.0,Male,Sale,Sales Manager,4.7,36569.88,47.0,5.0,No,7.7,8.0,1.0,10.0,6,6.0,2.0,3.0,5.0,No,8.0,Low,Low,Low,-
EMP6836,49.0,Female,Operations,Logistics Coordinator,1.4,36621.36,45.0,5.0,Yes,8.2,10.0,1.0,10.0,5,6.0,29.0,2.0,5.0,No,6.0,Low,Low,Low,02-21-2020
EMP5386,30.0,Male,Marketting,Marketing Executive,2.0,21441.84,30.0,0.0,No,7.4,10.0,1.0,10.0,5,6.0,58.0,3.0,4.0,N,6.0,Low,Low,Low,2018-12-11
EMP4128,36.0,Female,R&D,Research Analyst,0.9,27273.98,45.0,2.0,Yes,6.9,9.0,1.0,7.0,6,7.0,25.0,0.0,5.0,No,7.0,Low,Low,Low,25/11/2022
EMP4538,36.0,Male,Sales,Sales Executive,2.5,28432.94,48.0,0.0,No,7.6,9.0,1.0,10.0,3,6.0,6.0,3.0,5.0,Yes,9.0,Low,Low,Low,09/03/2026
EMP2010,33.0,Female,Ops,Operations Executive,3.4,27021.2,45.0,5.0,No,7.5,9.0,1.0,9.0,6,6.0,2.0,2.0,5.0,Y,8.0,Low,Low,Low,03-14-2017
EMP3270,30.0,Male,Legal,Legal Counsel,12.0,49879.02,32.0,2.0,No,7.3,10.0,1.0,10.0,3,4.0,-9.0,4.0,5.0,No,8.0,Low,Low,Low,2016/09/12
EMP3369,26.0,Male,R&D,Research Analyst,1.5,25403.48,65.0,34.0,No,6.6,8.0,1.0,8.0,8,7.0,3.0,3.0,5.0,Yes,7.0,Low,Low,Low,2017-11-17
EMP3242,50.0,Male,Hr,Recruitre,0.8,26019.99,41.0,0.0,Y,6.6,9.0,1.0,6.0,3,5.0,4.0,2.0,5.0,N,10.0,Low,Low,Low,02/08/2018
EMP1886,41.0,Female,Admin,Office Manager,1.9,35813.46,47.0,9.0,No,8.0,10.0,1.0,10.0,9,8.0,41.0,1.0,5.0,Yes,7.0,Low,Low,Low,2021-09-17
EMP2439,33.0,Female,Information Technology,Qa Engineer,2.9,30663.2,38.0,3.0,N,7.3,8.0,1.0,10.0,8,9.0,2.0,7.0,5.0,No,7.0,Low,Low,Low,05-Sep-2025
EMP1210,48.0,Male,Marketing,Content Strategist,1.8,18363.29,45.0,18.0,No,7.6,8.0,1.0,8.0,7,6.0,25.0,1.0,5.0,No,7.0,Low,Low,Low,2021-06-29
EMP6758,42.0,Male,It,Devops Engineer,7.4,37271.38,43.0,16.0,Yes,6.8,7.0,1.0,9.0,8,7.0,32.0,3.0,5.0,Yes,7.0,Low,Low,Low,-
EMP2669,41.0,Female,Rnd,R&D Engineer,2.5,25364.52,40.0,1.0,No,6.2,10.0,1.0,9.0,10,8.0,7.0,5.0,5.0,N,8.0,Low,Low,-,-
EMP6955,26.0,Female,Admin,Admin Executive,8.0,34613.38,46.0,0.0,N,7.5,9.0,1.0,9.0,6,6.0,3.0,1.0,5.0,No,7.0,Low,Low,Low,-
EMP2615,38.0,Female,Legal,Legal Advisor,6.7,35350.82,32.0,0.0,Y,7.5,10.0,1.0,9.0,6,5.0,16.0,3.0,5.0,Yes,7.0,Low,Low,Low,"June 06, 2023"
EMP1234,33.0,Female,Legal,Legal Advisor,3.7,20393.17,51.0,5.0,No,6.8,10.0,1.0,9.0,6,7.0,8.0,2.0,5.0,N,8.0,Low,Low,Low,"February 12, 2023"
EMP1546,33.0,Male,Operations,Operations Executive,3.0,32425.18,43.0,4.0,No,7.2,8.0,2.0,10.0,5,7.0,8.0,3.0,5.0,Y,8.0,High!,Low,Low,2025/10/09
EMP3908,32.0,Female,Marketing,Seo Specialist,2.9,31577.37,31.0,0.0,Yes,8.1,10.0,1.0,10.0,3,5.0,3.0,3.0,5.0,Yes,7.0,Low,Low,Low,06-10-2023
EMP4687,35.0,Female,Fiannce,Auditor,13.1,51570.18,55.0,18.0,Yes,6.2,7.0,1.0,10.0,3,5.0,17.0,6.0,5.0,No,6.0,Low,Low,Low,2015/02/19
EMP5144,33.0,M,Hr,Recruiter,9.4,41010.93,42.0,5.0,Y,7.3,8.0,1.0,9.0,8,9.0,13.0,3.0,5.0,No,8.0,Low,Low,Low,11-27-2017
EMP5748,27.0,Male,Operations,Operations Manager,4.3,42856.35,50.0,15.0,Y,7.0,9.0,3.0,10.0,5,4.0,10.0,4.0,5.0,,5.0,Low,Low,Low,2021/05/16
EMP1126,20.0,Male,Legal,Legal Advisor,2.0,29477.43,41.0,10.0,No,7.2,10.0,2.0,9.0,7,6.0,36.0,4.0,5.0,No,7.0,Low,Low,Low,2018/03/11
EMP6645,30.0,-,Admin,Front Desk Executive,2.6,22268.33,39.0,5.0,Y,7.8,9.0,1.0,10.0,10,6.0,0.0,5.0,5.0,No,8.0,Low,Low,Low,04/01/2026
EMP5865,25.0,Female,It,Qa Engineer,2.6,31218.12,33.0,8.0,N,7.0,8.0,1.0,9.0,3,5.0,5.0,1.0,5.0,N,7.0,Low,Low,Low,31/05/2020
EMP2633,38.0,Male,Legal,Legal Advisor,0.6,31407.24,45.0,15.0,No,6.8,9.0,1.0,10.0,6,6.0,10.0,5.0,5.0,Yes,7.0,Low,Low,Low,2019/09/15
EMP2511,28.0,Male,Operations,Operations Executive,0.8,29136.36,47.0,9.0,Yes,8.3,10.0,1.0,10.0,6,6.0,19.0,3.0,5.0,No,5.0,Low,Low,Low,03-06-2019
EMP4241,37.0,Male,Hr,Hr Generalist,3.9,32122.96,51.0,7.0,No,7.2,9.0,3.0,8.0,10,6.0,21.0,3.0,5.0,No,8.0,Low,Low,Low,"August 03, 2018"
EMP5586,35.0,Male,R&D,R&D Engineer,1.1,20446.64,44.0,0.0,Yes,8.7,9.0,1.0,8.0,3,3.0,63.0,4.0,4.0,N,6.0,Low,Low,Low,"May 23, 2023"
EMP6156,36.0,Male,Finance,Finance Manager,7.6,45299.68,33.0,0.0,No,7.1,10.0,1.0,10.0,4,7.0,2.0,0.0,5.0,Yes,9.0,Low,Low,Low,"April 02, 2023"
EMP2331,25.0,Female,Admin,Office Manager,5.4,38238.92,37.0,2.0,No,-10.4822105898309,9.0,1.0,9.0,6,6.0,8.0,1.0,5.0,Yes,8.0,Low,Low,Low,29/03/2018
EMP1867,35.0,Female,Customersupport,-,9.5,50438.18,54.0,9.0,No,7.4,8.0,3.0,7.0,4,4.0,11.0,3.0,5.0,No,7.0,Low,Low,Low,-
EMP3808,25.0,Male,Hr,Support Team Lead,3.6,40838.51,45.0,2.0,Yes,7.5,8.0,1.0,9.0,4,6.0,10.0,3.0,5.0,No,8.0,Low,Low,Low,2017/01/01
EMP1788,27.0,Male,Hr,Hr Executive,1.3,32595.62,44.0,5.0,Yes,6.8,10.0,1.0,10.0,5,6.0,1.0,5.0,5.0,Yes,7.0,Low,Low,Low,-
EMP1466,32.0,Female,Hr,Hr Executive,0.9,34384.77,56.0,23.0,No,6.7,8.0,1.0,8.0,4,6.0,16.0,1.0,5.0,N,7.0,Low,Low,Low,06/09/2018
EMP3003,48.0,Male,Sales,-,1.3,33618.64,49.0,12.0,Yes,6.8,7.0,1.0,10.0,10,6.0,10.0,4.0,5.0,N,8.0,Low,Low,Low,"October 21, 2016"
EMP2754,33.0,Male,Customersupport,Support Executive,2.9,33876.87,41.0,0.0,Yes,7.2,9.0,1.0,8.0,6,7.0,1.0,5.0,5.0,No,7.0,Low,Low,Low,"September 26, 2023"
EMP3503,33.0,M,Hr,Recruiter,2.1,32425.18,51.0,15.0,N,7.2,7.0,3.0,7.0,5,6.0,36.0,3.0,4.0,No,7.0,Low,Low,Low,04-29-2026
EMP2852,33.0,Female,Legal,Legal Advisor,0.5,29451.27,38.0,0.0,No,8.6,10.0,1.0,10.0,7,5.0,7.0,4.0,5.0,Yes,7.0,Low,Low,Low,2017/06/16
EMP1989,38.0,Male,Finance,Auditor,-1.855345796507562,31853.45,42.0,0.0,No,8.9,9.0,1.0,10.0,8,6.0,0.0,2.0,3.0,No,5.0,Low,Low,Low,2026-12-31
EMP2209,37.0,Male,Customer Support,-,2.7,33340.25,40.0,5.0,Yes,8.4,10.0,2.0,9.0,6,6.0,30.0,3.0,5.0,Y,6.0,Low,Low,Low,2024-09-07
EMP2939,30.0,Female,Hr,Hr Executive,12.0,37190.84,62.0,26.0,N,7.8,6.0,3.0,7.0,6,6.0,10.0,6.0,5.0,No,7.0,Low,Low,Low,"June 29, 2018"
EMP2459,33.0,Female,Marketing,Content Strategist,3.7,30268.5,51.0,5.0,No,6.1,8.0,2.0,9.0,5,8.0,3.0,2.0,5.0,No,7.0,Low,Low,Low,-
EMP6209,33.0,Female,Sale,Sales Executive,1.7,32602.85,50.0,14.0,,6.9,9.0,2.0,10.0,5,7.0,11.0,1.0,5.0,Yes,6.0,Low,Low,Low,27-Apr-2017
EMP1710,35.0,Female,Hr,Hr Manager,8.4,49485.34,52.0,19.0,No,7.4,8.0,1.0,10.0,6,7.0,21.0,4.0,5.0,No,7.0,Low,Low,Low,2019/01/29
EMP1270,26.0,Male,Cust. Support,Support Team Lead,0.9,32425.18,41.0,0.0,No,7.2,8.0,1.0,10.0,7,6.0,3.0,4.0,5.0,N,8.0,Low,Low,Low,2018/08/03
EMP3190,28.0,Female,Admin,Front Desk Executive,1.7,30491.6,45.0,15.0,-,7.6,8.0,2.0,9.0,6,5.0,1.0,6.0,3.0,N,7.0,Low,Low,Low,-
EMP5300,40.0,Female,Marketing,Seo Specialist,1.6,27590.76,57.0,5.0,Yes,7.8,8.0,1.0,9.0,10,7.0,10.0,3.0,5.0,Yes,8.0,Low,Low,Low,2018/03/16
EMP5229,34.0,Male,Marketing,Content Strategist,16.0,49150.74,38.0,0.0,No,6.5,10.0,1.0,9.0,6,6.0,6.0,4.0,5.0,No,7.0,Low,Low,Low,2016/12/26
EMP1197,33.0,F,Legal,Legal Advisor,11.0,46889.29,59.0,5.0,N,6.3,10.0,1.0,7.0,5,8.0,2.0,4.0,4.0,No,8.0,-,Low,Low,24-May-2022
EMP3010,22.0,Female,Hr,Hr Manager,4.0,41974.08,51.0,15.0,No,7.2,8.0,20.0,8.0,5,7.0,52.0,5.0,5.0,No,5.0,Low,Low,Low,-
EMP6048,39.0,Female,Admin,,0.1,21098.65,45.0,5.0,No,8.2,7.0,3.0,5.0,5,5.0,8.0,4.0,5.0,-,6.0,Low,Low,Low,03-03-2021
EMP6496,32.0,Male,Legal,Legal Advisor,1.8,25549.35,50.0,16.0,No,7.9,7.0,2.0,6.0,4,5.0,9.0,8.0,5.0,No,7.0,Low,Low,Low,16-Aug-2023
EMP4359,24.0,Female,Marketing,Content Strategist,0.8,23844.56,41.0,1.0,No,8.1,10.0,1.0,10.0,9,6.0,10.0,2.0,5.0,N,7.0,Low,Low,Low,18-Feb-2025
EMP6702,21.0,Female,R&D,R&D Engineer,2.8,28849.88,46.0,12.0,Y,6.9,9.0,3.0,10.0,7,6.0,10.0,6.0,5.0,No,8.0,Low,Low,Low,06-10-2019
EMP2806,34.0,F,Legal,-,14.3,47190.75,47.0,2.0,No,7.4,10.0,1.0,9.0,5,5.0,2.0,2.0,5.0,N,9.0,Low,Low,Low,31-Oct-2020
EMP6017,55.0,Male,Legal,Legal Counsel,7.3,37384.43,30.0,0.0,Yes,6.9,9.0,1.0,8.0,6,6.0,8.0,6.0,5.0,No,6.0,Low,Low,Low,2021/02/11
EMP1593,29.0,Male,Sales,Sales Executive,11.0,43227.04,45.0,0.0,No,8.7,10.0,1.0,10.0,4,5.0,8.0,0.0,5.0,Yes,7.0,Low,Low,Low,2018-10-13
EMP3816,26.0,Male,Sales,Sales Manager,2.5,34397.11,46.0,8.0,N,7.2,9.0,1.0,9.0,9,7.0,10.0,4.0,4.0,Yes,8.0,Low,Low,Low,2022-11-06
EMP2604,36.0,Female,Hr,Hr Manager,0.1,29705.08,70.0,32.0,No,6.5,6.0,1.0,10.0,6,5.0,10.0,4.0,3.0,No,6.0,Low,Low,Low,2022/08/28
EMP2341,38.0,F,Hr,Hr Executive,2.9,33291.74,61.0,24.0,Yes,6.6,6.0,1.0,9.0,5,6.0,3.0,3.0,5.0,No,7.0,Low,Low,Low,2020-02-29
EMP6198,33.0,M,Information Technology,Software Engineer,1.9,25476.29,41.0,2.0,Yes,7.7,9.0,1.0,10.0,3,6.0,13.0,3.0,5.0,No,8.0,Low,Low,Low,2020/10/27
EMP4006,20.0,Male,Operations,Operations Executive,2.0,21809.18,52.0,4.0,Yes,7.3,8.0,1.0,10.0,6,6.0,30.0,1.0,5.0,N,6.0,Low,Low,Low,2024-01-17
EMP4625,37.0,Male,Hr,Hr Executive,4.0,30641.14,53.0,9.0,,7.4,9.0,1.0,8.0,6,7.0,6.0,3.0,5.0,Y,8.0,Low,Low,Low,"October 25, 2025"
EMP6461,36.0,Male,Marketing,Marketing Manager,3.0,39596.73,46.0,9.0,No,7.9,9.0,1.0,9.0,-,6.0,28.0,1.0,5.0,No,7.0,Low,Low,Low,12-22-2020
EMP4020,30.0,Female,Sales,Sales Manager,2.7,44818.82,40.0,0.0,Yes,8.9,10.0,1.0,10.0,8,8.0,0.0,3.0,5.0,Yes,8.0,Low,Low,Low,27/04/2023
EMP4385,30.0,Male,Operations,Operations Executive,4.5,33806.9,35.0,1.0,Yes,8.6,10.0,1.0,8.0,9,7.0,36.0,5.0,5.0,No,7.0,Low,Low,Low,"June 22, 2023"
EMP5394,38.0,Male,Marketing,Marketing Executive,2.5,32327.47,57.0,17.0,Yes,6.4,7.0,2.0,7.0,3,5.0,4.0,3.0,4.0,No,7.0,Low,Low,Medium,2021/12/14
EMP1562,40.0,Male,Marketing,Marketing Manager,5.4,44875.38,46.0,5.0,Yes,6.8,8.0,1.0,10.0,4,7.0,21.0,4.0,4.0,No,7.0,Low,Low,Low,"January 04, 2024"
EMP1266,43.0,Female,Customer Support,Support Executive,4.7,29475.01,40.0,0.0,N,6.2,10.0,1.0,8.0,7,7.0,4.0,2.0,5.0,No,7.0,Low,Low,Low,2019-01-18
EMP1177,38.0,Female,Hr,Hr Generalist,0.2,23504.49,57.0,15.0,No,7.6,7.0,3.0,9.0,7,7.0,15.0,1.0,5.0,N,7.0,Low,Low,Low,2024-02-26
EMP4938,41.0,Male,Operations,Logistics Coordinator,2.3,24324.03,41.0,6.0,No,8.8,9.0,2.0,10.0,6,7.0,9.0,3.0,5.0,N,7.0,Low,Low,Low,01-Feb-2020
EMP2369,33.0,Male,Hr,Hr Generalist,0.7,27322.47,39.0,3.0,Yes,7.8,9.0,1.0,8.0,4,6.0,4.0,3.0,3.0,No,6.0,Low,Low,Low,2024/09/09
EMP2690,46.0,Female,It,Qa Engineer,0.6,25855.07,58.0,28.0,Yes,6.1,8.0,2.0,6.0,4,6.0,5.0,3.0,5.0,No,6.0,Low,Low,Low,2023/07/07
EMP2847,30.0,Male,Marketing,Content Strategist,1.8,31471.35,31.0,5.0,Y,6.4,10.0,1.0,10.0,8,7.0,7.0,2.0,5.0,Y,8.0,Low,Low,Low,04/11/2024
EMP1076,25.0,Female,Customer Support,Support Team Lead,5.7,41841.39,39.0,7.0,No,6.9,9.0,3.0,10.0,2,5.0,40.0,2.0,5.0,Yes,6.0,Low,Low,Medium,-
EMP4508,22.0,Male,Finance,Financial Analyst,2.5,31387.75,45.0,8.0,No,6.7,9.0,1.0,9.0,9,8.0,3.0,3.0,5.0,No,8.0,Low,Low,,"February 10, 2016"
EMP1683,33.0,Male,R&D,R&D Engineer,5.5,32425.18,41.0,5.0,No,7.3,10.0,1.0,8.0,6,6.0,-17.0,2.0,5.0,No,8.0,Low,Low,Low,05-Apr-2020
EMP1096,52.0,Female,Finance,Auditor,5.5,33531.68,45.0,0.0,No,7.0,9.0,1.0,8.0,4,7.0,16.0,5.0,5.0,N,8.0,Low,Low,Low,10-06-2018
EMP2559,20.0,Female,Finance,Financial Analyst,1.7,26969.02,32.0,0.0,Yes,7.6,9.0,-3.0,8.0,2,6.0,4.0,3.0,5.0,No,5.0,Low,Low,Low,2025-03-16
EMP1675,35.0,Male,R&D,R&D Engineer,1.8,22552.63,42.0,5.0,No,8.1,9.0,1.0,9.0,4,5.0,2.0,1.0,5.0,No,7.0,Low,Low,Low,08-18-2025
EMP3896,37.0,Male,Legal,Legal Advisor,3.5,29298.37,45.0,2.0,No,6.8,10.0,1.0,9.0,6,7.0,26.0,3.0,5.0,No,5.0,Low,Low,Low,22-Feb-2019
EMP2001,33.0,Female,Customer Support,Support Team Lead,9.0,39052.39,45.0,0.0,No,7.4,10.0,2.0,9.0,7,6.0,10.0,2.0,5.0,No,7.0,Low,Low,Low,2015-11-05
EMP1027,44.0,Other,Operations,Operations Manager,1.7,34540.91,45.0,0.0,N,7.1,10.0,1.0,10.0,6,5.0,10.0,1.0,5.0,N,8.0,Low,-,Low,-
EMP5367,38.0,Male,Customer Support,Support Executive,1.6,29871.56,49.0,7.0,No,6.9,10.0,1.0,8.0,9,9.0,5.0,4.0,5.0,Yes,7.0,Low,Low,Low,16/03/2024
EMP6786,33.0,Male,Sales,Account Manager,2.5,38828.46,45.0,16.0,No,5.7,9.0,1.0,8.0,5,7.0,7.0,4.0,5.0,Yes,5.0,Low,Low,Low,04-19-2019
EMP6740,21.0,Male,Legal,Legal Advisor,3.0,32829.95,42.0,0.0,No,7.3,7.0,2.0,10.0,6,6.0,10.0,3.0,5.0,,7.0,Low,Low,Low,13/05/2024
EMP3565,29.0,Female,Sales,Sales Executive,2.3,30604.64,45.0,32.0,,6.6,6.0,4.0,5.0,6,6.0,4.0,4.0,5.0,N,6.0,Medium,Low,Low,2020-05-30
EMP5750,26.0,Female,Sales,Business Development Executive,1.5,30421.96,44.0,5.0,No,8.0,9.0,2.0,8.0,,7.0,11.0,5.0,5.0,Y,6.0,Low,Low,Low,2021-01-01
EMP5728,26.0,Male,It,Qa Egnineer,3.6,25557.59,40.0,0.0,No,8.2,10.0,1.0,9.0,7,6.0,33.0,6.0,5.0,N,6.0,Low,Low,Low,"November 23, 2021"
EMP5230,41.0,Male,Hr,Support Team Lead,10.3,32425.18,37.0,5.0,Yes,8.8,10.0,1.0,10.0,3,6.0,18.0,3.0,5.0,No,7.0,Low,Low,Low,07-22-2015
EMP2841,33.0,Female,Hr,Hr Manager,3.5,42612.41,45.0,3.0,No,6.9,9.0,1.0,8.0,5,6.0,10.0,2.0,5.0,N,7.0,Low,Low,Low,2026/06/04
EMP3702,20.0,Male,R&D,Research Analyst,2.0,26655.99,46.0,11.0,No,7.1,8.0,1.0,8.0,6,7.0,13.0,5.0,5.0,No,7.0,Low, ,Low,2021/11/20
EMP6234,27.0,Female,Sales,Business Development Executive,5.8,29940.81,47.0,5.0,No,8.0,9.0,1.0,9.0,7,7.0,12.0,5.0,4.0,No,7.0,,Low,Low,"September 30, 2024"
EMP6362,38.0,F,Sales,Account Manager,0.4,29825.86,45.0,12.0,No,7.5,10.0,1.0,9.0,10,8.0,8.0,6.0,5.0,N,7.0,Low,Low,Low,2021/12/05
EMP1178,37.0,Female,Marketing,Marketing Executive,7.7,33174.76,34.0,4.0,No,7.5,10.0,1.0,10.0,6,6.0,0.0,2.0,5.0,N,6.0,Low,Low,Low,12-21-2024
EMP2324,28.0,F,Customer Support,Support Executive,2.5,39504.39,45.0,5.0,N,6.8,9.0,1.0,9.0,9,6.0,11.0,3.0,5.0,N,7.0,Low,Low,Low,2015-02-25
EMP4042,46.0,Male,Finance,Audiotr,5.1,27984.46,55.0,11.0,Yes,7.8,7.0,1.0,9.0,5,5.0,10.0,1.0,5.0,Y,7.0,Low,Low,Low,10/10/2023
EMP3093,34.0,Female,Human Resources,Recruiter,13.1,50976.77,46.0,19.0,No,6.9,7.0,2.0,7.0,3,5.0,10.0,6.0,5.0,Yes,6.0,Low,Low,Low,2018/08/23
EMP3095,29.0,Female,Sales,Sales Executive,0.9,29909.63,37.0,0.0,Yes,8.8,10.0,1.0,9.0,8,6.0,5.0,2.0,5.0,No,9.0,-,Low,Low,2015/10/08
EMP5545,20.0,Female,Ops,Logistics Coordinator,1.7,32160.73,43.0,0.0,No,5.8,10.0,1.0,9.0,10,7.0,10.0,2.0,5.0,N,6.0,Low,Low,Low,12-16-2025
EMP6787,31.0,Male,Legal,Compliance Officer,13.0,44921.21,34.0,1.0,N,6.4,9.0,2.0,10.0,4,5.0,7.0,1.0,4.0,Yes,6.0,Low,Low,Low,01-18-2018
EMP3525,37.0,Male,Finance,Auditor,2.5,33549.58,39.0,9.0,N,6.9,9.0,1.0,9.0,8,8.0,10.0,3.0,5.0,No,7.0,Low,Low,Low,"July 02, 2016"
EMP1097,36.0,Female,It,System Admin,2.9,30192.67,36.0,7.0,No,7.9,10.0,1.0,10.0,1,6.0,16.0,2.0,4.0,Y,7.0,Low,Low,Low,"July 30, 2015"
EMP2495,20.0,Male,Legal,Support Team Lead,2.0,25453.69,38.0,0.0,No,7.2,10.0,1.0,10.0,5,6.0,5.0,3.0,5.0,N,7.0,Low,Low,Low,2025/09/11
EMP2536,29.0,Male,,Support Executive,3.7,32425.18,42.0,8.0,N,7.2,10.0,1.0,10.0,8,6.0,28.0,3.0,5.0,Y,8.0,Low,Low,Low,2017-09-12
EMP3550,32.0,Female,Marketing,Marketing Manager,0.1,32425.18,58.0,15.0,,7.5,7.0,1.0,9.0,10,6.0,28.0,0.0,5.0,Y,7.0,Low,Low,Low,2019/04/16
EMP2052,36.0,Male,It,Qa Engineer,1.5,28044.0,30.0,0.0,Yes,8.4,10.0,1.0,10.0,7,8.0,11.0,4.0,5.0,No,8.0,Low,Low,Low,"December 25, 2019"
EMP3958,30.0,Male,Customer Support,Support Executive,5.7,31477.27,41.0,0.0,Yes,7.3,9.0,1.0,9.0,6,6.0,12.0,9.0,5.0,Yes,8.0,Low,Low,Low,10-14-2025
EMP3359,27.0,Male,Customer Support,Support Team Lead,4.2,52617.42,43.0,2.0,N,7.1,9.0,1.0,10.0,6,7.0,3.0,4.0,5.0,N,7.0,Low,Low,Low,2017/03/02
EMP6794,43.0,Male,Sales,Sales Manager,5.7,39758.77,45.0,3.0,Yes,7.8,10.0,1.0,10.0,6,6.0,11.0,5.0,5.0,Yes,8.0,Low,Low,Low,2017/04/19
EMP1577,28.0,Male,Admin,Office Manager,0.9,37683.12,33.0,0.0,N,8.5,10.0,1.0,9.0,6,7.0,10.0,1.0,5.0,No,6.0,Low,Low,Low,03-05-2021
EMP6419,33.0,Female,Operations,Logistics Coordinator,0.7,25718.03,38.0,0.0,No,7.7,9.0,1.0,9.0,7,7.0,8.0,2.0,5.0,N,6.0,Low, ,Low,2023-05-08
EMP6407,23.0,Female,Legal,Legal Advisor,5.0,33185.44,45.0,0.0,Yes,7.1,10.0,1.0,10.0,5,6.0,26.0,5.0,5.0,No,9.0,Low,Low,Low,2017-11-06
EMP6572,40.0,Male,Legal,Compliance Officer,0.3,32425.18,65.0,25.0,Y,6.9,7.0,1.0,10.0,3,6.0,7.0,4.0,4.0,Yes,5.0,Low,Low,Low,25-Nov-2020
EMP2706,30.0,Female,R&D,Data Scientist,0.5,39010.54,45.0,6.0,N,7.1,9.0,1.0,7.0,9,7.0,30.0,2.0,5.0,No,6.0,Low,Low,Low,01-Aug-2020
EMP6287,31.0,Female,Sales,Sales Executive,1.6,35588.97,34.0,0.0,Yes,7.2,10.0,1.0,10.0,5,6.0,19.0,0.0,5.0,,6.0,Low,Low,Low,11-21-2023
EMP1222,35.0,Female,Hr,Operations Executive,0.1,22541.7,39.0,0.0,No,7.2,9.0,1.0,7.0,6,6.0,7.0,3.0,5.0,No,7.0,Low,Low,Low,"October 16, 2021"
EMP6528,20.0,Male,Admin,Office Manager,2.5,46078.02,35.0,0.0,No,6.9,9.0,1.0,10.0,10,10.0,1.0,2.0,5.0,Y,8.0,Low,Low,Low,10-04-2024
EMP3135,33.0,Male,Marketing,Seo Specialist,0.1,26980.01,58.0,20.0,Yes,8.3,9.0,2.0,10.0,6,8.0,19.0,4.0,5.0,Y,8.0,Low,Low,Low,2025-11-21
EMP3218,40.0,Female,Hr,Recruiter,7.0,37474.29,45.0,21.0,Yes,5.3,8.0,1.0,9.0,5,7.0,3.0,4.0,5.0,No,9.0,Low,Low,Low,-
EMP3636,29.0,Female,Finance,Auditor,1.6,27712.6,32.0,0.0,Yes,7.8,10.0,1.0,10.0,5,7.0,14.0,6.0,4.0,No,7.0,Low,Low,Low,03-31-2022
EMP5790,39.0,Female,Customer Support,-,8.2,45209.58,43.0,5.0,No,7.1,8.0,1.0,10.0,7,6.0,7.0,-4.0,5.0,N,8.0,Low,Low,Low,05-11-2023
EMP5875,43.0,Male,Sales,Support Team Lead,5.1,33780.66,48.0,6.0,Yes,7.6,10.0,1.0,9.0,6,7.0,4.0,4.0,5.0,Yes,7.0,Low,Low,Low,06-29-2017
EMP3033,33.0,Male,Admin,Office Manager,3.0,40953.43,60.0,24.0,No,6.4,8.0,4.0,6.0,3,6.0,2.0,3.0,5.0,Yes,6.0,Medium,Moderate,Medium,"April 06, 2019"
EMP5291,33.0,F,It,Devops Engineer,3.2,33340.47,30.0,0.0,Y,7.2,8.0,1.0,10.0,7,6.0,8.0,4.0,5.0,Yes,8.0,Low,Low,Low,2025/09/09
EMP3087,31.0,Female,It,Qa Engineer,5.3,29977.68,44.0,0.0,No,8.0,10.0,1.0,10.0,4,7.0,2.0,0.0,3.0,Yes,7.0,Low,Low,Low,18/06/2016
EMP4071,20.0,Male,Hr,Hr Executive,2.0,32834.97,34.0,0.0,Yes,20.0,10.0,1.0,10.0,7,6.0,11.0,2.0,5.0,No,8.0,Low,Low,Low,12-06-2015
EMP2109,29.0,Female,Hr,Hr Generalist,1.7,22295.99,39.0,5.0,N,7.3,10.0,2.0,9.0,6,6.0,11.0,5.0,5.0,Y,7.0,Low,Low,Low,23/09/2023
EMP2375,49.0,Female,R&D,R&D Engineer,0.3,22173.22,49.0,8.0,Yes,7.3,10.0,1.0,9.0,7,7.0,28.0,1.0,5.0,Yes,8.0,Low,Low,Low,2019/05/12
EMP5005,32.0,Male,Legal,Support Team Lead,10.7,41118.67,36.0,0.0,No,7.2,10.0,1.0,9.0,4,5.0,3.0,3.0,5.0,No,7.0,Low,Low,Low,2024-02-23
EMP1587,36.0,Female,Legal,Legal Advisor,4.6,34116.14,41.0,2.0,No,8.2,9.0,1.0,10.0,7,8.0,25.0,6.0,5.0,No,9.0,Low,Low,Low,01-01-2017
EMP3259,31.0,Male,Marketing,Marketing Executive,1.9,27843.0,50.0,14.0,N,7.3,9.0,3.0,6.0,6,5.0,23.0,2.0,4.0,N,6.0,Low,Low,Low,"November 25, 2016"
EMP2200,33.0,Male,Information Technology,Devops Engineer,5.3,28825.36,30.0,0.0,Yes,7.9,10.0,1.0,10.0,-,8.0,10.0,2.0,5.0,No,6.0,Low,Low,Low,2024/09/23
EMP1945,39.0,Other,Admin,Office Manager,0.5,37679.16,56.0,11.0,No,6.4,8.0,1.0,9.0,5,6.0,5.0,0.0,5.0,Yes,8.0,Low,Low,Low,2025/10/19
EMP6667,29.0,Male,Fiannce,Finance Manager,6.7,46764.63,42.0,5.0,N,7.8,9.0,1.0,9.0,6,4.0,10.0,3.0,5.0,Y,9.0,Low,Low,Medium,2017-01-27
EMP5638,38.0,Male,Marketing,Marketing Executive,7.0,35415.99,61.0,30.0,No,6.8,6.0,1.0,9.0,7,6.0,16.0,5.0,5.0,No,7.0,Low,Low,Low,29/11/2025
EMP6802,26.0,Female,H.R.,Hr Generalist,0.1,21869.7,61.0,27.0,No,5.8,7.0,3.0,8.0,10,7.0,40.0,2.0,5.0,No,7.0,Low,Low,Low,04-09-2023
EMP3500,33.0,Male,Hr,Hr Manager,3.0,30897.74,52.0,3.0,N,6.9,8.0,1.0,9.0,4,5.0,2.0,6.0,5.0,No,8.0,Low,Low,Low,03-26-2021
EMP4309,33.0,Female,Sales,Sales Executive,6.7,37851.16,45.0,12.0,Yes,6.7,8.0,2.0,10.0,8,8.0,37.0,1.0,5.0,Y,8.0,Low,Low,Low,2022-09-26
EMP5911,36.0,Female,Hr,Hr Manager,0.3,28482.67,39.0,0.0,Yes,6.6,10.0,1.0,10.0,5,7.0,12.0,4.0,5.0,No,8.0,Low,Low,Low,18/12/2015
EMP2685,30.0,Male,Sales,-,2.5,21938.81,40.0,1.0,Y,8.1,10.0,1.0,8.0,4,5.0,21.0,1.0,5.0,No,9.0,Low, ,Low,2026/01/24
EMP4384,43.0,Female,Legal,Legal Counsel,6.4,31937.44,40.0,0.0,No,7.1,9.0,1.0,7.0,4,5.0,25.0,1.0,5.0,N,6.0,Low,Low,Low,26-Jun-2023
EMP1265,43.0,Male,Hr,Support Team Lead,0.2,26049.87,36.0,5.0,No,6.6,10.0,1.0,10.0,8,6.0,18.0,1.0,5.0,-,7.0,Low,Low,Low,2020/12/24
EMP6633,34.0,Female,Administration,Front Desk Executive,2.5,30628.78,38.0,0.0,No,8.0,10.0,1.0,10.0,7,8.0,1.0,2.0,5.0,No,7.0,Low,Low,Low,-
EMP2783,29.0,Male,Rnd,Research Aanlyst,1.9,29816.86,43.0,1.0,Yes,7.7,10.0,1.0,10.0,5,5.0,14.0,0.0,5.0,Yes,7.0,Low,Low,Low,-
EMP3676,33.0,Female,Marketing,Marketing Executive,2.4,27443.13,39.0,1.0,No,7.8,10.0,1.0,7.0,7,5.0,10.0,4.0,5.0,N,6.0,Low,Low,Low,2017-08-23
EMP6320,41.0,Male,Admin,Admin Executive,0.7,25926.57,46.0,0.0,No,6.9,10.0,1.0,8.0,8,8.0,70.0,2.0,5.0,No,7.0,Low,Low,Low,"December 29, 2019"
EMP3176,25.0,Male,Operations,Operations Executive,2.5,26653.68,46.0,2.0,No,7.7,9.0,1.0,10.0,7,6.0,7.0,1.0,5.0,No,7.0,Low,Low,-,"March 17, 2026"
EMP2881,28.0,Male,Legal,Legal Counsel,4.0,33152.13,47.0,8.0,No,8.0,10.0,1.0,9.0,6,8.0,2.0,1.0,5.0,Yes,8.0,Low,Low,-,2023/10/10
EMP3106,33.0,F,Customer Support,Customer Success Manager,2.2,50225.7,39.0,5.0,Y,7.8,10.0,1.0,9.0,5,7.0,8.0,3.0,5.0,Yes,7.0,Low,Low,Low,01/02/2019
EMP2465,48.0,Male,Cust. Support,Customer Success Manager,5.5,49105.19,57.0,22.0,No,7.9,8.0,2.0,8.0,8,7.0,10.0,4.0,5.0,No,6.0,Low,Low,Low,"February 25, 2017"
EMP5927,41.0,Female,It,It Support,4.0,22349.81,45.0,24.0,No,4.9,5.0,1.0,10.0,6,6.0,10.0,5.0,5.0,Y,6.0,Low,Low,Low,2024/06/19
EMP2195,27.0,Female,Hr,Legal Advisor,2.9,28141.69,40.0,0.0,No,7.5,10.0,1.0,9.0,8,8.0,15.0,3.0,5.0,No,7.0,Low,Low,Low,03-Jun-2025
EMP2649,31.0,Female,Customer Support,Customer Success Manager,1.6,32425.18,57.0,5.0,Yes,6.0,8.0,2.0,9.0,7,8.0,27.0,3.0,5.0,No,7.0,Low,Low,Low,07-21-2018
EMP2598,50.0,Female,R&D,Support Team Lead,3.6,31741.61,39.0,1.0,Y,7.0,10.0,1.0,10.0,8,8.0,10.0,6.0,4.0,Y,6.0,Low,Low,Low,12-03-2021
EMP4656,22.0,Male,Sales,Sales Manager,1.1,32370.9,40.0,0.0,No,6.1,9.0,1.0,10.0,6,6.0,10.0,2.0,5.0,Yes,6.0,Low,Low,Low,"April 17, 2023"
EMP2252,27.0,Male,Legal,Legal Counsel,9.0,32425.18,45.0,5.0,Y,7.5,9.0,3.0,6.0,,5.0,13.0,2.0,5.0,Yes,6.0,Low,Low,Medium,"August 13, 2025"
EMP1414,39.0,Female,Human Resources,Recruiter,1.1,27300.87,43.0,11.0,Y,6.8,9.0,1.0,8.0,7,6.0,21.0,3.0,5.0,N,5.0,Low,Low,Low,-
EMP2703,22.0,Female,Information Technology,,2.1,23818.77,47.0,5.0,N,5.4,10.0,1.0,10.0,8,8.0,14.0,4.0,5.0,Yes,8.0,Low,Low,Low,06-Apr-2026
EMP5436,33.0,Male,Finance,Support Team Lead,0.5,36712.66,37.0,0.0,No,7.6,9.0,1.0,8.0,7,8.0,33.0,2.0,4.0,No,5.0,Low,Low,Low,"August 05, 2024"
EMP6515,56.0,Male,R&D,Data Scientist,2.5,37713.53,44.0,5.0,No,7.5,9.0,1.0,10.0,3,6.0,22.0,2.0,5.0,No,6.0,Low,Low,Low,2023-05-07
EMP5967,37.0,Female,Marketing,Seo Specialits,-6.722254901649142,22556.85,41.0,0.0,Yes,7.8,7.0,1.0,10.0,7,6.0,13.0,3.0,5.0,No,7.0,Low,Low,Low,18-Feb-2025
EMP2748,30.0,Male,It,-,7.5,40018.92,30.0,5.0,Yes,8.1,10.0,1.0,10.0,3,7.0,2.0,2.0,5.0,No,7.0,Low,Low,Low,2023/10/06
EMP3047,46.0,Female,Hr,Recruiter,1.5,31217.98,45.0,10.0,Yes,6.1,7.0,1.0,9.0,3,6.0,26.0,2.0,5.0,No,7.0,Low,Low,Low,08-Nov-2018
EMP6480,24.0,Male,Marketing,Content Strategist,6.0,29367.79,37.0,0.0,No,6.5,10.0,1.0,10.0,8,6.0,5.0,2.0,5.0,Yes,7.0,Low,Low,Low,-
EMP3429,33.0,Female,It,It Support,3.3,29807.03,33.0,0.0,Y,6.6,10.0,1.0,10.0,4,6.0,4.0,2.0,4.0,Y,7.0,Low,Low,Low,03-23-2023
EMP4913,26.0,Female,Legal,Legal Adviosr,7.1,37639.53,56.0,20.0,Yes,7.8,8.0,1.0,7.0,4,6.0,10.0,3.0,5.0,No,7.0,Low,Low,Low,-
EMP3584,33.0,Male,Sales,Sales Manager,9.2,49773.02,36.0,0.0,Yes,7.8,10.0,1.0,9.0,10,6.0,0.0,4.0,5.0,Yes,7.0,Low,Low,Low,2017-12-22
EMP2701,45.0,M,Information Technology,Software Engineer,18.2,50455.42,45.0,10.0,Yes,6.8,8.0,1.0,7.0,10,7.0,27.0,3.0,5.0,No,8.0,Low,Low,Low,13-Mar-2019
EMP2978,50.0,Female,Rnd,R&D Engineer,15.6,43210.24,61.0,28.0,No,6.9,6.0,2.0,10.0,4,5.0,17.0,1.0,5.0,-,7.0,Low,Low,Low,10-Apr-2025
EMP3814,47.0,Male,Sales,Business Development Executive,0.4,15000.0,46.0,4.0,No,6.4,10.0,1.0,9.0,6,6.0,7.0,3.0,5.0,Y,7.0,Low,Low,Low,24/07/2022
EMP3939,32.0,Male,Finance,Financial Analyst,-1.172732034502711,24986.95,41.0,5.0,No,7.3,8.0,2.0,10.0,5,6.0,17.0,3.0,5.0,No,6.0,Low,Low,Low,"February 24, 2020"
EMP2098,37.0,Male,Fiannce,Finance Manager,1.7,37430.62,48.0,9.0,Yes,7.4,10.0,2.0,9.0,4,5.0,6.0,3.0,4.0,No,5.0,Low,Low,Low,25-Jan-2024
EMP4510,38.0,Female,Finance,Financial Analyst,1.3,27741.09,52.0,2.0,No,7.3,8.0,15.0,9.0,3,6.0,10.0,5.0,5.0,N,8.0,-,Low,Low,03-21-2017
EMP6298,34.0,Male,Marketing,Marketing Amnager,6.8,51396.2,57.0,17.0,No,6.6,7.0,1.0,10.0,7,5.0,0.0,5.0,5.0,No,7.0,Low,Low,Low,2026-04-09
EMP5533,38.0,Female,Finance,Support Team Lead,1.3,32425.18,33.0,0.0,No,7.7,10.0,1.0,8.0,4,6.0,1.0,7.0,5.0,-,5.0,Low,Low,Low,15/01/2023
EMP5687,29.0,Male,Legal,Compliance Ofifcer,5.3,34441.28,39.0,0.0,Y,7.3,10.0,2.0,8.0,2,4.0,12.0,1.0,5.0,No,9.0,Low,Low,Medium,22-Aug-2022
EMP6346,35.0,Female,Legal,Support Team Lead,1.7,22490.04,55.0,5.0,No,5.8,9.0,1.0,8.0,7,8.0,8.0,2.0,5.0,Yes,9.0,Low,Low,Low,-
EMP5798,31.0,Female,Hr,Hr Generalist,2.5,28114.46,47.0,4.0,Y,7.5,10.0,1.0,10.0,6,7.0,29.0,3.0,5.0,Y,6.0,Low,Low,Low,11-Oct-2025
EMP3753,24.0,Male,Legal,Legal Advisor,0.1,25253.72,36.0,0.0,Yes,7.6,8.0,3.0,7.0,6,6.0,19.0,3.0,5.0,N,8.0,Low,Low,Low,2022/02/12
EMP2061,21.0,Male,Customer Support,,3.0,49625.07,50.0,10.0,No,8.5,9.0,1.0,10.0,8,5.0,35.0,1.0,5.0,N,8.0,Low,Low,-,13/05/2025
EMP3355,32.0,Male,Operations,Logistics Coordinator,1.1,28286.6,30.0,0.0,No,6.0,9.0,1.0,9.0,4,6.0,10.0,3.0,4.0,No,7.0,Low,Low,Low,23-Oct-2023
EMP1585,26.0,Male,Finance,Auditor,2.5,31359.41,46.0,6.0,No,6.4,8.0,1.0,9.0,2,6.0,13.0,4.0,5.0,No,7.0,Low,Low,Low,-
EMP4737,25.0,Female,Hr,Marketing Executive,4.8,31593.49,45.0,6.0,Yes,7.1,8.0,1.0,9.0,7,6.0,2.0,5.0,5.0,Yes,6.0,Low,Low,Low,2019-07-31
EMP6609,38.0,Female,Finance,Accountant,4.6,29555.11,48.0,13.0,No,7.2,7.0,1.0,10.0,2,6.0,10.0,3.0,5.0,No,8.0,Low,Low,Low,"July 22, 2025"
EMP6422,33.0,Female,Hr,Hr Generalist,0.8,24803.53,48.0,9.0,No,7.2,10.0,1.0,8.0,6,6.0,22.0,5.0,5.0,No,6.0,Low,Low,Low,01-16-2026
EMP1208,33.0,Male,Information Technology,Qa Engineer,2.0,17499.41,38.0,0.0,N,7.4,10.0,1.0,10.0,7,7.0,10.0,7.0,5.0,Yes,7.0,Low,Low,Low,"November 30, 2025"
EMP2165,31.0,Male,Hr,Recruiter,12.6,39796.34,46.0,9.0,No,8.1,10.0,1.0,10.0,5,7.0,11.0,3.0,5.0,Yes,7.0,Low,Low,Low,2019-10-05
EMP1263,41.0,Male,Fiannce,Finance Manager,5.0,38060.99,60.0,20.0,N,6.2,7.0,2.0,9.0,6,6.0,6.0,3.0,4.0,No,7.0,Low,Low,Low,12-Jun-2022
EMP5589,33.0,Male,Admin,Office Manager,0.2,29324.04,44.0,6.0,N,6.0,8.0,2.0,8.0,,6.0,2.0,6.0,5.0,Yes,7.0,Low,Low,Low,01-Apr-2026
EMP6619,26.0,Female,Hr,Account Manager,4.6,40901.51,48.0,14.0,No,6.9,9.0,1.0,10.0,6,9.0,10.0,5.0,5.0,N,8.0,Low,Low,Low,07-08-2025
EMP3838,27.0,Male,Marketing,Seo Specialist,2.7,34618.54,62.0,26.0,No,7.1,6.0,3.0,5.0,,6.0,6.0,4.0,5.0,No,7.0,Low,Low,Low,01-13-2026
EMP2170,36.0,Male,Operations,Operations Manager,2.5,47100.6,39.0,0.0,Y,0.5,8.0,1.0,10.0,7,8.0,2.0,2.0,4.0,Y,5.0,Low,Low,Low,09-16-2024
EMP3287,27.0,Male,Sales,Account Manager,0.3,39096.98,45.0,21.0,N,6.0,7.0,3.0,9.0,5,6.0,10.0,4.0,4.0,Yes,7.0,Low,Low,Low,"April 02, 2022"
EMP6529,40.0,Female,It,It Support,2.4,24275.04,46.0,0.0,No,8.0,8.0,1.0,10.0,5,6.0,15.0,5.0,5.0,-,7.0,Low,Low,Low,10-25-2019
EMP3536,28.0,Female,Admin,Front Desk Executive,6.3,32184.26,45.0,2.0,No,7.3,10.0,1.0,10.0,6,5.0,20.0,3.0,5.0,Y,9.0,Low,Low,Low,"February 18, 2017"
EMP5331,26.0,Female,Customer Support,Support Executive,0.1,29834.44,45.0,5.0,No,6.6,10.0,1.0,8.0,5,5.0,14.0,3.0,5.0,Yes,7.0,Low,Low,Low,2016/12/05
EMP6756,41.0,Female,It,Devops Engineer,3.8,33726.43,56.0,23.0,No,7.1,9.0,2.0,8.0,7,6.0,10.0,0.0,5.0,Yes,6.0,Low,Low,Low,"March 28, 2025"
EMP6524,33.0,,,Business Development Executive,0.9,29283.75,45.0,0.0,No,6.5,10.0,1.0,10.0,7,7.0,6.0,3.0,5.0,N,7.0,Low,Low,Low,2018-06-07
EMP6242,28.0,Female,Sales,Sales Executive,2.0,32425.18,45.0,6.0,Y,7.3,10.0,1.0,9.0,7,6.0,36.0,3.0,5.0,Yes,7.0,Low,Low,Low,2017-12-20
EMP6618,39.0,Female,Hr,Operations Manager,1.9,32425.18,48.0,12.0,Y,6.9,8.0,3.0,7.0,6,5.0,9.0,2.0,4.0,No,7.0,Low,Low,Low,28-Jul-2023
EMP2483,26.0,Male,Finance,Support Team Lead,0.4,23140.71,50.0,15.0,Yes,8.0,8.0,1.0,10.0,1,5.0,10.0,1.0,5.0,No,7.0,-,Low,Medium,04-Jan-2018
EMP6022,33.0,Male,R&D,Research Analyst,1.3,17840.08,38.0,0.0,Yes,7.0,10.0,1.0,10.0,6,6.0,5.0,3.0,3.0,Y,7.0,Low,Low,Low,2026-01-19
EMP5172,33.0,M,Hr,Qa Enginere,3.3,32425.18,45.0,8.0,No,8.0,8.0,1.0,8.0,6,6.0,1.0,3.0,5.0,N,9.0,Low,Low,Low,16-Dec-2021
EMP5676,27.0,Male,Finance,Auditor,0.3,20934.38,47.0,9.0,Yes,7.5,10.0,1.0,9.0,5,7.0,25.0,3.0,3.0,Y,5.0,Low,Low,Low,04/07/2025
EMP2301,60.0,Male,Customer Support,Customer Success Manager,0.6,44868.84,58.0,24.0,No,6.6,7.0,3.0,7.0,6,6.0,5.0,2.0,5.0,Yes,5.0,Low,Low,Low,2019/05/14
EMP1631,32.0,Female,Admin,Front Desk Executive,1.9,29756.19,45.0,0.0,Yes,8.4,9.0,1.0,10.0,6,7.0,9.0,4.0,5.0,N,8.0,Low,Low,Low,08-22-2019
EMP4387,33.0,Male,It,Support Team Lead,10.3,41878.13,37.0,3.0,N,7.1,9.0,1.0,9.0,2,5.0,100.0,3.0,4.0,No,8.0,Low,Low,Low,2022/04/02
EMP5802,27.0,Female,R&D,R&D Engineer,1.5,28974.58,36.0,0.0,No,7.1,10.0,1.0,9.0,6,6.0,10.0,5.0,5.0,Yes,9.0,Low,Low,Low,09-Jun-2026
EMP4399,33.0,Female,Customer Support,Support Team Lead,0.3,25834.45,42.0,3.0,No,7.5,9.0,2.0,7.0,10,6.0,2.0,6.0,5.0,N,6.0,Low,Low,Low,10-15-2015
EMP6877,47.0,Other,Hr,Admin Executive,8.7,40339.62,52.0,5.0,No,6.8,7.0,3.0,7.0,6,7.0,1.0,1.0,5.0,No,8.0,Low,Low,Low,-
EMP1689,33.0,Female,Hr,Hr Manager,1.7,38141.68,57.0,16.0,Y,7.0,8.0,1.0,10.0,7,5.0,2.0,1.0,5.0,No,8.0,Low,Low,Low,18/09/2016
 emp1050 ,25.0,Male,Admin,Admin Executive,0.6,27488.13,49.0,7.0,N,8.0,10.0,1.0,10.0,9,6.0,5.0,6.0,5.0,Y,7.0,Low,Low,Low,2020-12-02
EMP4333,44.0,Male,Admin,Admin Executive,12.1,47155.18,45.0,15.0,N,9.0,8.0,1.0,9.0,5,6.0,26.0,3.0,4.0,Yes,9.0,Low,Low,Low,"March 03, 2016"
EMP1373,33.0,Male,Operations,Logistics Coordinator,5.3,36061.74,45.0,2.0,No,7.1,10.0,1.0,9.0,6,5.0,1.0,6.0,5.0,No,5.0,Low,Low,Low,"July 13, 2025"
EMP1697,39.0,Male,Sales,Sales Manager,0.0,36370.94,39.0,0.0,No,7.5,9.0,1.0,10.0,7,7.0,32.0,6.0,5.0,No,8.0,Low,Low,Low,2023-09-15
EMP3562,30.0,Male,Human Resources,Hr Executive,1.8,29385.06,57.0,20.0,N,6.4,7.0,1.0,9.0,7,6.0,7.0,2.0,4.0,-,7.0,Low,Low,Low,08-17-2023
EMP4535,34.0,Male,It,Support Team Lead,11.0,38235.57,50.0,20.0,N,5.2,6.0,1.0,9.0,4,6.0,1.0,3.0,5.0,Yes,5.0,Low,Low,Low,07/03/2023
EMP6012,42.0,Female,Hr,Hr Generalist,1.1,28274.53,57.0,25.0,No,6.3,7.0,1.0,9.0,9,8.0,9.0,2.0,5.0,N,8.0,Low,Low,Low,-
EMP4389,36.0,Male,Marketing,Marketing Executive,5.9,31694.29,45.0,5.0,No,7.4,8.0,1.0,10.0,4,7.0,10.0,4.0,5.0,No,7.0,Low,Low,Low,11-03-2015
EMP4352,32.0,M,Sales,Sales Manager,0.8,28748.9,45.0,22.0,N,6.6,9.0,1.0,9.0,6,6.0,46.0,1.0,5.0,N,7.0,Low,Low,Low,2022-08-20
EMP2985,36.0,Male,Sales,Business Development Executive,2.1,28052.26,43.0,10.0,No,8.4,9.0,1.0,10.0,8,7.0,28.0,3.0,5.0,No,8.0,Low,Low,Low,2021/02/11
EMP4418,33.0,Male,Hr,Hr Executive,3.2,37255.01,53.0,5.0,No,8.4,9.0,1.0,10.0,7,6.0,2.0,4.0,5.0,Yes,5.0,Low,Low,Low,"April 20, 2020"
EMP5953,27.0,Female,Operations,Logistics Coordinator,2.6,27422.51,50.0,10.0,,6.9,9.0,1.0,10.0,5,6.0,10.0,0.0,4.0,No,7.0,Low,Low,Low,16-Nov-2015
EMP4095,28.0,Male,Marketing,Content Strategist,0.3,24759.63,39.0,1.0,No,6.8,9.0,1.0,10.0,5,7.0,3.0,5.0,5.0,Yes,7.0,Low,Low,Low,2020-05-27
EMP5992,25.0,Male,Marketing,Marketing Manager,1.7,41827.51,50.0,8.0,No,7.7,9.0,1.0,9.0,7,8.0,5.0,3.0,5.0,Yes,8.0,Low,Low,Low,05-Feb-2015
EMP4953,48.0,M,It,Software Engineer,2.5,32732.6,33.0,0.0,Yes,8.4,10.0,1.0,10.0,6,5.0,21.0,3.0,5.0,Yes,7.0,Low,Low,Low,2023-11-03
EMP1188,56.0,Male,Finance,Financial Analyst,8.9,39873.32,49.0,20.0,No,7.4,6.0,1.0,9.0,9,6.0,2.0,-6.0,5.0,N,7.0,Low,Low,Low,2021/10/06
EMP1693,21.0,Male,Legal,Legal Counsel,3.0,32425.18,52.0,10.0,Yes,7.1,8.0,1.0,10.0,4,6.0,7.0,5.0,5.0,Yes,6.0,Low,Low,Low,2015/03/28
 emp6448 ,40.0,Female,Legal,Compliance Officer,4.3,29548.46,30.0,0.0,No,7.2,9.0,1.0,10.0,8,7.0,4.0,9.0,5.0,Yes,7.0,Low,Low,Low,2020-10-25
EMP5434,20.0,Female,Legal,Compliance Officer,2.0,29265.21,36.0,0.0,Yes,8.1,10.0,1.0,10.0,,4.0,1.0,3.0,5.0,No,6.0,Low,Low,Low,-
EMP5816,39.0,Female,Finance,Support Team Lead,0.5,25006.89,41.0,0.0,No,8.0,9.0,1.0,10.0,6,8.0,17.0,3.0,5.0,No,8.0,Low,Low,Low,2021/03/06
EMP3279,33.0,F,Finance,Accountant,6.9,36487.03,43.0,0.0,No,7.2,10.0,2.0,9.0,9,6.0,18.0,3.0,5.0,Yes,6.0,Low,Low,Low,2022-11-30
EMP5684,49.0,Female,Finance,Finance Manager,0.8,41636.07,44.0,0.0,No,7.4,7.0,1.0,9.0,6,7.0,10.0,3.0,5.0,No,6.0,Low,Low,Low,31/03/2022
EMP6416,32.0,Male,Customer Support,Customer Success Manager,0.5,44377.01,38.0,5.0,Yes,7.5,9.0,2.0,9.0,7,6.0,10.0,5.0,4.0,No,7.0,Low,Low,Low,2016/12/24
EMP2097,33.0,Male,Customer Support,Customer Success Manager,4.2,42941.76,39.0,0.0,No,8.8,10.0,1.0,8.0,5,6.0,1.0,4.0,5.0,Yes,10.0,Low,Low,Low,14/10/2018
EMP5578,31.0,Female,It,Qa Engineer,9.2,39843.85,33.0,1.0,No,8.6,10.0,1.0,8.0,6,7.0,10.0,4.0,5.0,N,7.0,Low,Low,Low,12-02-2018
EMP5414,34.0,Male,Finance,Accountant,5.1,30144.98,46.0,5.0,No,8.3,10.0,2.0,9.0,5,6.0,36.0,5.0,5.0,N,7.0,Low,Low,Low,"December 30, 2017"
EMP2747,38.0,Male,Sales,Sales Manager,2.9,34720.05,44.0,2.0,No,7.2,10.0,3.0,9.0,7,6.0,-3.0,3.0,5.0,Yes,7.0,Low,Low,Low,04/03/2017
EMP2802,20.0,Male,Customer Support,Customer Success Manager,2.0,44291.37,53.0,14.0,Yes,7.6,9.0,1.0,8.0,6,7.0,24.0,7.0,5.0,Yes,8.0,Low,Low,Low,10-20-2022
EMP3474,40.0,Female,Customer Support,Customer Success Manager,1.5,40069.1,38.0,0.0,Yes,7.6,9.0,1.0,10.0,6,8.0,11.0,5.0,5.0,Yes,6.0,Low,Low,Low,2018-08-23
EMP5133,39.0,-,Marketing,Marketing Manager,0.3,34314.7,42.0,8.0,Yes,7.4,8.0,1.0,9.0,6,6.0,10.0,4.0,5.0,N,8.0,Low,Low,Low,"April 07, 2026"
EMP4768,38.0,Male,Operations,Logistics Coordinator,3.7,33874.23,37.0,1.0,N,7.1,10.0,1.0,9.0,6,6.0,0.0,4.0,5.0,N,10.0,Low,Low,Low,2021/04/02
EMP3640,29.0,Male,H.R.,Support Team Lead,3.5,43966.83,56.0,21.0,N,6.5,9.0,2.0,9.0,,8.0,10.0,4.0,5.0,N,8.0,Low,Low,,29-Aug-2015
EMP5448,47.0,Male,Sales,Business Development Executive,0.1,30848.39,49.0,8.0,No,6.4,9.0,1.0,9.0,3,7.0,10.0,5.0,5.0,No,7.0,Low,Low,Low,-
EMP3645,43.0,Female,It,Qa Engineer,1.2,32185.38,39.0,0.0,No,7.4,10.0,1.0,6.0,2,7.0,15.0,4.0,5.0,N,6.0,Low,Low,Low,"June 07, 2021"
EMP1493,33.0,F,Marketing,Seo Specialist,1.0,16365.37,31.0,7.0,Yes,6.5,9.0,2.0,8.0,7,6.0,0.0,4.0,5.0,N,6.0,Low,Low,Low,11/04/2023
EMP3913,33.0,Female,Sales,Business Development Executive,0.8,32425.18,54.0,25.0,Yes,5.9,8.0,2.0,8.0,6,7.0,13.0,3.0,5.0,No,8.0,Low,Low,Low,2023-04-16
EMP4697,35.0,Female,It,Support Team Lead,0.4,26574.14,56.0,15.0,No,6.7,6.0,3.0,9.0,4,6.0,14.0,5.0,5.0,No,7.0,Low,Low,Low,29/02/2016
EMP5385,43.0,Female,Customer Support,Customer Success Manager,3.2,50681.72,45.0,6.0,No,7.4,9.0,3.0,7.0,3,6.0,4.0,1.0,5.0,Yes,6.0,Low,Low,Low,"June 04, 2025"
 emp1729 ,20.0,Female,Customer Support,Customer Success Manager,2.0,32425.18,43.0,0.0,No,7.6,10.0,1.0,9.0,10,8.0,11.0,2.0,5.0,Yes,6.0,Low,Low,Low,15-Apr-2016
EMP5877,37.0,Male,Admin,Office Manager,4.0,43585.17,45.0,1.0,Yes,7.0,10.0,1.0,9.0,9,7.0,1.0,4.0,5.0,Yes,7.0,Low,Low,Low,29/08/2020
EMP1824,33.0,Male,Operations,Operations Executive,0.1,27954.65,54.0,4.0,No,8.2,9.0,1.0,9.0,3,6.0,9.0,-5.0,5.0,N,7.0,Low,Low,Low,"August 08, 2020"
EMP1634,33.0,Female,It,Software Engineer,11.0,43810.7,50.0,5.0,No,7.0,10.0,1.0,10.0,4,7.0,0.0,2.0,5.0,N,7.0,Low,Low,Low,"August 28, 2022"
EMP2590,33.0,F,Marketing,Seo Specialist,3.6,30982.7,54.0,21.0,No,7.9,7.0,2.0,7.0,5,6.0,10.0,4.0,5.0,No,7.0,Low,Low,Low,"July 08, 2018"
EMP2737,44.0,Female,Customer Support,Support Team Lead,6.3,51945.99,37.0,0.0,Y,7.1,9.0,2.0,9.0,7,8.0,15.0,4.0,5.0,No,7.0,,-,Low,-
EMP1574,44.0,,Customer Support,-,0.1,20884.67,48.0,12.0,Yes,6.6,7.0,1.0,10.0,6,6.0,8.0,2.0,5.0,N,9.0,Low,Low,Low,"October 22, 2019"
EMP1714,21.0,Male,Admin,Front Desk Executive,2.4,34083.77,31.0,0.0,Yes,8.2,8.0,1.0,10.0,7,6.0,11.0,3.0,5.0,N,7.0,Low,Low,Low,-
EMP3252,39.0,Male,Marketting,Content Strategist,6.4,35722.03,41.0,0.0,No,7.2,9.0,1.0,10.0,5,7.0,5.0,5.0,5.0,N,7.0,Low,Low,Low,2015/07/12
EMP6653,33.0,Male,Operations,Operations Executive,0.5,23810.58,46.0,18.0,No,7.2,8.0,1.0,8.0,3,6.0,50.0,4.0,5.0,No,8.0,Low,Low,Low,"September 18, 2016"
EMP6459,28.0,Male,-,Marketing Executive,5.5,33554.67,45.0,5.0,-,6.8,8.0,1.0,10.0,3,4.0,5.0,3.0,5.0,-,8.0,Low,Low,Low,"March 02, 2018"
EMP1758,40.0,Male,Legal,Legal Counsel,2.6,27695.11,52.0,17.0,No,6.3,9.0,2.0,8.0,3,4.0,1.0,3.0,4.0,No,7.0,Low,Low,Medium,-
EMP1621,29.0,Male,R&D,Research Analyst,11.0,38864.51,45.0,0.0,No,8.4,10.0,1.0,9.0,6,5.0,6.0,4.0,5.0,No,8.0,Low,Low,Low,-
EMP4046,40.0,Female,Customer Support,Customer Success Manager,3.8,44481.88,62.0,29.0,Yes,6.5,6.0,1.0,9.0,6,5.0,20.0,2.0,5.0,Yes,6.0,Low,Low,Low,"April 14, 2024"
EMP1108,31.0,M,Customer Support,Support Team Lead,3.3,40306.7,45.0,3.0,No,6.7,8.0,1.0,10.0,7,8.0,19.0,5.0,5.0,Y,8.0,-,Low,Low,09-05-2025
EMP4604,55.0,Female,Hr,Support Executive,9.2,40949.56,45.0,2.0,No,7.4,10.0,1.0,9.0,6,6.0,12.0,3.0,5.0,No,8.0,Low,Low,Low,2017-01-31
EMP4250,34.0,Male,Cust. Support,Support Executive,9.2,39227.27,31.0,5.0,Yes,8.5,10.0,1.0,9.0,3,6.0,0.0,2.0,5.0,Yes,8.0,Low,Low,Low,2015-08-10
EMP3461,20.0,Male,Hr,Hr Generalist,2.0,28973.03,51.0,12.0,Yes,7.2,8.0,2.0,9.0,5,6.0,5.0,3.0,4.0,No,6.0,Low,Low,Low,"December 28, 2020"
EMP4620,25.0,Female,Admin,Front Desk Executive,0.6,24667.33,55.0,20.0,No,6.7,7.0,1.0,9.0,4,6.0,10.0,5.0,5.0,N,8.0,Low,Low,Low,19-Feb-2017
EMP6392,30.0,Male,Finance,Accountant,7.0,41410.8,45.0,1.0,Yes,7.2,9.0,3.0,8.0,3,5.0,11.0,2.0,5.0,N,8.0,Low,Low,Low,2025/09/27
EMP3219,41.0,Male,Sales,Sales Manager,2.4,35752.3,55.0,19.0,No,6.3,8.0,1.0,10.0,7,8.0,7.0,4.0,5.0,Yes,6.0,Low,Low,Low,2015/11/11
EMP6427,20.0,Female,R&D,R&D Egnineer,2.0,20011.7,55.0,18.0,Yes,7.3,7.0,2.0,10.0,5,6.0,36.0,5.0,5.0,-,8.0,Low,Low,Low,"September 29, 2015"
EMP4762,48.0,Male,R&D,-,-4.524738241432482,24504.51,43.0,0.0,Yes,15.0,10.0,1.0,10.0,5,5.0,8.0,2.0,5.0,No,7.0,Low,Low,Low,20/10/2023
 emp2595 ,44.0,Male,Admin,Office Manager,2.3,33852.52,50.0,6.0,Yes,6.8,9.0,1.0,8.0,6,6.0,10.0,3.0,5.0,Yes,7.0,Low,Low,Low,-
EMP5199,30.0,Other,It,Devops Engineer,0.4,32425.18,43.0,8.0,No,8.1,10.0,1.0,9.0,8,8.0,15.0,1.0,5.0,No,8.0,Low,Low,Low,2024/07/31
EMP3317,41.0,Female,Hr,Recruiter,1.8,32425.18,39.0,0.0,Y,9.0,7.0,2.0,8.0,6,7.0,5.0,4.0,4.0,No,7.0,Low,Low,Low,17/11/2023
EMP6272,37.0,Female,Legal,Compliance Officer,4.2,30618.61,41.0,1.0,No,7.2,9.0,1.0,7.0,5,6.0,0.0,5.0,5.0,N,8.0,Low,Low,Low,17/01/2024
EMP3043,38.0,Male,Hr,,2.8,32425.18,41.0,0.0,No,7.6,8.0,1.0,7.0,6,8.0,10.0,3.0,5.0,No,8.0,Low,Low,Low,10-31-2021
EMP1883,27.0,Female,Legal,Legal Advisor,3.9,31356.3,32.0,0.0,Yes,7.8,10.0,1.0,10.0,1,6.0,4.0,2.0,5.0,Yes,5.0,Low,Low,Low,2022-10-30
EMP4445,40.0,Male,Human Resources,Hr Manager,0.3,40648.68,48.0,6.0,No,6.4,10.0,1.0,5.0,3,4.0,3.0,2.0,5.0,N,7.0,Low,Low,Medium,"April 01, 2021"
EMP5730,34.0,Female,Finance,Finance Manager,1.4,41445.73,45.0,2.0,N,7.2,10.0,1.0,8.0,5,7.0,15.0,1.0,5.0,N,8.0,Low,Low,Low,2021-08-28
EMP1709,22.0,Female,Marketting,Marketing Executive,2.5,28557.97,42.0,0.0,Yes,7.7,10.0,2.0,9.0,6,7.0,2.0,1.0,5.0,No,8.0,Low,Low,Low,2025-07-28
EMP2539,34.0,Female,Hr,Hr Executive,5.0,37666.16,45.0,5.0,Y,7.9,8.0,1.0,7.0,5,5.0,11.0,4.0,5.0,No,7.0,Low,Low,Low,2020/08/30
 emp1176 ,36.0,Male,Hr,Accountant,0.7,23856.62,45.0,5.0,No,7.2,9.0,1.0,8.0,8,8.0,25.0,5.0,5.0,Yes,7.0,Low,Low,Low,2024-05-26
EMP6738,50.0,Other,Hr,Compliance Officer,1.7,25508.39,30.0,0.0,No,8.9,10.0,1.0,8.0,7,7.0,2.0,5.0,5.0,Yes,7.0,Low,Low,Low,2024/09/08
EMP4472,29.0,M,R&D,Support Team Lead,2.5,25249.3,39.0,4.0,Y,7.2,10.0,1.0,10.0,6,6.0,10.0,5.0,5.0,Yes,7.0,Low,Low,Low,14/02/2017
EMP5245,29.0,Male,Admin,Front Desk Executive,4.5,31270.27,36.0,4.0,Yes,7.3,8.0,1.0,10.0,5,5.0,2.0,1.0,5.0,Yes,7.0,Low,Low,Low,19/05/2017
EMP6033,34.0,Female,Admin,Office Manager,6.4,48430.5,44.0,6.0,No,20.0,8.0,1.0,8.0,6,4.0,10.0,6.0,5.0,Yes,8.0,Low,Low,Low,08-02-2021
EMP4265,26.0,Male,Rnd,Data Scientist,2.5,54423.55,39.0,3.0,No,7.3,10.0,1.0,9.0,4,5.0,28.0,3.0,5.0,N,7.0,Low,Low,Low,"July 05, 2017"
EMP2105,35.0,Female,Legal,Compliance Officer,0.3,32425.18,41.0,6.0,No,7.2,10.0,1.0,10.0,6,5.0,1.0,5.0,5.0,Y,8.0,Low,Low,Low,-
EMP4527,40.0,Female,Operations,Operations Executive,7.8,36159.75,45.0,1.0,No,7.3,10.0,1.0,9.0,5,6.0,2.0,2.0,5.0,No,5.0,Low,Low,Low,2020-07-07
EMP6878,33.0,Female,Hr,Hr Generalist,7.0,33947.01,30.0,0.0,No,8.0,10.0,1.0,9.0,5,6.0,1.0,0.0,5.0,No,6.0,Low,Low,Low,17-Feb-2026
EMP3254,40.0,Male,Customer Support,Support Team Lead,0.5,29582.17,48.0,12.0,Yes,6.4,9.0,3.0,8.0,7,6.0,20.0,7.0,4.0,No,7.0,Low,Low,Low,10/04/2025
EMP2210,31.0,Other,R&D,Data Scientist,-11.55731821393085,50937.78,45.0,12.0,No,6.6,8.0,1.0,10.0,8,7.0,8.0,1.0,5.0,No,9.0,Low,Low,Low,10/07/2021
EMP5910,48.0,Female,It,Software Engineer,3.3,33399.71,47.0,5.0,Yes,7.0,8.0,1.0,10.0,7,7.0,22.0,3.0,5.0,No,6.0,Low,Low,Low,2021/07/17
EMP6764,38.0,Male,Marketing,Seo Specialist,3.0,26137.26,44.0,3.0,N,6.9,8.0,1.0,10.0,6,7.0,11.0,3.0,5.0,-,7.0,Low,Low,Low,02-05-2019
EMP4403,37.0,Female,Admin,Admin Executive,1.7,32425.18,49.0,9.0,No,7.5,10.0,1.0,10.0,1,6.0,11.0,5.0,5.0,Yes,8.0,Low,Low,Low,10-30-2022
EMP1505,20.0,Female,-,Auditor,2.0,28025.68,51.0,5.0,Yes,6.8,8.0,1.0,6.0,6,7.0,30.0,0.0,5.0,Yes,8.0,Low,Low,Low,09/09/2017
EMP3125,25.0,Male,Hr,Hr Generalist,0.0,27731.0,43.0,0.0,No,7.7,10.0,1.0,10.0,6,6.0,2.0,5.0,5.0,Y,7.0,Low,Low,Low,2022/11/10
EMP6441,20.0,Female,Customer Support,Support Executive,2.0,33844.05,48.0,3.0,No,7.4,9.0,1.0,10.0,8,6.0,12.0,8.0,5.0,No,7.0,Low,Low,Low,05-24-2026
EMP1726,40.0,Male,Legal,Compliance Officer,4.9,44183.34,39.0,10.0,N,7.8,9.0,2.0,8.0,6,7.0,5.0,2.0,5.0,No,7.0,Low,Low,Low,-
EMP6120,33.0,Male,Finance,Support Team Lead,0.6,44561.98,33.0,6.0,No,7.9,9.0,1.0,10.0,8,8.0,2.0,2.0,5.0,Yes,9.0,Low,Low,Low,2025/02/02
EMP1630,37.0,Male,Customersupport,Support Executive,-11.0473817849131,39632.47,49.0,6.0,No,8.7,9.0,1.0,10.0,6,8.0,17.0,5.0,5.0,Yes,7.0,Low,Low,Low,2017-01-14
EMP4563,33.0,Male,Operations,Operations Manager,6.0,55651.91,45.0,9.0,No,7.7,9.0,1.0,10.0,7,6.0,4.0,1.0,5.0,No,7.0,Low,Low,Low,2026-03-21
EMP3634,39.0,Female,It,Software Engineer,7.1,32425.18,45.0,-24.0,Yes,6.9,8.0,2.0,9.0,4,5.0,10.0,3.0,5.0,No,8.0,Low,Low,Low,06-18-2025
EMP4348,31.0,Female,Information Technology,Support Team Lead,3.3,27570.83,45.0,2.0,Yes,7.0,10.0,1.0,10.0,4,7.0,4.0,3.0,5.0,N,8.0,Low,Low,Low, 
EMP1748,42.0,Male,Admin,Support Team Lead,8.1,48015.23,47.0,18.0,N,6.3,8.0,2.0,9.0,7,6.0,16.0,1.0,5.0,No,7.0,Low,Low,Low,"June 19, 2026"
EMP6408,39.0,Male,Finance,Auditor,2.5,42501.36,45.0,1.0,N,7.7,10.0,3.0,10.0,7,6.0,35.0,3.0,5.0,No,7.0,-,Low,Low,2025/10/13
EMP1614,33.0,Male,Operations,Operations Manager,2.0,32294.91,45.0,1.0,No,7.1,9.0,1.0,9.0,7,7.0,11.0,0.0,5.0,Yes,7.0,Low,Low,Low,"January 11, 2016"
EMP2325,35.0,Male,Information Technology,Qa Engineer,10.3,43823.43,33.0,0.0,Yes,7.2,10.0,1.0,10.0,,7.0,0.0,3.0,5.0,Y,8.0,Low,Low,Low,2021-07-08
EMP6723,27.0,Female,Operations,Operations Executive,0.2,27600.89,65.0,30.0,N,7.0,6.0,3.0,6.0,5,4.0,1.0,4.0,5.0,No,8.0,,Low,Medium,2021-04-08
EMP4151,29.0,Male,Operations,Operations Manager,1.9,45342.43,44.0,0.0,N,8.2,9.0,1.0,9.0,7,8.0,4.0,3.0,5.0,,6.0,Low,Low,Low,"July 05, 2016"
EMP3579,37.0,Male,Marketing,Content Strategist,6.1,31480.55,36.0,0.0,No,6.3,10.0,1.0,9.0,6,7.0,16.0,3.0,5.0,No,6.0,Low,Low,-,"February 22, 2015"
EMP5841,36.0,Female,It,Software Engineer,6.4,32425.18,37.0,2.0,No,6.9,10.0,1.0,9.0,10,8.0,11.0,5.0,4.0,Yes,7.0,Low,Low,Low,06/10/2018
EMP5092,36.0,Female,Hr,,5.1,37567.25,51.0,9.0,Y,8.0,9.0,1.0,10.0,6,4.0,8.0,5.0,5.0,Y,9.0,Low,Low,Low,2026-03-10
EMP5089,44.0,Male,Sales,Sales Executive,11.7,40467.89,46.0,11.0,No,7.1,9.0,2.0,10.0,8,6.0,2.0,2.0,5.0,Y,7.0,Low,Low,Low,2024-04-17
EMP6698,25.0,Female,Finance,Finance Manager,7.0,49502.97,51.0,10.0,Y,8.5,9.0,1.0,10.0,4,6.0,8.0,6.0,4.0,Y,8.0,Low,Low,Low,12/04/2015
EMP1691,28.0,Female,Legal,Compliance Officer,1.6,27197.3,35.0,0.0,No,8.0,9.0,1.0,8.0,6,6.0,5.0,6.0,5.0,No,6.0,Low,Low,Low,2025-08-03
EMP2883,34.0,Male,Rnd,Research Analyst,9.9,41951.32,53.0,13.0,Yes,5.8,10.0,1.0,7.0,6,5.0,1.0,2.0,4.0,No,6.0,Low,Low,Low,2025/07/28
EMP3437,34.0,Female,Hr,Software Engineer,0.7,26527.4,38.0,0.0,No,6.7,10.0,1.0,10.0,9,7.0,21.0,4.0,5.0,Yes,7.0,-,Low,Low,2019/01/04
EMP1783,25.0,Male,It,System Admin,1.5,28847.19,53.0,19.0,No,8.5,9.0,1.0,9.0,5,5.0,16.0,3.0,5.0,Y,6.0,Low,Low,Low,03-19-2025
EMP4682,20.0,Female,It,Devops Engineer,2.0,35332.44,31.0,1.0,No,7.3,9.0,1.0,8.0,6,7.0,55.0,2.0,4.0,N,7.0,Low,Low,Low,06/12/2024
EMP5351,28.0,Male,Sales,Account Manager,0.0,40570.74,45.0,0.0,N,8.1,9.0,1.0,9.0,6,7.0,16.0,5.0,5.0,Yes,9.0,Low,Low,Low,10-Sep-2023
EMP5028,38.0,Male,Finance,Finance Manager,6.0,48366.12,45.0,0.0,No,7.1,9.0,1.0,10.0,6,7.0,9.0,5.0,4.0,Y,6.0,Low,Low,Low,2024-05-27
EMP1231,37.0,Male,Information Technology,Devops Engineer,-5.924974163391798,24576.5,52.0,20.0,No,7.3,7.0,3.0,9.0,9,7.0,0.0,3.0,4.0,Yes,5.0,Low,Low,Low,-
EMP4776,33.0,Female,It,Software Engineer,0.6,27959.91,45.0,10.0,Yes,8.2,8.0,1.0,9.0,8,5.0,16.0,4.0,5.0,No,7.0,Low,Low,Low,04-04-2018
EMP3491,33.0,Male,Human Resources,Hr Executive,4.0,26224.04,45.0,4.0,Yes,7.9,9.0,1.0,10.0,6,6.0,46.0,4.0,5.0,N,8.0,Low,Low,Low,08-22-2017
EMP5298,46.0,Male,Finance,Finacnial Analyst,3.9,33031.59,37.0,-4.0,No,6.7,9.0,2.0,6.0,7,8.0,6.0,3.0,5.0,No,7.0,Low,Low,Low,2015/06/15
EMP5278,33.0,F,Research And Development,R&D Engineer,1.4,21198.48,45.0,0.0,Yes,7.3,10.0,1.0,10.0,6,7.0,1.0,6.0,5.0,No,6.0,Low,Low,Low,2018-03-08
EMP5323,35.0,Female,Sales,Sales Manager,0.4,30596.44,50.0,10.0,No,5.3,8.0,1.0,10.0,6,8.0,11.0,2.0,5.0,Yes,9.0,Low,Low,Low,"March 11, 2015"
EMP6134,43.0,Male,Hr,System Admin,0.0,29719.89,30.0,1.0,No,7.9,9.0,1.0,10.0,4,5.0,7.0,3.0,5.0,Yes,6.0,Low,Low,Low,2021/05/29
EMP6143,33.0,Female,Admin,Office Manager,3.7,32425.18,50.0,6.0,No,6.6,8.0,1.0,8.0,7,7.0,0.0,3.0,5.0,N,7.0,Low,Low,Low,08-03-2024
EMP6114,31.0,Male,Customer Support,Support Team Lead,2.0,34796.28,43.0,0.0,Y,6.8,8.0,1.0,10.0,5,5.0,19.0,5.0,5.0,No,8.0,Low,Low,Low,2022-03-31
EMP5295,25.0,Female,Hr,Operations Manager,4.8,42981.06,43.0,7.0,No,8.7,8.0,1.0,7.0,6,9.0,0.0,3.0,5.0,No,7.0,Low,Low,Low,2018/09/28
EMP6818,31.0,Male,R&D,Data Scientist,1.9,33910.9,52.0,8.0,Y,7.4,9.0,1.0,8.0,7,7.0,19.0,3.0,5.0,N,7.0,Low,Low,Low,02-01-2023
EMP1559,35.0,M,Hr,Hr Manager,4.3,46997.39,50.0,9.0,N,7.0,9.0,2.0,6.0,6,6.0,3.0,6.0,5.0,N,7.0,Low,Low,Low,31/03/2017
EMP4166,33.0,Male,Sales,Account Manager,1.2,34058.55,41.0,6.0,N,7.3,9.0,1.0,8.0,4,7.0,12.0,5.0,5.0,Yes,8.0,Low,Low,Low,2021/05/05
EMP4830,26.0,Male,Customer Support,Support Executive,9.0,30686.6,55.0,18.0,No,7.0,9.0,2.0,8.0,5,4.0,9.0,2.0,5.0,N,8.0,Low,Low,Low,2024-10-15
EMP1166,33.0,Female,,Account Manager,5.0,38614.76,47.0,13.0,No,7.4,9.0,1.0,10.0,6,8.0,8.0,2.0,5.0,N,8.0,Low,Low,Low,08-Mar-2023
EMP1043,41.0,Female,Sales,Sales Executive,1.4,28095.15,45.0,4.0,No,7.2,9.0,1.0,10.0,5,7.0,11.0,0.0,5.0,No,8.0,Low,Low,Low,02-04-2022
EMP4268,33.0,Male,Legal,Legal Advisor,2.5,29374.5,40.0,5.0,Yes,7.2,10.0,1.0,10.0,6,7.0,4.0,4.0,5.0,No,6.0,Low,Low,Low,06-21-2024
EMP4233,35.0,Female,Finance,Accountant,5.9,34131.89,44.0,2.0,No,7.0,10.0,1.0,7.0,6,6.0,8.0,2.0,5.0,Y,7.0,Low,Low,Low,06-25-2015
EMP1170,33.0,Male,Hr,System Admin,16.7,47961.05,51.0,18.0,No,6.8,8.0,2.0,8.0,8,6.0,10.0,3.0,5.0,Yes,6.0,Low,Low,Low,2023/11/30
EMP4712,36.0,Male,Sales,Account Manager,5.7,32425.18,36.0,3.0,No,7.9,8.0,1.0,8.0,8,7.0,5.0,3.0,5.0,No,8.0,Low,Low,Low,"June 01, 2030"
EMP2487,33.0,Male,Marketing,Content Strategist,1.4,28307.44,56.0,24.0,N,6.7,8.0,2.0,7.0,5,6.0,5.0,4.0,5.0,No,9.0,Low,Low,Low,06-21-2026
EMP1506,59.0,Male,Marketing,Marketing Executive,1.6,25138.7,50.0,15.0,Yes,6.2,7.0,1.0,6.0,6,5.0,9.0,6.0,5.0,N,6.0,Low,Low,Low,2018/04/30
EMP6296,29.0,Female,Sales,,0.6,38440.58,51.0,3.0,Yes,6.4,9.0,2.0,7.0,6,6.0,5.0,1.0,5.0,,7.0,Low,Low,Low,2015/09/03
EMP2362,32.0,Male,Hr,Logistics Coordinator,3.9,32425.18,50.0,2.0,Y,6.4,10.0,1.0,8.0,6,6.0,4.0,3.0,5.0,Yes,6.0,Low,Low,Low,03-19-2024
EMP4891,38.0,Male,Legal,Legal Counsel,0.4,25636.21,41.0,0.0,-,8.0,10.0,1.0,9.0,4,5.0,32.0,4.0,5.0,Yes,8.0,Low,Low,Low,2022/03/06
EMP6368,20.0,Male,Information Technology,System Admin,2.0,24362.62,44.0,0.0,N,8.2,8.0,1.0,9.0,8,7.0,36.0,3.0,5.0,No,7.0,Low,Low,Low,2020/10/15
EMP1332,32.0,Female,Sales,Account Manager,8.2,49974.41,35.0,9.0,No,7.2,10.0,1.0,10.0,5,7.0,0.0,1.0,5.0,Yes,8.0,Low,Low,Low,07-07-2022
EMP6965,28.0,Female,R&D,Data Scientist,2.5,42546.4,41.0,6.0,Yes,8.5,10.0,1.0,10.0,7,8.0,7.0,5.0,5.0,No,7.0,Low,Low,Low,"November 25, 2024"
EMP5244,37.0,Male,Operations,Operations Executive,2.5,32425.18,43.0,0.0,Yes,6.4,10.0,1.0,8.0,8,7.0,8.0,4.0,5.0,N,9.0,Low,Low,Low,06-Jan-2015
EMP3045,29.0,-,It,System Admin,4.4,32425.18,34.0,3.0,Yes,8.2,10.0,1.0,10.0,6,6.0,0.0,-9.0,5.0,No,6.0,Low,Low,Low,03-06-2022
EMP3384,34.0,Male,Customer Support,Support Executive,1.8,26047.6,46.0,8.0,N,5.0,9.0,1.0,10.0,6,7.0,11.0,2.0,5.0,N,7.0,Low,Low,Low,04-10-2015
EMP2492,35.0,Male,It,Software Engineer,1.8,26490.46,42.0,6.0,Yes,7.0,10.0,1.0,10.0,10,7.0,39.0,1.0,5.0,No,7.0,Low,Low,Low,11-16-2021
EMP5269,23.0,Male,Marketing,Content Strategist,5.0,27970.99,47.0,6.0,No,6.4,10.0,1.0,9.0,7,8.0,5.0,4.0,5.0,No,6.0,Low,Low,Low,15-Aug-2024
EMP3995,39.0,Female,Sales,Sales Executive,2.3,25946.73,41.0,0.0,Yes,7.1,10.0,2.0,8.0,4,6.0,12.0,4.0,5.0,Y,7.0,Low,Low,Low,01-09-2015
EMP4033,20.0,Female,Operations,Logistics Coordinator,2.0,33302.43,37.0,0.0,No,7.3,10.0,1.0,10.0,4,5.0,0.0,0.0,5.0,Yes,7.0,Low,Low,Low,2027-03-15
EMP5975,33.0,Other,Sale,Business Development Executive,5.1,30506.9,50.0,10.0,No,8.0,10.0,1.0,9.0,3,5.0,3.0,3.0,4.0,No,6.0,Low,Low,Low,04-10-2016
EMP5082,45.0,Male,Admin,Front Desk Executive,0.6,20425.43,50.0,15.0,No,5.2,9.0,1.0,7.0,5,6.0,0.0,4.0,5.0,No,6.0,Low,Low,Low,2020-05-16
EMP2605,24.0,Male,Hr,Recruiter,0.6,28118.64,52.0,12.0,Yes,6.9,7.0,3.0,8.0,4,5.0,23.0,4.0,5.0,No,6.0,Low,Low,Low,30-Aug-2024
EMP4152,31.0,Male,Customer Support,Support Team Lead,2.5,53063.22,40.0,0.0,Yes,7.5,10.0,1.0,10.0,7,9.0,31.0,4.0,5.0,Yes,8.0,Low,Low,Low,04/09/2022
EMP3458,31.0,Male,Finance,Finance Manager,6.2,50578.98,48.0,8.0,Yes,9.0,9.0,1.0,10.0,8,7.0,11.0,2.0,5.0,N,8.0,Low,Low,Low,2025/04/28
EMP3307,33.0,Female,Research And Development,R&D Engineer,1.8,23198.73,59.0,14.0,Yes,7.2,7.0,1.0,8.0,4,7.0,0.0,0.0,5.0,Yes,7.0,Low,Low,Low,19/05/2015
EMP2026,50.0,Female,Sales,Sales Executive,0.6,32425.18,44.0,6.0,No,7.1,10.0,1.0,10.0,5,6.0,11.0,4.0,5.0,No,7.0,Low,Low,Low,2015-09-25
EMP4129,38.0,Female,Finance,Accountant,0.0,32425.18,55.0,13.0,-,7.2,8.0,1.0,10.0,6,6.0,38.0,5.0,5.0,Y,7.0,Low,Low,Low,2024/12/05
EMP5831,24.0,Male,Operations,Operations Executive,6.0,29110.59,43.0,0.0,No,7.6,10.0,1.0,9.0,1,5.0,45.0,3.0,5.0,Y,9.0,Low,Low,Low,01-23-2022
EMP5823,33.0,Male,Customer Support,Customer Success Manager,7.2,38825.39,48.0,10.0,No,6.6,9.0,1.0,10.0,6,6.0,3.0,5.0,5.0,Yes,8.0,Low,Low,Low,2020-11-29
EMP5647,33.0,Male,Operations,Logistics Coordinator,6.5,32425.18,34.0,0.0,Y,6.7,10.0,2.0,8.0,4,4.0,2.0,1.0,4.0,No,6.0,Low,Low,Low,"September 07, 2021"
EMP6582,32.0,Male,Sales,Business Development Executive,2.5,44512.68,45.0,4.0,No,7.2,9.0,1.0,10.0,5,5.0,5.0,2.0,5.0,No,7.0,Low,Low,Low,2018-06-08
EMP3697,39.0,Male,It,System Admin,1.7,32425.18,34.0,0.0,No,7.2,10.0,1.0,10.0,1,5.0,2.0,2.0,5.0,Yes,9.0,Low,Low,Low, 
EMP3513,28.0,Female,Finance,Auditor,4.9,41107.56,53.0,19.0,No,7.0,8.0,1.0,7.0,6,7.0,12.0,1.0,5.0,Y,6.0,Low,Low,Low,29-Jun-2019
EMP4749,26.0,Male,Admin,Office Manager,1.5,32425.18,44.0,5.0,No,7.5,9.0,1.0,9.0,4,5.0,2.0,4.0,5.0,-,7.0,Low,Low,Low,29/02/2016
EMP5673,38.0,Female,Customer Support,Customer Success Manager,2.2,40313.67,39.0,0.0,No,8.2,9.0,1.0,10.0,6,7.0,2.0,1.0,5.0,N,8.0,Low,Low,Low,"February 23, 2024"
EMP2338,32.0,Female,R&D,R&D Engineer,0.6,17970.28,34.0,5.0,Y,8.5,10.0,1.0,10.0,8,7.0,10.0,3.0,5.0,No,7.0,Low,Low,Low,"October 27, 2015"
EMP6659,49.0,Male,Legal,Legal Counsel,1.5,23554.39,54.0,15.0,Yes,7.7,8.0,1.0,9.0,6,5.0,10.0,1.0,5.0,Yes,8.0,Low,Low,Low,02-08-2021
EMP6963,37.0,M,Marketing,Support Team Lead,10.3,38212.24,51.0,7.0,Yes,6.3,8.0,4.0,9.0,1,5.0,0.0,3.0,5.0,Yes,8.0,Low, ,Medium, 
 emp4679 ,38.0,Male,Hr,Hr Generalist,6.0,37000.07,37.0,0.0,No,5.7,10.0,1.0,8.0,8,7.0,23.0,0.0,4.0,Yes,6.0,Unknown,Low,Low,"January 23, 2022"
EMP2956,33.0,Male,Hr,Recruiter,0.7,29042.34,45.0,0.0,Y,7.2,10.0,1.0,10.0,7,7.0,28.0,5.0,5.0,No,9.0,Low,Low,Low,03/11/2023
EMP4245,33.0,Male,Admin,Admin Executive,3.2,22709.87,36.0,0.0,Yes,7.2,9.0,1.0,10.0,3,5.0,10.0,2.0,5.0,Y,7.0,Low,Low,Low,07-15-2018
EMP6390,21.0,Male,It,Software Engineer,3.0,28197.91,43.0,14.0,No,6.5,9.0,2.0,10.0,4,6.0,10.0,0.0,3.0,Yes,8.0,Low,Low,Low,02-Jun-2021
EMP6292,39.0,Female,R&D,Research Analyst,0.2,27744.38,42.0,2.0,No,8.5,10.0,1.0,10.0,5,7.0,1.0,4.0,5.0,Y,6.0,Low,Low,Low,03-16-2023
EMP2398,42.0,Male,Hr,Business Development Executive,4.0,28404.91,45.0,0.0,N,8.2,9.0,1.0,10.0,8,8.0,0.0,2.0,5.0,Yes,7.0,Low,Low,Low, 
EMP4724,40.0,Female,Admin,Front Desk Executive,12.0,44980.72,56.0,26.0,No,6.4,8.0,1.0,7.0,6,4.0,42.0,5.0,3.0,N,6.0,Low,Low,Medium,2017/11/25
EMP6830,20.0,Male,Marketing,-,2.0,24962.81,35.0,0.0,Yes,8.3,10.0,1.0,10.0,4,6.0,64.0,6.0,5.0,No,7.0,Low,Low,Low,2022-07-18
EMP5209,28.0,Male,Operations,Operations Executive,2.5,28292.27,46.0,8.0,N,6.7,9.0,1.0,9.0,6,7.0,6.0,1.0,5.0,Yes,7.0,Low,Low,Low,07-21-2016
EMP2368,24.0,Male,R&D,R&D Engineer,2.5,28030.45,30.0,5.0,No,7.1,9.0,1.0,9.0,,7.0,10.0,3.0,5.0,No,7.0,Low,Low,Low,-
EMP4933,34.0,F,Customer Support,Support Team Lead,0.4,28151.21,54.0,18.0,No,6.9,8.0,2.0,7.0,5,4.0,10.0,4.0,5.0,No,8.0,Low,Low,Low,"June 27, 2015"
EMP6798,36.0,Female,Legal,Compliance Officer,8.9,32976.71,56.0,5.0,No,7.4,9.0,4.0,10.0,5,6.0,2.0,4.0,5.0,Y,7.0,Low,Low,Medium,2024-07-08
EMP6063,37.0,Other,Marketing,Seo Specialist,8.6,44613.22,45.0,0.0,No,7.4,9.0,1.0,10.0,6,6.0,28.0,1.0,5.0,,7.0,Low,Low,Low,2021-08-11
EMP4851,33.0,Female,It,System Admin,5.5,32089.37,46.0,14.0,No,7.6,10.0,1.0,10.0,6,6.0,2.0,2.0,5.0,N,7.0,Low,Low,Low,03/09/2016
EMP4784,42.0,Male,R&D,R&D Engineer,6.7,32425.18,32.0,1.0,N,7.5,10.0,1.0,9.0,9,7.0,1.0,1.0,3.0,Yes,7.0,Low,Low,Low,20-Feb-2024
EMP6872,22.0,Male,Sales,Sales Executive,2.6,23956.88,45.0,8.0,No,6.6,9.0,2.0,8.0,8,7.0,10.0,5.0,5.0,Yes,7.0,Low,Low,Low, 
EMP5396,28.0,-,Sales,Sales Manager,4.8,40029.54,42.0,0.0,No,6.7,10.0,1.0,9.0,3,7.0,20.0,2.0,5.0,Yes,8.0,Low,Low,Low,02/04/2023
EMP4546,32.0,Female,-,Support Team Lead,1.0,34172.71,43.0,4.0,No,15.0,9.0,2.0,9.0,6,7.0,6.0,4.0,5.0,Yes,8.0,Low,Low,Low,13/06/2016
EMP5315,39.0,Male,Legal,Legal Advisor,4.0,32315.46,45.0,1.0,No,6.7,10.0,1.0,9.0,4,6.0,17.0,1.0,5.0,No,6.0,Low,Low,Low, 
EMP2707,33.0,Female,Finance,Financial Analyst,1.6,23394.55,39.0,3.0,Y,7.3,8.0,3.0,10.0,5,6.0,10.0,4.0,4.0,Yes,6.0,Low,Low,Low,20/12/2020
EMP5325,33.0,Male,It,Devops Engineer,0.8,26975.23,36.0,1.0,No,6.7,10.0,1.0,9.0,7,8.0,16.0,4.0,5.0,Yes,7.0,Low,Low,Low,"July 05, 2024"
EMP5087,31.0,M,Hr,Hr Generalist,8.5,36757.26,49.0,9.0,Yes,7.3,8.0,1.0,9.0,6,7.0,8.0,3.0,5.0,Yes,7.0,Low,Low,Low,02-Feb-2016
EMP5797,25.0,Female,It,It Support,2.7,26649.63,56.0,10.0,No,7.7,9.0,1.0,9.0,5,4.0,6.0,3.0,5.0,-,9.0,Low,Low,Low,2017-06-05
EMP4713,20.0,M,Ops,-,1.2,31191.53,41.0,0.0,N,8.0,10.0,1.0,9.0,7,6.0,6.0,5.0,5.0,Yes,7.0,Low,-,Low,"January 07, 2017"
EMP1916,41.0,Male,Sales,,1.2,27052.62,55.0,11.0,No,7.9,10.0,1.0,10.0,6,6.0,10.0,4.0,5.0,N,6.0,Low,Low,Low,2023/10/16
EMP3629,40.0,Female,It,Qa Engineer,0.6,29848.94,36.0,5.0,Yes,6.9,9.0,1.0,8.0,10,7.0,86.0,3.0,4.0,No,9.0,Low,Low,Low,2019-01-01
EMP6067,22.0,Male,Human Resources,Hr Generalist,4.0,38197.01,60.0,20.0,No,7.2,9.0,1.0,10.0,6,5.0,27.0,4.0,5.0,N,6.0,Low,Low,Low,2024-08-06
EMP5047,38.0,Female,R&D,R&D Engineer,0.1,26026.55,35.0,11.0,No,6.9,10.0,1.0,10.0,2,5.0,22.0,0.0,5.0,N,9.0,Low,Low,Low,02/07/2023
EMP4053,37.0,Male,Hr,Hr Executive,6.6,30245.99,57.0,24.0,Yes,6.9,6.0,2.0,8.0,6,6.0,9.0,4.0,5.0,No,8.0,Low,Low,Low,2015-07-22
EMP6614,25.0,M,It,It Support,1.7,25645.47,32.0,3.0,No,7.3,10.0,3.0,8.0,4,5.0,7.0,1.0,4.0,N,6.0,Low,Low,Low,06-Jun-2023
EMP1091,28.0,Male,Marketing,Marketing Manager,3.6,33610.91,46.0,9.0,Yes,7.2,7.0,2.0,8.0,8,7.0,17.0,3.0,5.0,No,7.0,Low,Low,Low,"July 27, 2022"
EMP5596,27.0,Male,R&D,Research Analyst,0.9,30795.12,45.0,22.0,Yes,7.1,8.0,1.0,9.0,7,8.0,31.0,1.0,5.0,No,7.0,Low,Low,Low,2017-04-05
EMP2163,42.0,Male,Customer Support,Support Executive,4.5,28057.55,30.0,0.0,Yes,6.6,10.0,1.0,10.0,5,7.0,0.0,2.0,5.0,No,8.0,Low,Low,Low,13-Apr-2020
EMP5731,38.0,Male,R&D,,0.7,24355.12,48.0,4.0,No,7.2,8.0,1.0,7.0,-,5.0,5.0,5.0,5.0,No,7.0,Low,Low,Low,09-08-2015
EMP5177,34.0,Male,It,It Support,0.8,29425.44,39.0,1.0,Yes,7.2,10.0,1.0,10.0,7,7.0,0.0,0.0,5.0,Yes,6.0,Low, ,Low,24-Sep-2023
EMP1912,41.0,Female,Rnd,Data Scientist,1.8,21230.5,48.0,5.0,Y,7.8,10.0,1.0,9.0,6,6.0,4.0,2.0,5.0,Y,8.0,Low,Low,Low,19/02/2021
EMP1218,43.0,Male,It,Devops Engineer,1.9,28983.77,45.0,0.0,No,6.9,10.0,2.0,8.0,5,5.0,4.0,-5.0,5.0,No,8.0,Low,Low,Low,"November 02, 2022"
EMP4260,34.0,Female,Customer Support,Customer Success Manager,1.8,46262.05,52.0,18.0,No,6.6,9.0,3.0,7.0,8,7.0,3.0,6.0,5.0,No,7.0,Low,Low,Low,2023/12/16
EMP2909,33.0,Female,Admin,Front Desk Executive,0.2,19315.35,31.0,0.0,No,7.6,10.0,1.0,9.0,6,8.0,15.0,6.0,5.0,Yes,6.0,Low,Low,Low,01-22-2015
EMP2660,36.0,Female,Research And Development,Research Analyst,0.9,23171.92,35.0,0.0,Yes,20.0,10.0,1.0,10.0,4,6.0,0.0,3.0,5.0,Yes,6.0,Low,-,Low,2019/01/03
EMP3505,24.0,Male,Sales,Business Development Executive,0.1,26833.7,39.0,0.0,No,6.7,9.0,1.0,9.0,7,7.0,19.0,1.0,5.0,No,8.0,Low,Low,Low,"July 05, 2021"
EMP4985,21.0,Male,Sales,Sales Executive,0.3,23873.66,37.0,0.0,Y,7.5,10.0,1.0,7.0,6,5.0,12.0,1.0,5.0,Yes,5.0,Low,Low,Low,2018-03-06
EMP4522,40.0,Female,Legal,Compliance Officer,3.3,31172.51,39.0,6.0,N,-9.99625122631139,10.0,1.0,9.0,6,8.0,21.0,2.0,5.0,No,7.0,Low,Low,Low,2026-03-24
EMP5126,25.0,Male,Legal,Legal Counsel,5.0,34958.23,43.0,0.0,No,7.3,9.0,1.0,9.0,7,7.0,15.0,3.0,5.0,Yes,8.0,Low, ,Low,2025/09/19
EMP3990,33.0,Male,Hr,Recruiter,12.4,33353.25,48.0,10.0,No,6.1,10.0,2.0,10.0,8,8.0,21.0,0.0,5.0,N,7.0,Low,Low,Low,"December 26, 2018"
EMP4869,36.0,Male,Hr,Customer Success Manager,2.7,42687.41,35.0,-11.0,No,6.1,9.0,1.0,6.0,4,8.0,19.0,3.0,5.0,Yes,6.0,Low,Low,Low,2016/04/15
EMP5093,46.0,Female,Hr,Recruiter,0.1,23663.03,30.0,0.0,-,7.4,10.0,1.0,10.0,6,6.0,23.0,1.0,5.0,N,7.0,Low,Low,Low,2021/04/29
EMP2144,20.0,Female,Sales,Sales Manager,2.0,51441.9,33.0,2.0,Yes,5.4,8.0,1.0,9.0,8,6.0,9.0,3.0,5.0,N,7.0,Low,Low,Low,-
EMP1124,20.0,Male,Finance,Finance Manager,2.0,41531.66,36.0,3.0,No,8.1,10.0,1.0,10.0,1,4.0,18.0,3.0,5.0,N,8.0,Low,Low,Medium,2025/03/08
EMP5164,42.0,Female,Marketing,Support Team Lead,2.0,36732.7,45.0,8.0,No,8.5,9.0,1.0,8.0,9,7.0,2.0,4.0,5.0,No,7.0,Low,Low,Low,16-Jul-2015
EMP4870,40.0,M,Customer Support,Support Team Lead,1.6,40951.38,41.0,4.0,No,6.8,9.0,2.0,9.0,6,5.0,10.0,2.0,5.0,Yes,8.0,Low,Low,Low,06-14-2018
EMP3994,25.0,Male,Legal,Compliance Officer,7.0,32425.18,47.0,0.0,Yes,6.1,10.0,1.0,7.0,9,8.0,27.0,3.0,5.0,Yes,8.0,Low,Low,Low,11-18-2022
EMP6005,33.0,Female,Finance,Financial Analyst,1.7,29022.35,46.0,7.0,N,7.0,9.0,1.0,9.0,5,6.0,14.0,3.0,5.0,Yes,5.0,Low,Low,Low,2023-06-23
EMP6046,33.0,Male,I.T.,It Support,11.3,34789.91,51.0,11.0,No,7.0,10.0,1.0,10.0,5,6.0,2.0,2.0,5.0,Y,7.0,Low,Low,Low,2022/03/08
EMP6093,33.0,Female,Customer Support,Customer Success Manager,8.6,55596.27,36.0,2.0,No,7.9,9.0,1.0,10.0,7,6.0,8.0,4.0,5.0,Y,7.0,Low,Low,Low,2024-12-04
EMP4430,41.0,M,Operations,Operations Executive,3.8,31840.55,45.0,9.0,Yes,7.1,8.0,3.0,8.0,8,7.0,18.0,2.0,5.0,N,9.0,Low,Low,Low,05-Nov-2016
EMP6570,33.0,Male,Operations,Operations Executive,3.8,28928.83,43.0,11.0,N,7.5,8.0,1.0,10.0,6,6.0,14.0,2.0,5.0,Yes,7.0,Low,Low,Low,2022-10-18
EMP1867,35.0,Female,Customer Support,Customer Success Manager,9.5,50438.18,54.0,9.0,No,7.4,8.0,3.0,7.0,4,4.0,11.0,0.0,5.0,No,7.0,Low,Low,Low,12-Nov-2015
EMP3915,20.0,Female,Operations,Logistics Coordintaor,2.0,28811.24,35.0,5.0,Yes,20.0,9.0,1.0,8.0,5,7.0,9.0,6.0,5.0,Yes,6.0,Low,Low,Low,29/06/2022
EMP1085,31.0,Male,Administration,Front Desk Executive,2.9,26836.52,39.0,5.0,Yes,8.1,10.0,1.0,8.0,5,5.0,10.0,3.0,4.0,No,7.0,Low,Low,Low,2023/07/14
EMP3630,31.0,Female,Marketing,-,4.8,28959.35,30.0,0.0,No,9.0,9.0,1.0,10.0,6,6.0,11.0,3.0,5.0,Yes,7.0,Low,Low,Low,19/05/2016
EMP3421,33.0,Male,R&D,R&D Engineer,4.1,33355.3,42.0,7.0,Yes,8.3,10.0,2.0,8.0,6,6.0,52.0,3.0,5.0,N,8.0,Low,Low,Low,2023-07-12
EMP2380,43.0,-,Sales,Account Manager,1.6,34677.85,49.0,-10.0,Yes,6.5,10.0,1.0,10.0,2,7.0,0.0,4.0,5.0,Yes,7.0,Low,Low,Low,2019/11/10
EMP6132,33.0,Female,Admin,Office Manager,0.8,36785.78,47.0,12.0,No,6.9,9.0,1.0,10.0,9,8.0,6.0,0.0,5.0,Yes,7.0,Low,Low,Low,"March 05, 2018"
EMP6568,43.0,Male,-,Account Manager,6.4,32425.18,42.0,0.0,Yes,7.0,10.0,3.0,9.0,7,6.0,7.0,7.0,4.0,N,7.0,Low,Low,Low,-
EMP3758,42.0,Male,Hr,Recruiter,4.7,32629.54,61.0,18.0,No,7.2,9.0,2.0,8.0,9,6.0,53.0,0.0,5.0,N,6.0,Low,Low,Low,08-08-2024
EMP2042,33.0,Other,Sales,Sales Manager,0.7,35188.52,35.0,0.0,No,8.1,10.0,1.0,9.0,5,5.0,2.0,1.0,5.0,No,7.0,Low,Low,Low,24-Sep-2018
EMP4179,33.0,Female,Operations,Operations Manager,5.5,53583.95,37.0,0.0,No,6.0,10.0,2.0,7.0,8,7.0,12.0,0.0,5.0,No,7.0,-,Low,Low,-
EMP6990,32.0,Male,Customer Support,Customer Success Manager,8.4,49756.99,42.0,5.0,N,6.6,9.0,1.0,10.0,7,8.0,13.0,3.0,5.0,No,6.0,Low,Low,Low,14-May-2022
EMP6594,59.0,Female,R&D,Support Team Lead,1.5,43039.7,45.0,2.0,No,7.2,10.0,2.0,7.0,6,6.0,6.0,2.0,5.0,No,7.0,Low,Low,Low,-
EMP1078,26.0,Male,Finance,Financial Analyst,3.3,33634.6,50.0,15.0,No,6.7,7.0,1.0,10.0,4,6.0,10.0,4.0,4.0,N,8.0,Low,Low,Low,"February 12, 2022"
EMP3064,33.0,Female,Operations,Operations Manager,2.2,34448.91,45.0,9.0,No,7.2,10.0,1.0,10.0,4,7.0,6.0,4.0,4.0,Yes,6.0,Low,Low,Low,"March 16, 2022"
EMP3940,22.0,Male,Legal,Legal Counsel,0.3,32425.18,44.0,6.0,No,7.5,9.0,1.0,8.0,10,8.0,10.0,3.0,5.0,Yes,7.0,Low,Low,Low,-
EMP4062,25.0,Male,Customer Support,Customer Sucecss Manager,2.0,32084.27,46.0,8.0,No,7.3,8.0,2.0,9.0,5,5.0,4.0,4.0,5.0,N,7.0,Low,Low,Low,"October 03, 2025"
EMP4365,33.0,Female,It,Support Team Lead,1.6,25715.36,31.0,0.0,-,8.2,9.0,1.0,10.0,7,6.0,10.0,1.0,5.0,Yes,6.0,Low,Low,Low,"April 04, 2015"
EMP3735,22.0,Female,Operations,Operations Manager,0.9,47270.19,43.0,0.0,No,0.5,9.0,1.0,10.0,1,5.0,29.0,-7.0,5.0,No,6.0,Low,Low,Low, 
EMP3929,35.0,Male,It,Devops Engineer,2.3,28302.18,55.0,24.0,N,6.4,9.0,1.0,10.0,6,8.0,7.0,5.0,5.0,Yes,6.0,Low,Low,Low,-
EMP5419,35.0,Female,R&D,R&D Engineer,1.5,24853.98,49.0,11.0,Yes,8.6,9.0,1.0,8.0,6,8.0,15.0,7.0,5.0,Yes,10.0,Low,Low,Low,"October 17, 2017"
EMP3648,21.0,Female,Hr,Hr Manager,3.0,32425.18,43.0,0.0,No,6.3,10.0,1.0,8.0,6,6.0,0.0,1.0,5.0,-,7.0,Low,Low,Low,25/08/2016
EMP3971,31.0,Male,Legal,Legal Advisor,1.6,32425.18,33.0,0.0,Yes,8.0,9.0,1.0,8.0,5,8.0,2.0,4.0,5.0,N,7.0,Low,Low,Low,02-02-2024
EMP2055,33.0,Female,Operations,Operations Manager,1.0,42700.04,45.0,21.0,Yes,6.9,9.0,1.0,9.0,4,6.0,10.0,3.0,5.0,No,7.0,Low,Low,Low,"April 17, 2023"
EMP1339,20.0,Male,Operations,Logistics Coordinator,2.0,28145.77,51.0,5.0,Yes,7.0,10.0,1.0,9.0,3,7.0,16.0,8.0,5.0,N,7.0,Low,Low,Low,2025/06/09
EMP2798,30.0,Male,Hr,Hr Executive,0.3,18616.92,33.0,9.0,No,15.0,9.0,1.0,9.0,-,5.0,14.0,6.0,5.0,No,7.0,,Low,Low,03-06-2025
EMP5081,57.0,Female,Finance,Auditor,2.9,32611.05,45.0,7.0,No,8.2,9.0,1.0,10.0,5,7.0,8.0,3.0,5.0,No,7.0,Low,Low,Low,04-10-2018
EMP3257,25.0,Male,Marketing,Marketing Manager,2.9,32425.18,43.0,5.0,Yes,5.9,10.0,1.0,9.0,2,6.0,10.0,1.0,5.0,No,7.0,Low,Low,Low,2024/07/09
EMP5677,41.0,Female,R&D,Research Analyst,0.5,22173.95,47.0,9.0,No,5.9,7.0,1.0,10.0,3,6.0,100.0,3.0,5.0,Yes,8.0,Low,Low,Low,2024-10-26
EMP6680,25.0,M,Finance,Accountant,1.5,18324.83,45.0,0.0,No,7.2,10.0,3.0,9.0,6,7.0,26.0,3.0,5.0,No,7.0,Low,Low,Low,25-Jan-2023
EMP1723,29.0,F,Customersupport,Customer Success Manager,0.9,38160.65,41.0,5.0,No,8.5,10.0,1.0,10.0,4,6.0,57.0,3.0,5.0,No,7.0,Low,Low,Low,21-Apr-2023
EMP2954,35.0,Male,Hr,Hr Manager,4.0,42545.07,57.0,31.0,No,7.4,7.0,2.0,10.0,6,6.0,13.0,6.0,5.0,Yes,7.0,Low,Low,Medium,10-20-2016
EMP5023,44.0,Other,Hr,Ssytem Admin,2.9,30072.61,35.0,0.0,N,7.2,10.0,1.0,9.0,6,6.0,23.0,2.0,5.0,No,9.0,Low,Low,Low,2023-08-06
EMP1003,20.0,Male,Admin,Office Manager,2.5,40111.42,45.0,14.0,No,7.6,8.0,1.0,8.0,5,5.0,4.0,1.0,5.0,Yes,7.0,Low, ,Low,31/07/2018
EMP1501,42.0,Male,Customer Support,Support Executive,1.7,29426.14,37.0,0.0,No,8.4,10.0,1.0,10.0,4,5.0,10.0,0.0,5.0,Yes,7.0,Low,Low,Low,06-Dec-2017
EMP4072,26.0,Female,Hr,Hr Executive,8.0,34098.56,38.0,0.0,N,7.7,10.0,1.0,10.0,6,6.0,19.0,3.0,5.0,N,7.0,Low,Low,Low,2024-02-18
EMP1310,33.0,Female,Legal,Legal Counsel,2.8,27553.3,30.0,5.0,No,8.8,10.0,1.0,8.0,2,4.0,4.0,5.0,5.0,No,6.0,Low,Low,Low,"September 21, 2021"
EMP3684,34.0,Female,Hr,Hr Generalist,1.5,28475.66,38.0,9.0,No,7.2,9.0,1.0,9.0,7,7.0,10.0,4.0,5.0,Yes,7.0,Low,Low,Low,2024-09-27
EMP2227,28.0,Male,Legal,Compliance Officer,7.7,37395.77,45.0,4.0,No,7.4,10.0,1.0,9.0,7,7.0,2.0,2.0,5.0,Yes,7.0,Low,Low,Low,"February 27, 2023"
EMP4376,28.0,Male,Operations,Logistics Coordinator,3.5,30409.76,50.0,2.0,No,6.3,10.0,1.0,8.0,,7.0,3.0,2.0,5.0,No,7.0,Low,Low,Low,12/08/2019
EMP5490,32.0,Female,Legal,Compliance Officer,1.0,31898.32,45.0,2.0,Y,7.4,10.0,1.0,10.0,5,5.0,9.0,4.0,5.0,N,8.0,Low,Low,Low,-
EMP6405,20.0,Male,R&D,Research Analyst,1.3,21561.8,42.0,0.0,Yes,7.2,10.0,1.0,10.0,8,6.0,10.0,3.0,5.0,Y,7.0,Low,Low,Low,12-03-2022
EMP3386,33.0,Female,R&D,Support Team Lead,3.4,25738.65,48.0,19.0,Y,6.6,9.0,1.0,8.0,5,6.0,7.0,0.0,4.0,No,7.0,Low,Low,Low,2025/09/26
EMP1608,32.0,Male,Rnd,Support Team Lead,1.2,32425.18,40.0,0.0,N,6.4,10.0,1.0,8.0,6,7.0,33.0,7.0,5.0,No,10.0,Low, ,Low,2019-07-11
EMP5769,23.0,Male,Finance,Support Team Lead,1.2,26366.32,45.0,0.0,No,8.2,10.0,2.0,10.0,5,7.0,3.0,2.0,5.0,No,7.0,Low,Low,Low,12/12/2017
EMP4890,31.0,Male,It,Devops Engineer,4.3,34890.81,36.0,-9.0,N,6.3,10.0,1.0,10.0,4,7.0,10.0,1.0,5.0,No,5.0,Low,Low,Low,26-Jul-2018
EMP2592,23.0,Male,Sales,Sales Manager,4.0,38004.9,41.0,0.0,N,8.0,9.0,3.0,8.0,6,6.0,38.0,5.0,5.0,N,7.0,Low,Low,Low,2016-09-24
EMP5847,31.0,F,Legal,Compliance Officer,0.6,29651.86,32.0,4.0,No,7.2,8.0,1.0,10.0,6,7.0,30.0,1.0,5.0,No,8.0,Low,Low,Low,"February 03, 2021"
EMP4790,20.0,Male,Hr,Support Team Lead,2.0,27792.1,45.0,7.0,No,7.6,9.0,2.0,8.0,9,7.0,37.0,1.0,5.0,No,7.0,Low,Low,Low,"March 07, 2015"
EMP2945,33.0,Female,Sales,Support Team Lead,6.8,51535.35,37.0,3.0,No,7.4,10.0,1.0,9.0,6,8.0,8.0,2.0,5.0,Yes,6.0,Low,Low,Low,2017-03-31
EMP5472,33.0,Female,Hr,Hr Executive,3.7,29072.02,53.0,18.0,N,6.7,7.0,2.0,8.0,6,6.0,8.0,4.0,5.0,No,6.0,Low,Low,Low,2023-04-10
EMP4045,39.0,Male,It,Software Engineer,5.7,37082.9,37.0,0.0,Y,7.3,10.0,1.0,10.0,7,7.0,33.0,3.0,5.0,N,7.0,Unknown,Low,Low,"November 23, 2015"
EMP2049,24.0,Male,Marketing,Marketing Manager,2.6,40807.95,53.0,17.0,N,7.4,7.0,1.0,9.0,5,4.0,1.0,1.0,4.0,N,7.0,Low,Low,Low,"April 19, 2018"
EMP6644,38.0,Male,Finance,Finance Manager,1.2,43420.08,42.0,0.0,No,7.2,9.0,1.0,10.0,5,7.0,0.0,2.0,5.0,Yes,9.0,Low,Low,Low,11-07-2018
EMP1347,30.0,Male,Legal,Compliance Officer,-5.565598027278274,31358.33,56.0,5.0,N,6.5,6.0,1.0,10.0,3,4.0,10.0,2.0,5.0,No,7.0,Low,Low,Medium,04-26-2024
EMP2996,35.0,Female,It,Software Engineer,1.2,30634.91,45.0,0.0,No,7.2,9.0,1.0,10.0,5,7.0,8.0,3.0,5.0,Yes,7.0,Low,Low,Low,25-Jun-2017
EMP1103,20.0,Male,Legal,Legal Counsel,0.2,32425.18,45.0,2.0,No,7.1,9.0,2.0,9.0,5,6.0,10.0,1.0,5.0,No,7.0,Low,Low,Low,11-04-2025
EMP5861,33.0,Male,R&D,Support Team Lead,0.2,23128.5,56.0,26.0,Yes,6.6,9.0,2.0,8.0,9,7.0,1.0,4.0,5.0,No,7.0,Low,Low,Low,21/10/2021
EMP4755,40.0,Male,Admin,Admin Exectuive,1.0,28416.67,30.0,0.0,N,6.0,10.0,1.0,9.0,6,6.0,39.0,6.0,4.0,N,8.0,Low,Low,Low,07-30-2015
EMP2279,30.0,Female,Customer Support,Customer Success Manager,8.6,52148.4,59.0,24.0,No,7.3,6.0,2.0,9.0,6,7.0,13.0,1.0,5.0,Y,7.0,Low,Low,Low,2025/06/03
EMP6933,45.0,Female,Admin,Admin Executive,1.3,21886.95,44.0,0.0,No,7.7,10.0,1.0,10.0,5,5.0,12.0,0.0,5.0,No,7.0,Low,Low,Low,"January 06, 2022"
EMP4171,25.0,Male,Operations,Operations Executive,1.4,27404.78,30.0,0.0,Yes,8.0,9.0,1.0,9.0,4,6.0,13.0,2.0,5.0,Y,8.0,Low,Low,Low,"January 22, 2022"
EMP3982,33.0,Male,Admin,-,3.9,24287.23,47.0,1.0,No,6.6,9.0,1.0,9.0,5,7.0,16.0,3.0,5.0,No,6.0,Low,Low,Low,09-Oct-2024
EMP6094,42.0,Male,Hr,Data Scientist,5.5,51712.27,38.0,0.0,N,6.3,9.0,1.0,8.0,7,6.0,10.0,5.0,5.0,No,8.0,Extreme,Low,Low,07-31-2022
EMP2258,33.0,Male,Admin,Office Manager,4.4,36080.63,52.0,8.0,N,7.4,10.0,1.0,10.0,5,5.0,16.0,7.0,5.0,No,9.0,Low,Low,Low,18/06/2023
EMP4255,33.0,Female,Legal,Legal Advisor,1.3,23661.15,43.0,1.0,No,8.2,10.0,1.0,9.0,4,6.0,21.0,5.0,5.0,N,8.0,Low,Low,Low,15/03/2026
EMP5268,39.0,Male,Legal,Legal Advisor,0.1,27450.3,45.0,15.0,No,6.9,6.0,1.0,9.0,6,7.0,21.0,6.0,5.0,N,8.0,Low,Low,Low,05-13-2026
EMP6342,33.0,Male,Customer Support,Support Executive,1.8,26908.14,47.0,5.0,No,6.8,10.0,2.0,9.0,8,8.0,26.0,5.0,4.0,,7.0,Low,Low,Low,16/03/2026
EMP3381,42.0,Male,Hr,Hr Executive,1.6,30582.93,61.0,5.0,N,6.1,5.0,5.0,8.0,6,5.0,12.0,3.0,4.0,No,6.0,-,Low,Medium,2025-01-02
EMP4717,32.0,Male,Operations,Operations Executive,4.0,31070.94,46.0,0.0,No,6.8,9.0,1.0,9.0,7,6.0,16.0,3.0,5.0,N,6.0,Low,Low,Low,11-30-2021
EMP3153,22.0,Male,It,System Admin,1.4,29897.72,40.0,2.0,No,7.2,9.0,1.0,9.0,9,7.0,10.0,2.0,5.0,N,7.0,Low,Low,Low,2024-01-28
EMP4433,35.0,Female,Operations,Operations Manager,0.2,28231.24,50.0,5.0,Yes,7.5,10.0,1.0,10.0,9,6.0,13.0,2.0,5.0,N,7.0,Low,Low,Low,19-Jul-2025
EMP5170,38.0,Male,It,Software Engineer,0.8,32425.18,45.0,10.0,-,6.3,8.0,2.0,8.0,7,8.0,10.0,0.0,5.0,Yes,5.0,Low, ,Low,-
EMP1815,26.0,Female,Legal,Compliance Officer,5.6,31182.03,40.0,3.0,N,6.6,9.0,2.0,8.0,5,7.0,62.0,0.0,5.0,No,6.0,Low,Low,Low,11/01/2023
EMP1117,31.0,Male,R&D,R&D Engineer,0.6,25645.97,50.0,5.0,Yes,6.3,9.0,1.0,8.0,6,7.0,28.0,1.0,5.0,Yes,8.0,Low,Low,Low,09-18-2025
EMP4181,36.0,Female,Marketing,Marketing Executive,1.3,28239.05,44.0,7.0,No,7.4,9.0,1.0,8.0,6,7.0,0.0,5.0,5.0,N,8.0,Low,Low,Low,2020/06/26
EMP4422,42.0,Female,Administration,Admin Executive,2.3,30816.19,49.0,10.0,Yes,7.0,9.0,1.0,10.0,10,9.0,14.0,3.0,5.0,N,9.0,Low,Low,Low,2025/05/08
EMP5217,31.0,Female,Customer Support,Support Team Lead,1.2,42572.99,38.0,0.0,No,7.4,10.0,3.0,6.0,4,7.0,0.0,4.0,5.0,No,7.0,Low, ,Low,09/03/2018
EMP3444,35.0,Male,Legal,Compliance Officer,7.6,34280.05,56.0,30.0,No,6.0,9.0,1.0,9.0,5,7.0,-54.0,3.0,5.0,Yes,7.0,Low,Low,Low,"January 22, 2024"
EMP4094,39.0,Female,,Recruiter,2.2,18918.24,45.0,5.0,No,7.2,9.0,1.0,10.0,6,6.0,29.0,5.0,5.0,Yes,7.0,Low,Low,Low,04-16-2020
EMP5344,36.0,Male,R&D,Research Analyst,9.8,39127.33,50.0,7.0,Yes,7.2,10.0,1.0,8.0,7,6.0,21.0,3.0,5.0,No,6.0,Low,Low,Low,19-Sep-2025
EMP5263,20.0,Other,Hr,Operations Manager,0.5,25653.94,31.0,0.0,No,7.9,10.0,1.0,9.0,8,8.0,9.0,0.0,5.0,No,7.0,Low,Low,Low,-
EMP2260,33.0,Female,Rnd,,2.5,41793.21,46.0,15.0,No,7.8,8.0,1.0,10.0,3,5.0,10.0,0.0,5.0,Yes,6.0,Low,Low,Low,2024-03-09
EMP6881,44.0,Female,Admin,Office Manager,3.0,47851.64,35.0,3.0,N,7.6,9.0,1.0,10.0,1,5.0,14.0,3.0,5.0,Yes,8.0,Low,Low,Low,2020-04-01
EMP1944,48.0,Female,Marketing,Marketing Manager,1.0,32425.18,37.0,1.0,N,7.8,10.0,4.0,9.0,1,4.0,2.0,3.0,5.0,No,7.0,Low,Low,Medium,02/10/2015
EMP2158,32.0,Male,Hr,Support Team Lead,2.5,30993.86,50.0,10.0,No,6.5,9.0,3.0,10.0,6,7.0,0.0,1.0,5.0,No,6.0,Low,Low,Low,11-01-2020
EMP3290,34.0,Male,Marketing,-,0.7,41035.03,41.0,0.0,No,6.3,9.0,2.0,8.0,5,5.0,34.0,3.0,5.0,N,7.0,Low,Low,Low,28/04/2021
EMP5233,33.0,Female,,Account Manager,6.4,49876.93,31.0,0.0,No,6.2,10.0,1.0,10.0,6,6.0,1.0,-9.0,5.0,Yes,6.0,Low,Low,Low,-
EMP1584,43.0,Female,Customer Support,Support Team Lead,1.0,25138.32,45.0,2.0,No,7.4,10.0,2.0,9.0,5,6.0,42.0,4.0,5.0,No,7.0,Low,Low,Low,-
EMP5074,32.0,Male,Operations,Operations Manager,6.1,39499.69,30.0,8.0,No,15.0,10.0,1.0,10.0,8,6.0,11.0,3.0,5.0,Yes,8.0,Low,Low,Low,2025/06/01
EMP4248,26.0,Male,Fiannce,Auditor,2.4,23920.56,30.0,0.0,No,7.4,9.0,1.0,8.0,5,6.0,44.0,2.0,5.0,N,7.0,Low,Low,Low,-
EMP3539,26.0,Female,Legal,Legal Counsel,7.6,37404.53,48.0,9.0,No,6.6,8.0,1.0,10.0,7,7.0,12.0,3.0,5.0,N,9.0,Low,Low,Low,09-03-2021
EMP5182,30.0,Female,It,Devops Engineer,3.3,30547.82,37.0,0.0,No,5.9,9.0,1.0,9.0,4,5.0,9.0,6.0,5.0,Yes,6.0,Low,Low,Low,05-13-2018
EMP3965,57.0,Male,Marketing,Seo Specialist,4.0,34410.65,38.0,0.0,No,7.2,10.0,1.0,9.0,6,7.0,1.0,4.0,5.0,No,8.0,Low,Low,Low,10-24-2024
EMP3277,33.0,Female,Admin,Support Team Lead,0.2,18544.74,56.0,22.0,N,6.8,8.0,1.0,6.0,6,7.0,3.0,3.0,4.0,No,7.0,Low,Low,Low,26-Feb-2022
EMP4431,41.0,Male,Sales,Account Manager,1.6,40102.48,51.0,12.0,No,5.8,10.0,4.0,7.0,7,7.0,26.0,3.0,5.0,No,5.0,Low,Low,Low,"August 22, 2025"
EMP4052,29.0,Female,Hr,Hr Executive,4.4,32948.5,55.0,18.0,No,6.4,8.0,2.0,9.0,7,5.0,15.0,0.0,5.0,Yes,6.0,Low,Low,Low,2023/04/20
EMP3112,34.0,Female,Marketing,Marketing Executive,2.5,29561.64,44.0,8.0,N,8.5,9.0,1.0,10.0,5,6.0,5.0,3.0,5.0,No,6.0,Low,Low,Low,2015/07/28
EMP6214,22.0,Female,R&D,Research Analyst,0.9,29178.73,30.0,0.0,No,7.2,10.0,2.0,7.0,6,4.0,2.0,0.0,5.0,N,6.0,Low,Low,Low,"January 21, 2023"
EMP3596,33.0,Male,Hr,Hr Manager,2.5,32425.18,48.0,5.0,No,20.0,10.0,1.0,10.0,5,6.0,7.0,6.0,5.0,Yes,7.0,Low,Low,Low,02-20-2016
EMP3888,20.0,Female,Operations,Support Team Lead,2.0,29269.17,45.0,0.0,No,7.9,8.0,1.0,10.0,7,7.0,3.0,1.0,5.0,N,7.0,Low,Low,Low,"September 15, 2020"
EMP3672,23.0,Male,Sales,Business Development Executive,1.1,23531.02,50.0,26.0,Y,5.3,9.0,3.0,7.0,5,3.0,43.0,6.0,4.0,No,8.0,Medium,Low,Medium,2025-04-03
EMP6139,20.0,Female,R&D,Data Scientist,0.7,44638.92,35.0,0.0,No,7.2,10.0,1.0,10.0,3,6.0,37.0,4.0,5.0,Yes,5.0,Low,Low,Low,2020/04/22
EMP2966,26.0,Male,It,Qa Engineer,4.1,33469.35,46.0,7.0,N,7.3,8.0,2.0,8.0,4,6.0,10.0,4.0,5.0,,7.0,Low,Low,Low,-
EMP4571,33.0,Female,Finance,Financial Analyst,8.1,47637.63,35.0,4.0,N,7.7,10.0,4.0,7.0,4,4.0,12.0,1.0,4.0,N,6.0,Low,Low,Medium,07-12-2024
EMP3757,26.0,Female,Sales,Account Manager,7.0,55201.99,38.0,5.0,No,5.7,9.0,2.0,8.0,6,6.0,2.0,3.0,5.0,Yes,7.0,Low,Low,-,2022/10/24
EMP4461,33.0,Female,Legal,Support Team Lead,0.4,30941.5,45.0,5.0,No,8.3,10.0,1.0,10.0,7,6.0,6.0,3.0,5.0,Yes,6.0,Low,Low,Low,2026-03-30
EMP2198,31.0,Male,Marketing,Seo Specialist,0.8,32425.18,49.0,5.0,No,7.4,10.0,3.0,8.0,6,6.0,16.0,3.0,5.0,No,7.0,Low,Low,Low,-
EMP1252,33.0,Male,Marketing,,3.1,29187.31,46.0,1.0,No,8.4,8.0,1.0,10.0,5,6.0,10.0,5.0,5.0,Yes,7.0,Low,Low,Low,01/06/2024
EMP3668,46.0,Female,Admin,Support Team Lead,8.3,42227.17,58.0,24.0,Yes,6.2,7.0,3.0,9.0,9,9.0,5.0,0.0,5.0,N,7.0,Low,Low,-,2021-08-08
EMP3457,38.0,Male,It,System Admin,2.5,30347.9,58.0,31.0,,7.3,8.0,1.0,9.0,3,5.0,11.0,3.0,5.0,No,7.0,Low,Low,Medium,"May 05, 2016"
EMP6751,35.0,Female,H.R.,Hr Manager,1.7,40281.82,53.0,21.0,No,6.4,9.0,1.0,10.0,5,7.0,11.0,2.0,5.0,N,8.0,Low,Low,Low,06/01/2023
EMP5520,29.0,Male,Customer Support,Customer Success Manager,2.7,43767.91,57.0,21.0,No,7.1,7.0,2.0,8.0,2,4.0,6.0,3.0,5.0,No,8.0,Low,Low,Medium,"December 08, 2015"
EMP3616,26.0,F,Sales,Sales Manager,7.3,49164.88,45.0,4.0,No,7.1,9.0,1.0,8.0,4,6.0,9.0,1.0,5.0,Yes,9.0,,Low,Low,"January 20, 2016"
EMP1513,49.0,Male,Admin,Office Manager,2.5,39212.83,51.0,15.0,No,7.2,8.0,2.0,9.0,8,6.0,38.0,6.0,5.0,Yes,6.0,Low,Low,Low,-
EMP1234,33.0,Female,Legal,Legal Advisor,3.7,20393.17,51.0,10.0,No,6.8,9.0,1.0,9.0,5,7.0,8.0,2.0,5.0,N,8.0,Low,Low,Low,2023-02-12
EMP2500,26.0,Male,It,Qa Engineer,0.5,27897.91,36.0,0.0,No,8.4,9.0,1.0,9.0,6,6.0,13.0,2.0,5.0,Yes,8.0,Low,Low,Low,2017-01-08
EMP1256,33.0,Male,Legal,Legal Counsel,0.1,28345.65,37.0,0.0,No,8.8,10.0,1.0,9.0,6,6.0,19.0,4.0,5.0,N,7.0,Low,Low,Low,16-Jun-2015
EMP6086,33.0,Male,Sales,Support Team Lead,2.5,39741.46,38.0,0.0,No,7.0,10.0,2.0,8.0,4,6.0,10.0,1.0,5.0,N,8.0,Low,Low,Low,12/12/2018
EMP4748,33.0,Male,I.T.,System Admin,-12.96844138266412,34873.3,47.0,4.0,Yes,7.2,9.0,2.0,9.0,6,5.0,72.0,2.0,5.0,No,7.0,Low,Low,Low,05-10-2019
EMP5595,37.0,Female,Sales,Sales Manager,0.9,41262.3,52.0,12.0,No,6.8,9.0,1.0,8.0,4,8.0,6.0,3.0,5.0,Yes,9.0,Low,Low,Low,10-Jan-2024
EMP3467,40.0,Male,R&D,R&D Engineer,4.1,29086.68,48.0,5.0,N,7.2,8.0,1.0,9.0,6,5.0,6.0,3.0,5.0,N,8.0,Low,Low,Low,2025-07-08
EMP4041,21.0,Male,Sales,Sales Manager,0.7,33321.86,45.0,13.0,Yes,6.7,7.0,1.0,9.0,5,7.0,17.0,4.0,5.0,Yes,8.0,Low,Low,Low,2015-04-01
EMP4695,40.0,Male,Hr,Support Team Lead,0.5,22793.37,45.0,19.0,No,6.5,8.0,1.0,8.0,3,4.0,8.0,3.0,5.0,No,7.0,Low,Low,Medium,16-Apr-2024
EMP5468,40.0,F,Operations,Logistics Coordinator,3.0,37936.49,46.0,5.0,Yes,7.0,8.0,2.0,8.0,3,8.0,23.0,0.0,5.0,No,6.0,Low,Low,Low,03-16-2021
EMP6090,37.0,Female,Legal,Compliance Officer,1.9,28202.86,52.0,5.0,N,7.7,8.0,1.0,8.0,5,5.0,10.0,3.0,5.0,Yes,7.0,Low,Low,Low,-
EMP6960,33.0,Female,It,Support Team Lead,7.4,35272.46,43.0,1.0,No,6.6,8.0,1.0,8.0,6,8.0,26.0,1.0,5.0,,6.0,Low,Low,Low,-
EMP5249,40.0,Female,Marketing,Marketing Executive,1.7,21566.09,30.0,0.0,No,6.8,9.0,1.0,8.0,9,10.0,7.0,1.0,5.0,Yes,7.0,Low,Low,Low,"September 10, 2023"
EMP1551,20.0,Male,H.R.,Hr Executive,1.9,22739.85,43.0,4.0,Yes,6.9,9.0,2.0,8.0,6,6.0,10.0,4.0,4.0,Yes,5.0,Low,Low,Low,14/04/2024
EMP6047,37.0,Male,It,It Support,1.0,25755.21,45.0,0.0,Yes,7.3,10.0,1.0,10.0,4,5.0,10.0,5.0,5.0,No,6.0,Low,Low,Low,2023/02/23
EMP4922,23.0,Male,It,Support Team Lead,5.0,36341.21,31.0,3.0,No,7.1,9.0,2.0,9.0,5,8.0,29.0,3.0,5.0,No,7.0,Low,Low,Low,2019/11/22
EMP3037,37.0,Male,Legal,Legal Counsel,0.3,22203.16,48.0,8.0,Yes,5.5,10.0,1.0,9.0,6,6.0,100.0,0.0,5.0,No,9.0,Low, ,Low,2015/03/20
EMP6202,43.0,Female,It,Qa Engineer,0.5,32425.18,57.0,14.0,No,7.3,7.0,1.0,8.0,6,7.0,1.0,2.0,5.0,No,8.0,Low,Low,Low,12-21-2022
EMP5001,49.0,Male,Hr,Support Executive,2.8,31396.83,45.0,0.0,N,7.4,10.0,1.0,9.0,7,4.0,5.0,5.0,5.0,Yes,6.0,Low,Low,Low,17/06/2026
EMP3171,21.0,Female,Admin,Admin Executive,3.0,22619.84,65.0,29.0,No,5.6,7.0,2.0,9.0,1,6.0,40.0,3.0,4.0,Y,4.0,Medium,Low,Medium,"September 07, 2017"
EMP6988,31.0,-,Finance,Accountant,1.2,29187.37,45.0,3.0,Yes,7.7,9.0,3.0,8.0,8,7.0,7.0,0.0,5.0,No,7.0,Low,Low,Low,2015/09/27
EMP4707,26.0,Male,Hr,Hr Generalist,1.1,20047.08,53.0,15.0,N,7.8,8.0,1.0,10.0,8,7.0,24.0,4.0,4.0,Y,6.0,,Low,Low,2015/09/29
EMP6904,44.0,Female,It,It Support,2.6,35353.42,46.0,12.0,N,7.8,9.0,1.0,10.0,6,5.0,10.0,3.0,5.0,No,7.0,Low,Low,Low,24/04/2023
EMP3426,25.0,Female,Finance,Auditor,1.7,31978.46,54.0,9.0,No,7.4,8.0,1.0,10.0,8,6.0,12.0,4.0,5.0,No,9.0,Low,Low,Low,-
EMP2264,36.0,Female,Legal,Legal Advisor,0.1,22994.86,46.0,5.0,N,7.9,10.0,1.0,9.0,6,7.0,8.0,1.0,5.0,No,7.0,Low,Low,Low, 
EMP6379,30.0,Female,Human Resources,Recruiter,3.7,33401.98,33.0,5.0,Yes,6.9,10.0,1.0,8.0,6,6.0,1.0,2.0,5.0,No,6.0,Low,Low,Low,16/11/2017
EMP4000,31.0,Male,It,Devops Engineer,0.9,21029.7,52.0,10.0,No,5.9,8.0,1.0,9.0,6,5.0,6.0,5.0,5.0,Yes,8.0,Low,Low,Very High,2022-05-04
EMP2924,42.0,Male,Sales,Sales Manaegr,0.7,45586.12,45.0,5.0,No,8.4,10.0,1.0,8.0,7,7.0,11.0,2.0,5.0,Yes,7.0,Low,Low,Low,14-Dec-2017
EMP6353,26.0,M,Customer Support,Support Team Lead,8.0,38780.06,48.0,17.0,No,5.8,8.0,2.0,9.0,3,5.0,10.0,6.0,5.0,Yes,7.0,Low,Low,Medium,2023/06/02
EMP6862,33.0,Male,Hr,Hr Generalist,0.4,32425.18,55.0,26.0,N,6.9,7.0,4.0,9.0,6,5.0,36.0,4.0,5.0,Y,7.0,Medium,Low,Low,19-Oct-2017
EMP1296,31.0,Male,Marketing,Marketing Manager,2.9,33123.44,32.0,0.0,Yes,7.7,10.0,1.0,7.0,7,8.0,41.0,4.0,4.0,Yes,6.0,Low,Low,Low,2021/07/05
EMP5747,33.0,Female,Marketing,Seo Specialist,1.3,27640.24,62.0,24.0,No,5.9,7.0,2.0,8.0,7,7.0,10.0,2.0,5.0,No,8.0,Low,Low,Low,2020/08/05
EMP5205,42.0,M,Hr,Data Scientist,3.7,46907.13,55.0,5.0,Y,7.1,7.0,1.0,10.0,-,8.0,52.0,4.0,5.0,No,7.0,Low,Low,Low,2017-11-07
EMP2568,27.0,Female,Finance,Auditor,9.0,37592.68,36.0,0.0,No,7.6,10.0,1.0,10.0,5,5.0,13.0,2.0,5.0,No,7.0,Low,Low,Low,"July 09, 2017"
EMP3520,27.0,Male,R&D,Data Scientist,7.5,45349.23,47.0,5.0,No,6.9,10.0,1.0,8.0,8,8.0,35.0,1.0,5.0,No,7.0,Low,Low,Low,28-Dec-2022
EMP2222,36.0,Female,R&D,R&D Engineer,7.3,40982.4,45.0,9.0,No,8.0,8.0,1.0,10.0,6,6.0,11.0,5.0,4.0,No,8.0,Low,Low,Low,18/01/2016
EMP5421,23.0,-,Legal,Legal Counsel,0.0,28611.17,40.0,0.0,No,7.0,9.0,1.0,10.0,6,7.0,11.0,2.0,5.0,Yes,7.0,Low,Low,Low,2021-02-28
EMP1856,43.0,Female,Marketing,Content Strategist,1.9,28908.1,39.0,9.0,No,7.3,9.0,1.0,10.0,5,7.0,9.0,2.0,5.0,No,8.0,Low,Low,Low,2018-04-04
EMP4325,33.0,Male,Operations,Operations Executive,3.9,35379.5,51.0,13.0,No,5.9,9.0,1.0,10.0,6,5.0,0.0,3.0,5.0,Yes,8.0,Low,Low,Low,01-28-2018
EMP5270,36.0,Female,Cust. Support,Support Team Lead,2.7,37031.17,49.0,10.0,Yes,7.8,9.0,1.0,8.0,,6.0,8.0,1.0,3.0,No,7.0,Low,Low,Low,2021/09/21
EMP2730,33.0,Female,Sales,Sales Executive,6.0,26264.66,46.0,4.0,Yes,7.2,9.0,3.0,9.0,5,6.0,8.0,4.0,4.0,Yes,8.0,Low,Low,Low,2021-05-09
EMP3642,33.0,Male,Customer Support,Support Team Lead,6.4,44522.82,43.0,8.0,No,5.7,9.0,1.0,10.0,7,7.0,10.0,5.0,5.0,No,6.0,Low,Low,Low,2020-12-01
EMP3688,33.0,Female,Marketing,Marketing Executive,4.0,34323.62,40.0,0.0,Yes,8.4,10.0,1.0,9.0,8,6.0,5.0,3.0,5.0,No,6.0,Low,Low,Low,2022-03-17
EMP6492,44.0,Male,Sales,Sales Manager,2.5,51524.43,44.0,0.0,Y,7.2,10.0,1.0,10.0,5,6.0,1.0,7.0,5.0,No,9.0,Low,Low,Low,"August 19, 2017"
EMP6741,23.0,Male,Operations,Lgoistics Coordinator,1.7,26180.74,35.0,0.0,No,8.1,10.0,1.0,10.0,4,4.0,7.0,1.0,5.0,Yes,8.0,Low,Low,Low,12-31-2015
EMP2652,22.0,Male,Sale,Sales Manager,3.8,47101.29,33.0,2.0,Yes,7.2,9.0,1.0,8.0,4,6.0,43.0,3.0,5.0,No,8.0,Low,Low,Low,2016/10/07
EMP4658,33.0,Female,Hr,Hr Manager,1.5,42275.2,48.0,7.0,No,7.8,9.0,2.0,9.0,7,5.0,-8.0,2.0,5.0,No,7.0,Low,Low,Low,"December 20, 2020"
EMP5622,26.0,Male,,Support Taem Lead,1.3,37773.47,48.0,5.0,Y,7.2,10.0,1.0,9.0,6,7.0,19.0,4.0,5.0,N,7.0,Low,Low,Low,"August 01, 2022"
EMP2150,42.0,Male,Marketing,Marketing Executive,5.6,33531.23,38.0,7.0,No,6.4,10.0,2.0,9.0,9,5.0,1.0,4.0,5.0,No,6.0,Low,Low,Low,"April 30, 2022"
EMP1837,26.0,Male,Cust. Support,Support Team Lead,2.6,35478.55,47.0,2.0,No,9.0,10.0,1.0,9.0,6,6.0,10.0,2.0,5.0,Yes,7.0,Low,Low,Low,"September 23, 2022"
EMP1892,35.0,Male,R&D,R&D Engineer,1.9,29233.49,57.0,17.0,No,7.4,8.0,1.0,9.0,8,8.0,4.0,0.0,5.0,No,8.0,Low,Low,Low,2030-06-01
EMP5509,36.0,Male,Hr,Hr Executive,2.5,28791.26,40.0,0.0,N,6.8,10.0,1.0,9.0,5,6.0,19.0,3.0,5.0,N,8.0,Low,Low,Low,2024/01/08
EMP1088,44.0,Male,Sales,Business Development Executive,0.5,26531.05,43.0,1.0,Yes,7.7,10.0,1.0,8.0,6,7.0,4.0,2.0,5.0,N,7.0,Low,Low,Low,01-26-2024
EMP4860,27.0,M,Admin,Front Desk Executive,3.2,36458.94,55.0,18.0,-,5.7,8.0,1.0,10.0,6,5.0,6.0,2.0,5.0,No,7.0,Low,Low,Low,29-Jan-2021
EMP6409,33.0,Female,Marketing,Marketing Manager,0.3,25430.51,42.0,0.0,Yes,8.8,9.0,2.0,10.0,6,6.0,10.0,3.0,4.0,Y,8.0,Low,Low,Low,01-Nov-2019
EMP4725,26.0,Male,Marketing,Marketing Manager,1.5,45635.66,43.0,1.0,No,7.8,8.0,2.0,9.0,-,6.0,10.0,7.0,5.0,N,7.0,Low,Low,Low,"November 27, 2018"
EMP1341,33.0,Female,Marketing,Seo Specialist,1.5,26095.79,44.0,1.0,No,8.2,9.0,1.0,9.0,9,8.0,10.0,1.0,5.0,Yes,7.0,Low,Low,Low,2017/12/30
EMP5767,36.0,Female,Marketing,Marketing Executive,0.4,23252.61,37.0,0.0,No,6.4,10.0,20.0,10.0,3,4.0,5.0,3.0,5.0,No,7.0,Low,Low,Low,"June 20, 2017"
EMP5502,22.0,Male,Customersupport,Customer Success Manager,2.0,50057.62,40.0,1.0,No,6.8,10.0,1.0,8.0,5,5.0,1.0,4.0,5.0,No,5.0,Low,Low,Low,-
EMP2654,38.0,M,Finance,Finance Manager,6.0,55836.26,45.0,2.0,Yes,6.9,9.0,1.0,7.0,5,7.0,-3.0,3.0,5.0,N,8.0,Low,Low,Low,"June 25, 2023"
EMP6822,38.0,Female,Marketing,Seo Specialist,2.1,29220.09,45.0,0.0,No,6.7,9.0,1.0,8.0,7,7.0,8.0,1.0,5.0,No,7.0,Low,Low,Low,07-Jan-2023
EMP2544,38.0,Male,Legal,Compliance Officer,4.2,26879.09,44.0,1.0,No,7.2,10.0,1.0,10.0,5,6.0,11.0,1.0,5.0,Yes,7.0,Low,Low,Low,02-02-2021
EMP2571,39.0,Female,Admin,Admin Executive,0.7,25024.63,40.0,0.0,Y,7.7,10.0,1.0,8.0,6,5.0,10.0,3.0,5.0,No,8.0,Low,Low,Low,-
EMP1540,46.0,Male,Sales,Account Manager,4.3,45343.71,39.0,0.0,Yes,7.9,8.0,1.0,9.0,5,5.0,5.0,1.0,5.0,N,9.0,Low,Low,Low,2017-05-07
EMP3194,34.0,Female,Sales,Sales Exceutive,4.0,27421.93,42.0,5.0,Yes,8.7,10.0,1.0,10.0,9,9.0,18.0,4.0,5.0,Yes,7.0,Low,Low,Low,21-Nov-2018
EMP2336,27.0,Female,Admin,Admin Executive,4.0,38875.55,51.0,13.0,Y,7.0,8.0,1.0,10.0,6,6.0,8.0,5.0,5.0,Yes,6.0,Low,Low,Low,"June 03, 2026"
EMP3172,33.0,-,It,Devops Engineer,3.7,22394.93,50.0,11.0,No,6.6,9.0,1.0,10.0,3,8.0,2.0,7.0,5.0,No,7.0,Low,Low,Low,13-Aug-2018
EMP1888,28.0,Male,H.R.,Hr Executive,4.1,32082.28,44.0,0.0,No,7.2,10.0,1.0,7.0,7,6.0,3.0,4.0,4.0,Y,5.0,Low,Low,Low,2024-04-12
EMP3029,32.0,Female,Legal,Legal Advisor,0.7,31137.03,50.0,0.0,N,8.2,9.0,1.0,8.0,8,7.0,70.0,4.0,5.0,N,6.0,Low,Low,Low,"September 27, 2015"
EMP4892,44.0,Female,Legal,Compliance Officer,0.4,24632.64,50.0,19.0,No,6.2,8.0,1.0,7.0,6,6.0,22.0,6.0,5.0,N,7.0,Low,Low,Low,03-14-2021
EMP1459,33.0,Male,Hr,Recruiter,4.3,24281.87,41.0,1.0,Yes,9.0,8.0,2.0,8.0,6,6.0,8.0,0.0,5.0,No,7.0,Low,Low,Low,2021/02/22
EMP3214,29.0,F,H.R.,Recruiter,5.1,32425.18,30.0,5.0,No,7.5,9.0,1.0,7.0,6,6.0,8.0,1.0,5.0,Y,7.0,Low,Low,Low,2018-12-08
EMP6513,30.0,-,Ops,Logistics Coordinator,0.3,15335.56,45.0,0.0,No,7.7,10.0,1.0,7.0,10,9.0,0.0,5.0,5.0,No,7.0,Low,Low,Low,05-22-2026
EMP4906,21.0,Female,It,Devops Engineer,1.9,23013.71,41.0,0.0,No,6.4,10.0,2.0,10.0,4,7.0,0.0,2.0,5.0,No,6.0,Low,Low,Low,23/02/2025
EMP1661,23.0,Female,Hr,Hr Generalist,2.5,28276.18,45.0,4.0,No,7.3,10.0,2.0,7.0,10,8.0,8.0,4.0,5.0,No,7.0,Low,-,Low,2022/11/02
EMP3398,36.0,Male,I.T.,It Support,17.9,43758.25,45.0,1.0,No,6.9,9.0,1.0,9.0,4,4.0,16.0,4.0,5.0,N,8.0,Low,Low,Low,2016-05-30
EMP4523,20.0,Male,Hr,Recruiter,2.0,31423.77,47.0,10.0,N,5.6,8.0,3.0,7.0,6,6.0,10.0,1.0,5.0,Yes,8.0,Low,Low,Low,2018-01-10
EMP2462,30.0,Female,Marketing,Marketing Manager,5.0,45871.47,54.0,-23.0,No,7.4,8.0,1.0,10.0,6,6.0,9.0,3.0,5.0,N,5.0,Low,Low,Low,28-Nov-2024
EMP3113,49.0,Female,H.R.,Rh Executive,3.7,24733.2,47.0,13.0,Yes,7.0,9.0,2.0,8.0,8,6.0,23.0,3.0,4.0,No,7.0,Low,Low,Low,2017/06/29
EMP3993,33.0,Male,Hr,Marketing Manager,0.5,38211.86,35.0,0.0,Yes,7.9,10.0,1.0,10.0,1,7.0,21.0,3.0,5.0,Yes,7.0,Low,Low,Low,31/05/2024
 emp3501 ,20.0,Female,Hr,Hr Generalist,2.0,28221.95,36.0,0.0,Yes,7.9,9.0,1.0,9.0,6,7.0,3.0,2.0,4.0,Yes,8.0,Low, ,Low,03/02/2023
EMP5840,29.0,Female,Admin,Office Manager,5.8,49902.95,34.0,3.0,Y,7.2,10.0,1.0,10.0,1,4.0,6.0,1.0,5.0,No,7.0,Low,Low,Medium,01-27-2024
EMP6147,28.0,Female,Marketing,Marketing Executive,2.0,31806.4,39.0,7.0,Yes,6.7,8.0,1.0,8.0,6,7.0,10.0,1.0,5.0,N,9.0,Low,Low,Low,2016/02/20
EMP4215,49.0,Male,Hr,Hr Executive,6.0,37966.08,51.0,12.0,Y,6.6,7.0,1.0,6.0,9,8.0,33.0,3.0,5.0,Yes,7.0,Low,Low,Low,2016-07-11
EMP5387,40.0,Female,R&D,R&D Engineer,14.4,43654.04,46.0,11.0,No,7.6,10.0,1.0,8.0,5,6.0,0.0,3.0,5.0,No,6.0,Low,Low,Low,2022-05-16
EMP1700,28.0,Female,Admin,Admin Executive,10.0,32425.18,32.0,0.0,No,8.2,9.0,1.0,8.0,7,7.0,2.0,2.0,5.0,Y,7.0,-,Low,Low,29-Sep-2016
EMP2348,35.0,Male,Hr,Seo Specialist,1.7,24177.34,37.0,0.0,No,8.9,9.0,1.0,10.0,7,8.0,17.0,2.0,5.0,N,10.0,Low,Low,Low,-
EMP3552,31.0,Male,Sales,Sales Manager,1.8,33839.99,55.0,20.0,N,6.9,7.0,1.0,9.0,-,8.0,7.0,4.0,4.0,N,6.0,Low,Low,Low,14/08/2016
EMP2961,35.0,Male,Admin,Admin Executive,2.5,32425.18,63.0,28.0,No,6.2,9.0,2.0,8.0,4,6.0,1.0,3.0,5.0,Yes,8.0,Low,Low,Low,16/08/2022
EMP3201,44.0,Male,Finance,Finance Manager,8.9,54664.31,44.0,10.0,No,6.7,9.0,1.0,9.0,9,8.0,3.0,4.0,5.0,No,7.0,Low,Low,Low,2020-02-14
EMP2874,45.0,Female,Hr,Legal Advisor,2.8,30333.28,45.0,19.0,No,6.6,6.0,1.0,8.0,7,8.0,0.0,3.0,5.0,N,9.0,Low,Low,Low,-
EMP3396,30.0,Male,Legal,Legal Counsel,0.1,23412.76,59.0,15.0,Y,6.9,8.0,4.0,7.0,4,5.0,1.0,4.0,5.0,Yes,7.0,Low,Low,Medium,"July 16, 2025"
EMP2811,33.0,Female,Hr,Hr Generalist,2.1,29093.98,45.0,13.0,No,6.5,7.0,1.0,10.0,4,5.0,14.0,4.0,5.0,N,7.0,Low,Low,Low,18/06/2025
EMP1814,33.0,Male,Legal,Legal Counsel,0.5,32267.5,38.0,0.0,Yes,6.9,10.0,2.0,8.0,6,4.0,9.0,3.0,4.0,No,5.0,-,Low,Low,05/01/2019
EMP1822,32.0,Male,Finance,Accountant,4.6,35929.87,46.0,14.0,No,7.2,9.0,1.0,9.0,9,7.0,34.0,4.0,5.0,Yes,7.0,Low,Low,Low, 
EMP5327,33.0,M,It,Software Engineer,2.3,32425.18,44.0,0.0,N,6.7,10.0,1.0,9.0,5,8.0,24.0,3.0,5.0,Y,7.0,Low,Low,Low,19/06/2020
EMP6856,27.0,Female,Sales,Support Team Lead,1.1,30222.11,49.0,13.0,No,8.9,10.0,1.0,8.0,3,6.0,4.0,3.0,5.0,No,8.0,Low,Low,Low,07-Apr-2015
EMP2532,51.0,Male,Operations,Operations Executive,1.7,26718.52,45.0,7.0,Yes,7.0,8.0,2.0,8.0,3,5.0,29.0,2.0,4.0,Yes,7.0,Low,Low,Low,2017-04-05
EMP4998,31.0,Male,Administration,Front Desk Executive,0.6,27444.2,46.0,8.0,No,7.2,10.0,1.0,10.0,8,7.0,24.0,3.0,5.0,Y,10.0,Low,Low,Low,"August 01, 2025"
EMP2110,39.0,Male,It,Support Team Lead,4.8,30184.56,45.0,0.0,No,7.7,9.0,1.0,9.0,2,6.0,9.0,2.0,5.0,No,7.0,Low,Low,Low,"July 15, 2025"
EMP4741,48.0,Male,Hr,Hr Manager,7.4,46490.21,33.0,7.0,Yes,7.0,10.0,2.0,9.0,-,6.0,10.0,2.0,5.0,Yes,7.0,Low,Low,Low,11-12-2025
EMP5407,30.0,Female,It,Software Engineer,2.5,32900.49,47.0,5.0,No,6.5,10.0,3.0,7.0,6,6.0,30.0,2.0,5.0,No,5.0,Low,Low,Low, 
EMP2594,20.0,Male,Operations,Logistics Coordinator,1.1,27437.98,48.0,0.0,No,6.5,9.0,1.0,10.0,7,7.0,7.0,2.0,5.0,Yes,8.0,Low,Low,Low,2017/05/05
EMP5469,22.0,Male,It,Qa Engineer,4.0,22260.41,46.0,8.0,No,-11.79558228743261,9.0,1.0,8.0,10,10.0,4.0,3.0,5.0,No,6.0,Low,Low,Low,"July 14, 2024"
EMP6256,21.0,M,Admin,Office Manager,0.1,35737.64,34.0,5.0,Yes,8.6,9.0,2.0,9.0,6,6.0,1.0,3.0,5.0,Yes,7.0,Low,Low,Low,"October 06, 2015"
EMP3877,25.0,Male,Sales,,1.6,27730.41,47.0,9.0,N,8.6,7.0,1.0,10.0,6,7.0,25.0,3.0,4.0,Yes,7.0,Low,Low,Low,"June 10, 2023"
EMP2791,29.0,Male,Marketting,Marketing Executive,5.6,35109.5,44.0,8.0,Yes,6.2,9.0,2.0,10.0,6,8.0,44.0,2.0,5.0,No,6.0,Low,Low,Low,"June 23, 2020"
EMP4601,23.0,Male,Operations,Logistics Coordinator,2.5,27377.77,50.0,18.0,No,7.2,9.0,2.0,8.0,4,5.0,8.0,2.0,4.0,No,6.0,Low,Low,Low,01/01/2018
EMP2215,41.0,Male,Finance,Accountant,1.0,25631.47,53.0,11.0,N,7.8,8.0,2.0,10.0,3,5.0,10.0,4.0,5.0,N,6.0,Low,Low,Low,07-04-2025
EMP5581,28.0,Female,R&D,Research Analyst,2.5,40439.4,42.0,7.0,No,7.4,10.0,2.0,8.0,5,5.0,10.0,3.0,5.0,No,9.0,Low,Low,Low,"June 18, 2017"
EMP4429,29.0,Female,Marketing,Content Strategist,10.4,42125.72,43.0,2.0,Yes,6.7,10.0,1.0,8.0,7,7.0,23.0,3.0,5.0,Y,7.0,Low,Low,Low,29-Nov-2023
EMP6399,40.0,Male,Admin,Front Desk Executive,4.5,33342.45,35.0,0.0,Yes,8.8,10.0,1.0,10.0,3,5.0,39.0,1.0,5.0,No,8.0,Low,Low,Low,11-16-2019
EMP2060,33.0,Male,R&D,Data Scientist,5.9,41259.06,45.0,0.0,N,8.9,10.0,2.0,9.0,10,7.0,25.0,3.0,5.0,Yes,8.0,Low,Low,Low,2023/06/06
EMP2828,25.0,Female,Operations,Operations Executive,0.6,25240.01,30.0,5.0,No,7.4,9.0,2.0,7.0,5,5.0,10.0,3.0,5.0,N,5.0,Low,Low,Low,03-06-2020
EMP4912,32.0,Male,Admin,Admin Executive,2.5,30017.66,47.0,19.0,No,6.7,10.0,1.0,8.0,5,7.0,7.0,1.0,5.0,Y,8.0,Low,Low,Low,"December 23, 2016"
EMP3887,31.0,Male,Finance,Support Team Lead,0.3,17896.42,46.0,5.0,No,5.7,9.0,2.0,9.0,9,6.0,4.0,1.0,4.0,Yes,7.0,Low,Low,Low,02-22-2024
EMP5650,33.0,Male,Hr,Finance Manager,1.9,34425.72,32.0,5.0,Yes,5.4,10.0,1.0,9.0,9,7.0,2.0,2.0,5.0,No,6.0,Low,Low,Low,29/10/2016
EMP2509,33.0,Male,Admin,Support Team Lead,5.2,45888.58,37.0,1.0,Yes,7.2,10.0,1.0,10.0,8,7.0,4.0,3.0,5.0,Y,7.0,Low,Low,Low,2015-10-18
EMP4367,28.0,Male,Hr,-,0.1,24075.55,45.0,11.0,No,6.9,9.0,1.0,9.0,4,6.0,17.0,3.0,5.0,N,7.0,Low,Low,Low,16/12/2019
EMP3456,28.0,Female,R&D,Research Analyst,9.3,38220.38,42.0,1.0,No,7.4,10.0,1.0,9.0,6,7.0,11.0,3.0,5.0,Yes,6.0,Low,Low,Low,05-14-2026
EMP6897,33.0,Male,Hr,Hr Generalist,1.5,19482.33,47.0,7.0,Yes,6.9,8.0,1.0,8.0,7,6.0,16.0,2.0,5.0,Yes,7.0,Low,Low,Low,2018-11-10
EMP5950,33.0,,Fiannce,Auditor,3.6,29043.54,48.0,7.0,N,7.5,9.0,1.0,9.0,6,8.0,2.0,1.0,5.0,N,9.0,Low,Low,Low,05-Jan-2020
EMP4722,32.0,Male,Operations,Operations Manager,2.7,32425.18,50.0,4.0,No,6.5,9.0,4.0,8.0,5,6.0,50.0,1.0,5.0,N,7.0,Low,Low,Low,2018/06/01
EMP4085,29.0,Male,Finance,Finance Manager,2.3,41877.21,52.0,15.0,No,7.9,6.0,2.0,9.0,5,4.0,15.0,1.0,5.0,Yes,6.0,Low,Low,Low,01-15-2020
EMP6030,24.0,Male,Legal,Support Team Lead,2.5,28160.97,34.0,12.0,N,6.3,9.0,1.0,9.0,7,6.0,26.0,5.0,5.0,N,7.0,Low,Low,Low,"April 21, 2017"
EMP5580,43.0,Male,Finance,Finance Manager,3.3,38019.83,35.0,0.0,No,7.5,9.0,1.0,10.0,3,6.0,5.0,6.0,5.0,Y,7.0,Low,Low,Low,2023/01/27
EMP6717,33.0,Male,It,Software Engineer,0.5,26376.31,30.0,4.0,No,7.7,9.0,1.0,9.0,7,8.0,24.0,5.0,5.0,N,7.0,Low,Low,Low,13-Mar-2019
EMP4222,45.0,Male,R&D,Data Scientist,0.2,36120.03,34.0,0.0,Yes,7.3,10.0,-3.0,9.0,2,6.0,2.0,5.0,5.0,No,8.0,Low,Low,Low,06-09-2016
EMP2141,32.0,Male,Marketing,Marketing Executive,7.6,38756.31,46.0,5.0,No,7.3,9.0,1.0,10.0,8,6.0,15.0,4.0,5.0,Y,7.0,Low,Low,Low,"July 14, 2017"
EMP5929,38.0,Male,Finance,Support Team Lead,2.1,29503.12,50.0,12.0,Yes,7.0,8.0,1.0,10.0,9,8.0,33.0,4.0,5.0,Y,8.0,Low,Low,Low,2020/09/01
EMP6255,33.0,Male,Hr,Support Team Lead,1.3,30384.29,51.0,5.0,N,7.2,9.0,2.0,8.0,3,7.0,13.0,2.0,4.0,No,7.0,Low,Low,Low,2016/03/11
EMP1179,36.0,Female,Hr,Operations Executive,2.8,27238.15,48.0,0.0,No,7.4,9.0,2.0,9.0,4,5.0,10.0,3.0,5.0,Yes,6.0,Low,Low,Low,"January 17, 2023"
EMP1664,24.0,Female,Operations,Support Team Lead,6.0,40328.78,46.0,4.0,No,7.2,8.0,1.0,10.0,5,5.0,8.0,2.0,5.0,N,6.0,Low,Low,Low,28-Aug-2023
EMP4916,28.0,Female,Sales,Business Development Executive,0.2,21513.15,50.0,11.0,No,7.1,10.0,3.0,8.0,6,4.0,30.0,5.0,5.0,Y,8.0,Low,Low,Low,2018/04/17
EMP4907,35.0,Female,R&D,Data Scientist,2.3,37018.16,43.0,4.0,Yes,7.8,10.0,2.0,10.0,3,5.0,14.0,3.0,5.0,No,7.0,Low,Low,Low,2022-03-09
EMP3399,32.0,Male,Marketing,Seo Specialist,4.7,34791.19,45.0,4.0,No,7.4,9.0,1.0,9.0,6,6.0,5.0,3.0,5.0,No,6.0,Low,Low,Low,-
EMP3742,33.0,Male,Operations,Support Team Lead,2.6,27273.61,47.0,6.0,No,7.8,10.0,2.0,9.0,2,4.0,31.0,1.0,5.0,No,6.0,Low,Low,Medium,13-Sep-2022
EMP2022,45.0,Male,Finance,Financial Analyst,7.3,44038.96,62.0,28.0,N,7.1,7.0,1.0,9.0,6,7.0,4.0,5.0,5.0,Yes,8.0,Low,Low,Low,2024/02/14
EMP5317,33.0,M,Admin,Front Desk Executive,1.7,26590.54,55.0,17.0,No,7.2,9.0,2.0,8.0,4,6.0,15.0,1.0,5.0,No,8.0,Low,Low,Low,11-30-2024
EMP3998,39.0,Male,Admin,Admin Executive,0.8,26830.03,38.0,0.0,Yes,6.4,10.0,1.0,9.0,5,6.0,1.0,3.0,4.0,Yes,7.0,Low,Low,Low,2016/08/03
EMP2941,33.0,Male,Legal,Legal Counsel,2.0,21324.26,31.0,0.0,No,8.2,10.0,1.0,9.0,6,6.0,15.0,2.0,5.0,No,5.0,Low,Low,Low,2017-01-13
EMP2910,33.0,Female,Finance,Support Team Lead,2.8,28600.72,44.0,6.0,N,7.8,10.0,1.0,8.0,6,7.0,1.0,3.0,5.0,N,6.0,Low,Low,Low,2018-03-20
EMP4307,33.0,Female,R&D,R&D Engineer,16.0,48829.45,58.0,22.0,No,7.1,8.0,2.0,9.0,6,5.0,27.0,4.0,5.0,No,7.0,Low,Low,Low,2017-05-18
EMP5594,43.0,F,Finance,Finance Manager,1.7,40579.15,51.0,12.0,Yes,7.7,9.0,1.0,10.0,6,7.0,2.0,4.0,5.0,-,9.0,Low,Low,Low,2022/03/01
EMP1235,31.0,Male,Marketing,Content Strategsit,7.8,43410.28,43.0,1.0,No,8.3,9.0,1.0,10.0,5,6.0,2.0,3.0,5.0,N,7.0,Low,Low,Low,11-27-2025
EMP4081,37.0,Female,Operations,Operations Manager,3.0,46456.89,45.0,3.0,No,9.0,9.0,1.0,8.0,4,4.0,22.0,3.0,5.0,No,8.0,Low,Low,Low,"April 30, 2025"
EMP3728,23.0,Female,Cust. Support,Support Team Lead,2.7,44100.21,50.0,10.0,No,8.4,10.0,1.0,10.0,4,5.0,10.0,2.0,5.0,Yes,8.0,Low,Low,Low,2019-03-10
EMP6003,43.0,M,Hr,Finance Manager,6.3,54694.83,56.0,24.0,No,5.9,8.0,1.0,9.0,6,7.0,5.0,4.0,5.0,N,6.0,Low,Low,Low,15/10/2024
EMP3628,24.0,Female,Legal,Legal Counsel,0.4,32425.18,53.0,5.0,N,6.8,10.0,1.0,10.0,7,7.0,17.0,3.0,5.0,N,6.0,Low,Low,Low,04/07/2015
EMP4954,33.0,Female,Marketing,Content Strategist,3.3,30136.63,53.0,17.0,No,6.3,7.0,1.0,10.0,6,6.0,10.0,4.0,5.0,No,9.0,Low,Low,Low,06-Jan-2018
EMP5636,24.0,Male,Customer Support,Support Team Lead,6.0,49193.42,37.0,0.0,Yes,8.1,10.0,2.0,10.0,3,5.0,40.0,4.0,5.0,No,7.0,Low,Low,Low,2016-11-13
EMP1604,50.0,Female,Sales,Sales Executive,7.1,37032.15,41.0,5.0,No,8.7,10.0,1.0,8.0,1,5.0,9.0,3.0,4.0,No,7.0,Low,Low,Medium,"July 13, 2023"
EMP4083,33.0,Male,Legal,Compliance Officer,2.3,35348.05,40.0,1.0,No,7.4,10.0,1.0,10.0,8,8.0,27.0,3.0,5.0,Yes,7.0,Low,Low,Low,2021/06/08
EMP1065,36.0,Male,Legal,Legal Advisor,2.1,27586.05,57.0,25.0,No,6.4,8.0,4.0,6.0,10,6.0,6.0,1.0,5.0,No,7.0,Low,Low,Low,09-17-2020
EMP6244,28.0,M,Hr,Hr Generalist,10.0,44668.88,33.0,2.0,No,6.7,9.0,1.0,7.0,8,8.0,2.0,5.0,5.0,No,7.0,Low,Low,Low,29-Sep-2022
EMP3129,43.0,Female,Hr,Marketing Executive,2.5,32425.18,44.0,0.0,-,7.3,10.0,1.0,9.0,7,6.0,3.0,3.0,5.0,No,7.0,Low,Low,Low,12/06/2018
EMP3312,34.0,Male,H.R.,Hr Manager,2.2,45263.88,43.0,0.0,Yes,6.5,10.0,1.0,10.0,7,6.0,1.0,2.0,5.0,Yes,7.0,-,Low,Low,04-Jan-2023
EMP2515,41.0,Male,R&D,Data Scientist,1.4,47603.76,36.0,0.0,No,7.1,10.0,1.0,10.0,8,7.0,39.0,3.0,5.0,Yes,6.0,Low,Low,Low,07/12/2022
EMP3077,28.0,Male,Sales,Sales Executive,4.1,32425.18,45.0,0.0,No,8.1,9.0,1.0,8.0,6,7.0,1.0,3.0,5.0,No,7.0,Low,Low,Low,2016-07-21
EMP1005,22.0,Male,Customersupport,Support Executive,2.0,24011.01,48.0,5.0,N,7.0,10.0,2.0,8.0,5,6.0,3.0,3.0,5.0,Yes,7.0,Low,Low,Low,06-Dec-2020
EMP6970,32.0,Female,Hr,Recruiter,2.5,43905.64,56.0,22.0,No,6.3,7.0,1.0,8.0,7,6.0,14.0,2.0,5.0,No,7.0,Low,Low,Low,03/09/2025
EMP3131,28.0,Male,R&D,R&D Engineer,1.9,29661.91,39.0,0.0,No,7.2,10.0,1.0,9.0,10,6.0,38.0,5.0,5.0,No,7.0,Low,Low,Low,2025-12-05
EMP3942,38.0,Male,Customer Support,Support Team Lead,1.6,38629.25,46.0,14.0,No,-13.28361224045051,9.0,1.0,9.0,6,7.0,14.0,5.0,5.0,Yes,9.0,Low,Low,Low,07-02-2016
EMP5801,34.0,Male,Hr,Support Team Lead,1.4,20613.62,55.0,21.0,N,7.7,7.0,1.0,10.0,7,8.0,3.0,2.0,5.0,No,8.0,Low,Low,Low,07-Sep-2019
EMP4875,33.0,Male,Admin,Office Manager,9.6,54137.01,51.0,5.0,No,6.2,8.0,1.0,10.0,7,6.0,6.0,2.0,5.0,Yes,7.0,Low,Low,Low,05-Oct-2019
EMP4228,28.0,Female,Admin,Admin Executive,10.0,36346.73,51.0,18.0,No,6.7,10.0,1.0,8.0,6,6.0,9.0,2.0,5.0,No,6.0,Low,Low,Low,28-Aug-2016
EMP4512,24.0,Female,Hr,Support Team Lead,6.0,28517.92,47.0,3.0,No,8.0,8.0,2.0,10.0,5,6.0,6.0,1.0,5.0,No,7.0,Low,Low,Low,2016-02-22
EMP1155,33.0,Male,Marketing,Support Team Lead,6.7,35972.69,54.0,5.0,Yes,6.7,9.0,2.0,8.0,7,5.0,10.0,3.0,5.0,No,8.0,Low,Low,Low,07-31-2021
EMP1428,27.0,-,Customer Support,Support Team Lead,0.4,41272.9,43.0,0.0,Yes,6.4,10.0,1.0,10.0,3,6.0,14.0,8.0,5.0,Yes,7.0,Low,Low,Low,30-Mar-2021
EMP4861,33.0,Male,Operations,Logistics Coordinator,1.6,23993.91,41.0,0.0,No,7.7,10.0,1.0,9.0,9,9.0,10.0,3.0,5.0,No,6.0,Low,Low,Low,01-15-2021
EMP6049,42.0,Male,Admin,Admin Executive,2.4,31725.51,39.0,0.0,No,6.4,9.0,1.0,10.0,5,7.0,9.0,3.0,5.0,Yes,7.0,Low,Low,Low,-
EMP4504,20.0,Male,Human Resources,Recruiter,2.0,31217.32,58.0,5.0,Y,6.4,10.0,1.0,10.0,5,7.0,0.0,3.0,5.0,No,6.0,Low,Low,Low,04-04-2021
EMP1472,34.0,Male,Sales,Sales Manager,2.0,45015.99,55.0,17.0,No,7.2,7.0,1.0,8.0,8,7.0,4.0,4.0,5.0,Y,8.0,Low,Low,Low,03-16-2026
EMP6083,30.0,Male,R&D,Data Scientist,1.4,44855.97,45.0,0.0,No,7.5,10.0,1.0,10.0,4,4.0,19.0,3.0,5.0,Y,7.0,Low,Low,Low,2023/11/11
EMP1361,37.0,Female,Hr,Operations Executive,2.5,32795.29,54.0,13.0,Yes,6.6,8.0,1.0,10.0,6,7.0,5.0,4.0,5.0,Yes,7.0,Low,Low,Low,2019-12-16
EMP3746,36.0,Male,Customer Support,Customer Success Manager,-3.789937913785262,37810.46,51.0,11.0,Yes,7.5,9.0,1.0,9.0,6,7.0,19.0,3.0,5.0,No,8.0,Low,Low,Low,09/12/2025
EMP6072,41.0,Female,Admin,Office Manager,0.8,33914.42,41.0,0.0,No,7.7,10.0,1.0,9.0,5,5.0,9.0,3.0,5.0,No,6.0,Low,Low,Low,08-Jun-2016
EMP6091,32.0,M,It,System Admin,2.5,37957.37,31.0,0.0,No,7.0,10.0,1.0,9.0,6,7.0,1.0,1.0,5.0,N,8.0,Low,Low,Low,04-28-2025
EMP4113,28.0,Male,,Compliance Officre,2.6,24296.71,34.0,0.0,Yes,6.4,10.0,1.0,9.0,7,6.0,9.0,3.0,5.0,N,7.0,Low,Low,Low,"April 19, 2021"
 emp5938 ,28.0,Other,Research And Development,Data Scientist,4.0,37128.28,36.0,0.0,Yes,6.7,9.0,1.0,7.0,6,6.0,7.0,1.0,5.0,Yes,6.0,Low,Low,Low,29/01/2021
EMP1267,23.0,Female,Operations,Operations Executive,5.0,28335.51,41.0,5.0,Yes,7.8,10.0,1.0,10.0,4,5.0,0.0,5.0,5.0,No,6.0,Low,Low,Low,2021/11/15
EMP1436,32.0,Female,R&D,R&D Engineer,4.0,24833.35,61.0,19.0,Yes,7.9,6.0,1.0,9.0,6,8.0,10.0,4.0,5.0,Yes,8.0,Low,Low,Low,2025-02-11
EMP5473,40.0,Male,Admin,Front Desk Executive,0.6,29144.32,45.0,8.0,No,6.4,10.0,2.0,8.0,6,9.0,30.0,3.0,5.0,No,8.0,Low,Low,Low,2016-07-09
EMP1301,41.0,M,Marketing,Marketing Manager,4.1,47365.44,45.0,0.0,N,8.6,10.0,2.0,8.0,6,6.0,10.0,2.0,5.0,No,8.0,Low,Low,Low,22-Jul-2025
EMP5159,34.0,Female,Hr,Hr Executive,-6.524872804463203,24053.49,41.0,1.0,No,7.9,10.0,1.0,9.0,6,7.0,22.0,0.0,5.0,No,6.0,Low,Low,Low,"July 21, 2021"
EMP2424,30.0,Female,Marketing,-,3.0,38919.25,33.0,1.0,Yes,8.1,10.0,1.0,10.0,7,7.0,10.0,5.0,5.0,Yes,7.0,Low,Low,Low,2018/01/05
EMP5951,25.0,Male,Marketing,Seo Specialist,2.5,36413.8,45.0,9.0,No,6.6,9.0,1.0,9.0,6,6.0,34.0,1.0,5.0,No,7.0,Low,Low,Low,12-01-2024
 emp4822 ,44.0,Male,Hr,Hr Generalist,5.4,41586.06,50.0,15.0,No,6.8,8.0,3.0,8.0,8,7.0,25.0,3.0,5.0,No,6.0,Low,Low,Low,-
EMP3116,33.0,Male,Finance,Financial Analyst,4.0,32811.0,45.0,5.0,Yes,6.5,7.0,2.0,8.0,3,5.0,17.0,3.0,5.0,No,7.0,Low,Low,Medium,05-28-2018
EMP3564,36.0,Female,Legal,Compliance Officer,6.4,32197.95,61.0,25.0,No,6.6,9.0,2.0,9.0,4,4.0,38.0,5.0,5.0,Yes,8.0,Low,Low,Medium,16/12/2021
EMP3228,27.0,Other,Hr,Recruiter,0.5,19577.88,34.0,4.0,Yes,7.8,10.0,1.0,10.0,7,6.0,4.0,2.0,5.0,N,7.0,Low,Low,Low,"May 15, 2024"
EMP5301,31.0,Female,Hr,Hr Generalist,0.3,26129.66,30.0,0.0,No,8.4,8.0,1.0,8.0,8,7.0,21.0,3.0,5.0,No,7.0,Low,Low,Low,2017/03/29
EMP2177,42.0,Female,Hr,Hr Executive,5.5,28453.34,38.0,0.0,Y,8.6,9.0,1.0,10.0,4,6.0,10.0,2.0,5.0,Yes,7.0,Low,Low,Low,2021/05/16
EMP3730,33.0,F,R&D,R&D Engineer,16.2,49966.79,42.0,0.0,N,7.2,10.0,1.0,8.0,8,6.0,4.0,1.0,5.0,N,8.0,Low,Low,Low,13-May-2018
EMP5446,35.0,Male,Admin,Office Manager,2.0,30951.72,51.0,7.0,No,6.9,10.0,1.0,10.0,7,7.0,4.0,0.0,5.0,No,7.0,Low,-,Low,20-Mar-2020
EMP6241,29.0,Male,It,It Support,8.2,39613.82,53.0,17.0,N,7.1,9.0,1.0,9.0,10,6.0,6.0,0.0,5.0,Yes,7.0,Low,Low,Low,2025/09/09
EMP1156,35.0,Male,Cust. Support,Support Executive,6.4,40901.51,44.0,5.0,Yes,7.0,9.0,2.0,8.0,3,8.0,16.0,4.0,4.0,No,6.0,Low,Low,Low,15/01/2019
EMP4014,34.0,Male,Sales,Business Development Executive,10.6,41726.84,45.0,21.0,No,7.4,8.0,1.0,8.0,7,5.0,7.0,1.0,5.0,No,7.0,Low,Low,Low,11-27-2022
EMP3530,29.0,Female,R&D,Support Team Lead,0.2,32022.68,45.0,7.0,No,8.7,10.0,1.0,10.0,4,6.0,10.0,3.0,5.0,No,6.0,Low,Low,Low,2022/08/23
EMP4478,37.0,M,,Hr Manager,6.9,46102.46,48.0,4.0,No,7.0,10.0,1.0,10.0,8,6.0,10.0,3.0,5.0,Y,7.0,Low,Low,Low,31/07/2024
EMP5887,38.0,Female,Human Resources,Hr Manager,4.7,39839.16,55.0,20.0,No,6.8,9.0,1.0,9.0,4,6.0,23.0,1.0,5.0,No,7.0,Low,Low,Low,10-14-2024
EMP6883,28.0,Male,Legal,Legal Counsel,2.5,35354.95,34.0,5.0,No,8.3,10.0,1.0,10.0,6,5.0,8.0,2.0,5.0,No,6.0,Low,Low,Low, 
EMP1079,32.0,Female,R&D,Data Scientist,0.2,48444.37,57.0,18.0,No,6.3,7.0,2.0,8.0,7,8.0,13.0,6.0,5.0,No,8.0,Low,Low,Low,27-Jul-2024
EMP6574,35.0,Female,Customer Support,Customer Success Manager,1.7,47425.26,30.0,2.0,No,6.1,10.0,1.0,10.0,9,7.0,23.0,3.0,5.0,Yes,9.0,Low,Low,Low,2025-12-27
EMP1410,25.0,Male,R&D,Data Scientist,0.1,21916.85,40.0,5.0,N,7.3,10.0,1.0,10.0,1,5.0,7.0,7.0,5.0,Yes,7.0,Low,Low,Low,2021-04-15
EMP1974,44.0,Male,Operations,Operations Executive,2.0,24645.87,45.0,12.0,Yes,6.8,7.0,1.0,7.0,5,6.0,8.0,2.0,5.0,N,8.0,Low,Low,Low,12-28-2018
EMP6668,33.0,Female,Customer Support,Support Team Lead,8.6,51754.85,54.0,25.0,N,6.8,6.0,2.0,9.0,6,6.0,7.0,3.0,3.0,N,6.0,Low,Low,Low,-
EMP1980,33.0,Male,R&D,Support Team Lead,1.9,25896.6,60.0,35.0,No,6.5,6.0,3.0,8.0,6,7.0,50.0,2.0,5.0,N,7.0,Low, ,Low,28/07/2016
EMP5284,34.0,M,R&D,Data Scientist,8.6,51261.46,40.0,0.0,Yes,6.2,9.0,1.0,10.0,4,6.0,5.0,4.0,5.0,No,9.0,Low,Low,Low,19-Mar-2020
EMP3507,42.0,Male,Cust. Support,Support Team Lead,1.8,32425.18,37.0,3.0,No,8.0,8.0,1.0,9.0,8,7.0,16.0,2.0,5.0,No,7.0,Low,Low,Low,"March 06, 2020"
EMP2607,56.0,Female,Admin,Front Desk Executive,2.5,25669.83,44.0,6.0,No,7.5,10.0,1.0,10.0,6,6.0,14.0,0.0,5.0,Yes,7.0,Low,Low,Low,2015-05-03
EMP2982,33.0,Female,It,It Support,5.4,33641.64,37.0,6.0,No,7.2,10.0,1.0,7.0,6,6.0,4.0,3.0,5.0,No,7.0,Low,Low,Low,2020-11-07
EMP5211,33.0,Male,Legal,Legal Counsel,2.4,27295.38,39.0,3.0,No,6.4,10.0,1.0,8.0,6,7.0,20.0,5.0,5.0,No,6.0,Low,Low,Low,06/07/2025
EMP5012,29.0,Female,Finance,Financial Analyst,9.8,42761.92,46.0,9.0,No,7.9,9.0,3.0,6.0,5,6.0,4.0,3.0,4.0,Y,6.0,,Low,Low,2020/01/14
EMP3151,42.0,Female,Hr,Recruiter,1.4,16285.36,41.0,12.0,Yes,8.3,9.0,1.0,10.0,4,7.0,0.0,3.0,5.0,Yes,8.0,Low,Low,Low,18-Dec-2021
EMP3943,32.0,Male,Operations,Operations Executive,2.0,24136.13,41.0,4.0,Yes,8.1,8.0,1.0,9.0,4,7.0,2.0,1.0,5.0,Yes,7.0,Low,Low,Low,"January 23, 2023"
EMP3870,33.0,Male,Research And Development,Data Scientist,5.5,36663.85,62.0,5.0,N,6.1,6.0,1.0,9.0,8,6.0,10.0,3.0,5.0,Yes,7.0,Low,Low,Low,16-Sep-2018
EMP6476,34.0,Female,Finance,Accountant,5.1,39273.57,47.0,4.0,No,6.2,10.0,2.0,9.0,4,6.0,4.0,3.0,5.0,No,7.0,Low,Low,Low,12-31-2024
EMP4067,33.0,Other,Finance,Accountant,3.1,30705.72,45.0,13.0,N,8.0,8.0,1.0,8.0,5,6.0,-24.0,3.0,5.0,No,6.0,Low,Low,Low,2017/06/17
EMP5674,26.0,Male,Legal,Support Team Lead,6.9,40592.0,51.0,8.0,No,7.1,9.0,1.0,10.0,8,8.0,21.0,3.0,5.0,N,7.0,Low,Low,Low,07/09/2025
EMP5617,40.0,Female,Administration,Office Manager,0.6,34577.41,51.0,16.0,No,6.7,8.0,1.0,6.0,6,6.0,0.0,4.0,5.0,No,7.0,Low,Low,Low,"April 17, 2018"
EMP4256,31.0,Other,Marketing,Marketing Executive,4.3,36924.23,50.0,16.0,Y,6.6,7.0,1.0,9.0,5,6.0,4.0,3.0,4.0,No,7.0,Low,Low,Low,"April 30, 2022"
EMP1412,40.0,F,Legal,Legal Advisor,5.2,32425.18,32.0,5.0,N,7.8,10.0,1.0,10.0,7,6.0,0.0,4.0,5.0,No,8.0,Low,Low,Low,2019-09-14
EMP1652,30.0,Male,Legal,Legal Advisor,0.7,26837.92,57.0,24.0,No,7.0,9.0,2.0,9.0,6,8.0,14.0,3.0,5.0,No,7.0,Low,Low,Low,30-Apr-2020
EMP4887,30.0,Male,Marketing,Marketing Executive,0.5,31743.27,44.0,0.0,No,7.8,9.0,1.0,7.0,5,7.0,9.0,4.0,5.0,No,7.0,Low, ,Low,12-Jun-2018
EMP5537,30.0,Female,Ops,Operations Manager,2.0,47861.94,51.0,14.0,No,6.9,8.0,1.0,10.0,6,6.0,21.0,4.0,5.0,Yes,9.0,Low,Low,Low,"September 28, 2018"
EMP1340,35.0,Male,Cust. Support,Customer Success Manager,2.2,34964.35,46.0,6.0,No,7.2,8.0,1.0,10.0,9,7.0,6.0,1.0,5.0,No,8.0,Low,Low,Low,2021-12-22
EMP2687,30.0,,Sales,Sales Manager,7.4,49235.78,34.0,0.0,Yes,7.4,10.0,1.0,8.0,8,7.0,3.0,4.0,5.0,Yes,8.0,Low, ,Low,10-09-2024
EMP4721,37.0,Female,Hr,Qa Engineer,0.5,32425.18,44.0,1.0,N,-12.41372195631097,9.0,1.0,10.0,6,6.0,5.0,4.0,5.0,N,8.0,Low,Low,Low,06/03/2026
EMP5529,56.0,Female,It,-,2.7,33278.53,44.0,11.0,No,7.7,9.0,1.0,9.0,8,7.0,1.0,3.0,5.0,Yes,7.0,Low,Low,Low,2015/05/17
EMP5758,33.0,M,Admin,Front Desk Executive,6.7,32425.18,50.0,13.0,No,5.6,8.0,3.0,9.0,6,5.0,22.0,2.0,3.0,No,3.0,Low,Low,Low,15-Apr-2025
EMP3989,40.0,Male,Ops,Operations Manager,3.7,37024.88,59.0,21.0,Yes,7.0,7.0,1.0,9.0,4,5.0,8.0,0.0,5.0,Yes,4.0,Low,Low,Low,11-07-2018
EMP1539,35.0,Male,Rnd,Data Scientist,5.4,46794.06,45.0,13.0,No,7.1,7.0,2.0,7.0,9,6.0,27.0,4.0,3.0,No,6.0,Low,Low,Low,25/08/2018
EMP5770,34.0,Other,Customer Support,Support Executive,2.5,32425.18,48.0,14.0,Yes,6.2,10.0,1.0,10.0,8,7.0,5.0,2.0,5.0,No,6.0,Low,Low,Low,2017-09-12
EMP3643,27.0,Female,Admin,Admin Executive,6.1,35290.3,30.0,0.0,No,7.6,10.0,1.0,10.0,8,7.0,6.0,2.0,5.0,No,8.0,Low,Low,Low,01-26-2015
EMP4456,36.0,Female,-,Admin Executive,0.3,27258.44,31.0,3.0,No,7.3,10.0,1.0,9.0,5,7.0,2.0,4.0,5.0,N,7.0,Low,Low,Low,07-22-2022
EMP6806,38.0,Female,Human Resources,Hr Executive,7.0,40007.3,41.0,0.0,Yes,7.9,10.0,1.0,9.0,4,7.0,6.0,3.0,5.0,N,7.0,Low,Low,Low,2026/02/13
EMP1425,38.0,Female,Hr,Hr Manager,4.2,32425.18,39.0,0.0,No,5.9,10.0,1.0,10.0,-,7.0,8.0,2.0,5.0,No,8.0,Low,Low,Low,"June 04, 2022"
EMP4594,35.0,Female,Operations,Support Team Lead,-12.20428971482023,44860.5,43.0,0.0,No,7.9,10.0,2.0,9.0,7,4.0,17.0,8.0,5.0,Y,6.0,Low,Low,Low,28-Jan-2020
EMP5006,42.0,Male,Administration,Front Desk Executive,6.0,33150.08,45.0,2.0,No,7.0,8.0,1.0,7.0,7,7.0,11.0,6.0,5.0,No,6.0,Low,Low,Low,"June 16, 2018"
EMP1016,20.0,Male,Sales,Sales Executive,1.4,27806.05,47.0,6.0,Yes,7.2,9.0,1.0,10.0,9,7.0,8.0,5.0,5.0,Yes,8.0,Low,Low,Low,20-Jun-2024
EMP4854,29.0,Male,Hr,Hr Manager,2.1,37349.01,50.0,13.0,No,7.1,9.0,1.0,10.0,6,8.0,6.0,2.0,5.0,N,6.0,Low,Low,Low,2021/10/27
EMP2193,23.0,Male,R&D,R&D Engineer,5.0,32136.4,51.0,6.0,Yes,6.0,9.0,1.0,10.0,5,7.0,12.0,4.0,5.0,Y,6.0,Low,Low,Low,"September 26, 2021"
 emp1443 ,60.0,Female,Customer Support,Support Executive,5.2,33198.69,45.0,0.0,No,7.3,9.0,2.0,10.0,6,6.0,4.0,2.0,5.0,No,8.0,Low,Low,Low,20-Jul-2020
EMP5271,30.0,Male,Finance,Accountant,9.4,39005.4,41.0,0.0,Yes,6.2,10.0,1.0,10.0,6,6.0,8.0,4.0,5.0,No,7.0,Low,Low,Low,-
EMP2305,21.0,Male,Fiannce,Financial Analyst,3.0,26288.61,48.0,12.0,No,7.8,9.0,2.0,9.0,8,7.0,6.0,5.0,5.0,N,6.0,Low,Low,Low,2016/03/21
EMP2682,33.0,Female,Marketing,Support Team Lead,10.0,32425.18,41.0,-4.0,N,7.9,8.0,1.0,10.0,4,7.0,0.0,2.0,5.0,-,9.0,Low,Low,Low,2015-11-17
EMP1753,38.0,Male,Hr,Content Strategist,1.6,30214.32,42.0,0.0,Yes,7.0,10.0,1.0,9.0,6,8.0,16.0,2.0,5.0,No,8.0,Low,Low,Low,09-11-2022
EMP5560,32.0,Male,R&D,Research Analyst,2.7,29089.27,58.0,15.0,No,6.7,7.0,2.0,10.0,5,6.0,100.0,1.0,5.0,Yes,7.0,Low,Low,Low,10-Feb-2021
EMP4050,29.0,Male,Admin,Admin Executive,9.3,32425.18,39.0,0.0,Y,6.6,10.0,1.0,7.0,5,6.0,6.0,3.0,5.0,N,7.0,Low,Low,Low,01-Jul-2024
EMP3933,42.0,Male,Legal,Legal Counsel,1.2,33510.91,38.0,0.0,No,7.9,10.0,1.0,8.0,7,7.0,10.0,2.0,5.0,No,7.0,Low,Low,Low,2026-01-07
EMP5501,33.0,F,Customer Support,Support Team Lead,3.9,45215.15,43.0,6.0,N,7.8,10.0,1.0,10.0,10,8.0,12.0,4.0,5.0,Yes,7.0,Low,Low,Low,06-Jan-2022
EMP5614,33.0,Male,Hr,Legal Counsel,4.5,31986.06,48.0,16.0,N,7.4,8.0,1.0,10.0,5,5.0,1.0,7.0,5.0,No,8.0,Low,Low,Low,29-Apr-2017
EMP3267,38.0,Female,-,Auditor,2.0,24734.96,50.0,13.0,No,6.6,7.0,1.0,10.0,6,6.0,20.0,6.0,5.0,N,7.0,Low,Low,Low,2026/02/09
EMP5391,24.0,Other,Hr,Recruiter,1.7,27046.02,49.0,7.0,Y,6.2,10.0,1.0,9.0,5,7.0,8.0,3.0,5.0,Yes,9.0,Low,Low,Low,2018-10-30
EMP2694,29.0,Male,Marketing,Marketing Executive,3.1,32978.14,54.0,20.0,N,7.1,8.0,2.0,7.0,5,6.0,8.0,2.0,5.0,No,6.0,Low,Low,Low,2020-06-08
EMP6954,33.0,Male,It,System Admin,4.4,25935.07,46.0,9.0,No,6.3,8.0,2.0,7.0,4,4.0,0.0,5.0,4.0,No,7.0,Low,Low,Low,2019/12/29
EMP3318,33.0,Male,Marketing,-,11.6,32425.18,47.0,11.0,Yes,6.7,10.0,1.0,10.0,4,5.0,5.0,4.0,5.0,No,7.0,Low,Low,Low,2024-04-22
EMP2835,47.0,Male,Sales,Sales Manager,4.1,44773.29,45.0,2.0,Yes,8.4,10.0,1.0,10.0,6,6.0,10.0,4.0,5.0,Y,8.0,Low,Low,Low,16/07/2025
EMP4203,23.0,Male,It,It Support,4.4,35453.92,32.0,8.0,No,7.4,10.0,1.0,9.0,,8.0,42.0,3.0,5.0,Y,6.0,Low,Low,Low,2025/06/12
EMP6169,42.0,Male,Sales,Business Development Executive,0.9,25851.44,36.0,3.0,Yes,8.7,9.0,1.0,10.0,3,5.0,30.0,2.0,5.0,N,7.0,Low,Low,Low,"January 04, 2026"
EMP2728,33.0,Male,Information Technology,Qa Engineer,2.3,27857.6,49.0,15.0,Yes,6.6,7.0,1.0,9.0,7,8.0,10.0,1.0,5.0,Yes,6.0,Low,Low,Low,2021-05-07
EMP2672,29.0,Male,Customer Support,Support Team Lead,2.2,39797.79,40.0,-5.0,No,6.9,9.0,1.0,10.0,6,8.0,8.0,5.0,5.0,N,8.0,Low,Low,-,-
EMP1586,36.0,Male,Hr,Hr Manager,3.6,40673.47,45.0,0.0,Yes,6.4,8.0,1.0,7.0,7,7.0,49.0,5.0,5.0,No,7.0,Low,Low,Low,19/10/2020
EMP4168,35.0,Male,Legal,Compliance Officer,2.1,39519.96,45.0,6.0,No,7.5,8.0,1.0,10.0,8,5.0,16.0,2.0,5.0,Yes,7.0,Low,Low,Low,10-05-2024
EMP1362,20.0,Male,Marketting,Marketing Executive,2.0,27755.81,45.0,14.0,,7.5,9.0,2.0,8.0,6,6.0,29.0,4.0,5.0,N,7.0,Low,Low,Low,05/12/2018
EMP5988,32.0,Female,R&D,R&D Engineer,9.0,36880.47,49.0,14.0,Yes,5.8,9.0,3.0,9.0,6,5.0,2.0,5.0,5.0,Y,8.0,Low,Low,Low,2020-08-04
EMP6157,28.0,Male,Hr,Support Team Lead,0.2,25047.77,45.0,0.0,Yes,6.5,10.0,1.0,10.0,6,8.0,7.0,3.0,5.0,No,7.0,Low,Low,Low,-
EMP3442,57.0,Female,Marketing,Marketing Manager,8.4,43372.93,49.0,3.0,Y,6.0,6.0,1.0,10.0,7,7.0,10.0,3.0,5.0,Yes,6.0,Low,Low,-,2017-06-19
EMP1931,29.0,Male,Hr,Hr Executive,2.9,21086.35,52.0,11.0,No,7.3,9.0,1.0,9.0,5,8.0,0.0,2.0,5.0,N,7.0,Low, ,Low,2025-02-27
EMP4058,40.0,Male,It,Devops Engineer,2.5,32425.18,48.0,9.0,No,6.4,9.0,1.0,6.0,7,6.0,1.0,4.0,5.0,No,8.0,Low,Low,Low,2022-06-15
EMP5785,30.0,Male,Finance,Auditor,9.5,37965.02,53.0,14.0,Y,6.6,8.0,1.0,6.0,1,5.0,6.0,4.0,4.0,No,3.0,Medium,Moderate,Medium,"May 26, 2015"
EMP5437,33.0,Female,Cust. Support,Support Team Lead,5.7,47686.82,40.0,1.0,No,7.9,8.0,1.0,9.0,6,6.0,31.0,8.0,5.0,No,7.0,Low,Low,Low, 
EMP2000,44.0,Male,Research And Development,Data Scientist,0.1,29565.42,51.0,21.0,Yes,6.1,8.0,2.0,8.0,8,7.0,11.0,3.0,5.0,Yes,7.0,Low,Low,Low,2021/01/28
EMP6359,41.0,Female,Marketing,Support Team Lead,0.4,27714.29,44.0,5.0,Y,6.4,10.0,2.0,6.0,3,5.0,11.0,3.0,5.0,No,7.0,Low,Low,Low,-
EMP2320,20.0,Male,R&D,Data Scientist,2.0,31238.32,51.0,3.0,No,7.2,10.0,1.0,10.0,6,8.0,10.0,2.0,5.0,N,5.0,Low,Low,Low,06-05-2022
EMP3281,20.0,Male,R&D,R&D Engineer,0.6,21850.41,30.0,0.0,Yes,6.3,10.0,1.0,9.0,5,5.0,0.0,5.0,5.0,No,6.0,Low,Low,Low,2023/08/25
EMP2075,35.0,Female,H.R.,Hr Executive,0.4,30074.46,48.0,8.0,Yes,6.5,8.0,1.0,10.0,7,7.0,5.0,3.0,5.0,N,8.0,Low,Low,Low,24/03/2019
EMP5225,38.0,Female,Legal,Legal Counsel,1.4,27706.25,34.0,0.0,N,8.5,10.0,1.0,9.0,6,6.0,6.0,3.0,5.0,Yes,7.0,Low,Low,Low,-
EMP5246,33.0,Male,Operations,Logistics Coordinator,5.9,25976.09,45.0,11.0,No,6.7,8.0,1.0,9.0,8,7.0,5.0,4.0,5.0,No,7.0,Low,Low,Low,09-23-2024
EMP2411,35.0,Female,Operations,Operations Manager,6.1,47338.66,45.0,1.0,No,8.8,10.0,1.0,9.0,5,6.0,11.0,5.0,5.0,No,10.0,Low,Low,Low,07/11/2023
EMP1212,23.0,Female,Fiannce,Finance Manager,1.9,36253.38,56.0,20.0,Yes,7.7,7.0,1.0,9.0,6,6.0,-18.0,3.0,5.0,-,6.0,Low,Low,Low,13-Dec-2015
EMP1131,39.0,Other,Marketing,Marketing Executive,5.2,34035.2,37.0,5.0,No,7.1,10.0,1.0,10.0,5,7.0,4.0,4.0,5.0,Yes,5.0,Low,Low,Low,12-01-2024
EMP4802,28.0,Male,Hr,Recruiter,0.1,22992.96,53.0,16.0,Yes,7.5,9.0,1.0,8.0,9,8.0,4.0,3.0,5.0,No,7.0,Low,Low,Low,"February 07, 2026"
EMP2779,33.0,Female,Marketing,Support Team Lead,0.6,21818.68,35.0,0.0,Yes,7.0,10.0,1.0,9.0,6,6.0,30.0,3.0,5.0,N,6.0,Low,Low,Low,2019/07/01
EMP3377,33.0,Male,Admin,Front Desk Executive,6.5,38315.45,53.0,13.0,Y,8.5,9.0,2.0,10.0,5,6.0,20.0,5.0,5.0,No,7.0,Low,Low,Low,08-23-2024
EMP6122,33.0,Male,Customer Support,Customer Success Manager,2.5,39174.21,41.0,17.0,N,6.7,8.0,1.0,8.0,10,8.0,4.0,3.0,4.0,N,6.0,Low,Low,Low,20-Aug-2021
EMP2785,41.0,Male,Sale,,9.8,44579.13,54.0,15.0,No,7.4,8.0,2.0,10.0,6,8.0,10.0,3.0,5.0,No,6.0,Low,Low,Low,2023-07-05
EMP4140,39.0,Male,Finance,Accountant,2.5,34544.01,31.0,2.0,No,7.5,10.0,1.0,10.0,1,5.0,33.0,1.0,5.0,N,5.0,Low,Low,Low,06/03/2018
EMP2562,38.0,Male,It,Support Team Lead,7.3,34693.94,43.0,0.0,Yes,7.4,10.0,1.0,9.0,6,5.0,2.0,1.0,5.0,No,8.0,Low,Low,Low,"April 21, 2015"
EMP2156,40.0,Male,Customer Support,Support Team Elad,0.6,37510.96,36.0,3.0,No,8.0,8.0,1.0,9.0,9,7.0,7.0,3.0,5.0,N,9.0,Low,Low,Low,2020-01-13
EMP5866,38.0,Male,Finance,Financial Analyst,6.8,35947.05,48.0,-15.0,No,7.4,7.0,1.0,8.0,4,4.0,6.0,1.0,5.0,N,5.0,Low,Low,Low,2023/10/05
EMP6886,33.0,Male,Fiannce,Accountant,5.4,29927.24,41.0,3.0,No,7.0,10.0,1.0,10.0,7,7.0,17.0,4.0,5.0,Yes,7.0,Low,Low,Low,26-Dec-2020
EMP1191,41.0,Male,Hr,Hr Executive,4.1,32425.18,51.0,18.0,Yes,7.4,8.0,1.0,8.0,6,6.0,17.0,3.0,5.0,No,8.0,Low,Low,Low,17/04/2022
EMP3777,39.0,Male,Hr,Hr Generalist,0.6,27526.91,39.0,2.0,N,8.1,9.0,1.0,8.0,7,7.0,4.0,2.0,5.0,No,7.0,Low,Low,Low,2025/03/24
EMP1337,33.0,Male,Hr,Hr Generalist,4.0,29195.08,40.0,0.0,Yes,5.9,10.0,1.0,8.0,5,6.0,25.0,2.0,5.0,Yes,7.0,Low,Low,Low,06/11/2020
EMP4123,34.0,Male,Hr,Recruiter,7.5,32669.82,56.0,29.0,No,0.5,5.0,3.0,7.0,5,5.0,6.0,2.0,4.0,N,7.0,,Low,Medium,16-May-2019
EMP2488,55.0,Female,Customersupport,Support Executive,11.9,41866.46,45.0,5.0,Yes,7.9,9.0,1.0,8.0,7,5.0,10.0,2.0,3.0,No,6.0,Low,Low,Low,-
EMP3490,34.0,Male,Finance,Finance Maanger,0.1,22734.92,43.0,2.0,N,7.7,10.0,1.0,10.0,7,5.0,7.0,4.0,5.0,Y,6.0,Low,Low,Low,"May 06, 2025"
EMP1079,32.0,Female,R&D,Data Scientist,0.2,48444.37,57.0,18.0,No,6.3,7.0,2.0,8.0,7,8.0,13.0,6.0,5.0,No,8.0,Low,Low,Low,2024/07/27
EMP6736,20.0,Male,Cust. Support,Support Executive,2.0,37074.89,34.0,0.0,No,7.7,9.0,1.0,9.0,6,6.0,71.0,4.0,3.0,No,5.0,Low,Low,Low,11-17-2019
EMP1558,34.0,Female,,Compliance Officer,16.0,49645.62,60.0,24.0,No,5.8,7.0,3.0,9.0,5,4.0,14.0,3.0,5.0,Y,7.0,Low,Low,Medium,30-May-2024
EMP4335,26.0,Male,Marketing,Support Team Lead,2.5,32425.18,55.0,21.0,Yes,7.4,6.0,1.0,10.0,3,6.0,10.0,2.0,3.0,Yes,7.0,Low,Low,Low,26-Oct-2019
EMP4853,35.0,Male,Sales,Sales Executive,5.4,37110.37,56.0,14.0,No,7.2,9.0,1.0,10.0,3,7.0,22.0,5.0,5.0,Yes,9.0,Low,Low,Low,"February 06, 2025"
EMP6538,21.0,Female,It,Support Team Lead,0.8,32425.18,45.0,0.0,N,7.8,9.0,1.0,8.0,7,6.0,3.0,2.0,5.0,Yes,5.0,Low,Low,Low,"December 25, 2015"
EMP3226,44.0,Female,Hr,Support Team Lead,3.3,42704.07,36.0,6.0,No,7.0,10.0,1.0,10.0,7,7.0,21.0,4.0,5.0,Y,7.0,Low,Low,Low,21-Jun-2015
EMP2317,24.0,Male,Legal,Legal Advisor,3.7,31374.07,67.0,33.0,Y,7.3,5.0,2.0,9.0,8,6.0,8.0,3.0,5.0,Yes,7.0,Low,Low,Low,-
EMP5525,38.0,Female,Administration,Front Desk Executive,1.2,27182.3,31.0,0.0,,7.6,9.0,1.0,10.0,5,8.0,7.0,1.0,5.0,Yes,8.0,Low,Low,Low,09-25-2023
 emp4764 ,32.0,Female,Sales,Sales Executive,2.4,32425.18,43.0,10.0,Yes,6.6,8.0,3.0,7.0,9,7.0,4.0,0.0,4.0,No,6.0,Low,Low,Low,2015/04/14
EMP3229,33.0,Male,R&D,R&D Engineer,9.7,37752.4,45.0,2.0,No,7.7,10.0,1.0,9.0,5,6.0,61.0,1.0,5.0,No,7.0,Low,Low,Low,2022/07/30
EMP4039,48.0,Male,Admin,Office Manager,6.3,46949.21,45.0,0.0,Yes,7.6,10.0,2.0,9.0,4,8.0,3.0,2.0,5.0,N,8.0,Low,Low,Low,2023/05/30
EMP6589,43.0,Male,Hr,Operations Manager,2.2,42646.0,30.0,0.0,Yes,8.4,10.0,1.0,9.0,8,6.0,17.0,1.0,5.0,N,6.0,Low,Low,Low,11-Feb-2018
EMP3480,33.0,Male,Sales,Sales Manager,0.2,36184.08,45.0,8.0,No,6.6,10.0,1.0,8.0,7,6.0,5.0,2.0,5.0,No,7.0,Low,Low,Low,"January 26, 2017"
EMP3574,27.0,Male,Customer Support,Customer Success Manager,8.5,46222.11,52.0,9.0,No,5.8,9.0,2.0,7.0,8,8.0,10.0,2.0,4.0,Y,6.0,Low,Low,Low,2024/11/23
EMP2903,35.0,Female,Operations,Operations Executive,2.2,24770.87,47.0,4.0,Yes,8.4,8.0,1.0,10.0,7,8.0,16.0,2.0,5.0,No,8.0,Low,Low,Low,07-05-2018
EMP2524,30.0,Female,Legal,Legal Advisor,12.0,32425.18,46.0,14.0,Y,7.1,8.0,3.0,8.0,4,5.0,14.0,4.0,5.0,No,8.0,Low,Low,Low,28-Nov-2020
EMP2778,31.0,Male,Administration,Admin Executive,0.2,27948.95,46.0,11.0,No,6.4,9.0,2.0,7.0,7,7.0,9.0,4.0,5.0,No,8.0,Low,Low,Low,07-25-2025
EMP5408,44.0,Male,Sales,Sales Manager,0.7,41751.14,52.0,14.0,No,7.4,7.0,2.0,10.0,5,6.0,6.0,5.0,5.0,Yes,5.0,Low,Low,Low,"April 16, 2021"
EMP1010,24.0,Male,It,Devops Engineer,2.5,37903.71,58.0,20.0,No,6.4,9.0,1.0,10.0,4,6.0,16.0,1.0,5.0,No,7.0,Low,Low,Low,06-28-2020
EMP3351,33.0,Female,Legal,Legal Counsel,0.1,25714.77,35.0,4.0,No,7.0,9.0,2.0,9.0,6,6.0,1.0,3.0,5.0,Yes,7.0,Low,Low,Low,02-16-2018
EMP3066,39.0,Male,Sales,Sales Manager,2.5,46241.48,46.0,9.0,Yes,7.4,10.0,1.0,10.0,6,5.0,26.0,4.0,5.0,No,8.0,Low,Low,Low,21/11/2023
EMP6995,28.0,Female,Admin,Front Desk Executive,2.5,33784.22,47.0,5.0,Yes,7.5,9.0,2.0,8.0,6,5.0,14.0,5.0,5.0,No,7.0,Low,Low,Low,"May 04, 2026"
EMP4549,33.0,Male,Sales,Sales Manager,8.4,50881.52,62.0,23.0,Yes,6.2,7.0,1.0,9.0,9,7.0,0.0,1.0,5.0,Yes,7.0,Low,Low,Low,"February 13, 2020"
EMP4918,30.0,Male,Legal,Legal Counsel,2.5,27293.88,31.0,0.0,No,7.6,10.0,1.0,8.0,4,6.0,14.0,8.0,5.0,No,8.0,Low,Low,Low,2021/10/24
EMP4799,33.0,Female,Hr,Operations Executive,4.2,29667.57,51.0,10.0,No,6.7,10.0,1.0,10.0,5,7.0,7.0,5.0,5.0,Yes,8.0,Low,Low,Low,14/05/2015
EMP4285,33.0,Male,Legal,Legal Counsel,1.8,29883.27,39.0,4.0,Y,7.5,8.0,1.0,10.0,4,5.0,17.0,4.0,4.0,No,4.0,Low,Low,Low,12-22-2020
EMP2986,33.0,Male,Finance,Financial Analyst,0.8,26965.56,42.0,1.0,No,9.0,9.0,1.0,8.0,7,6.0,10.0,3.0,5.0,No,7.0,Low,Low,Low,15/03/2027
EMP6131,36.0,,-,Support Team Lead,3.5,32006.89,55.0,14.0,No,6.4,9.0,1.0,9.0,4,7.0,14.0,1.0,5.0,No,8.0,Low,Low,Low,"August 15, 2025"
EMP1391,35.0,Male,Operations,Operations Executive,3.9,29156.72,42.0,14.0,No,6.4,8.0,2.0,7.0,10,8.0,4.0,0.0,5.0,No,7.0,Low,Low,Low,07/12/2023
EMP1972,35.0,Male,It,It Support,1.0,22259.33,37.0,5.0,N,7.4,9.0,1.0,8.0,6,6.0,4.0,2.0,5.0,Yes,7.0,Low,Low,Low, 
EMP1656,43.0,Male,Hr,Hr Executive,0.4,26779.04,43.0,0.0,Yes,6.6,10.0,1.0,9.0,7,6.0,1.0,5.0,5.0,Y,7.0,Low,Low,Low,2017/09/04
EMP1083,28.0,Male,Finance,,3.6,29139.3,30.0,0.0,No,5.3,10.0,1.0,10.0,6,8.0,0.0,4.0,5.0,No,9.0,Low,Low,,2016/06/10
EMP6502,37.0,Female,R&D,Research Analyst,9.7,40032.24,33.0,0.0,N,7.3,10.0,1.0,7.0,6,7.0,15.0,1.0,5.0,Y,7.0,Low,Low,Low,05-Feb-2018
EMP2385,32.0,Male,It,System Admin,4.3,25884.29,45.0,12.0,-,7.2,10.0,1.0,8.0,6,6.0,10.0,9.0,5.0,Yes,7.0,Low,Low,Low,"June 30, 2026"
EMP4428,40.0,Male,,Support Executive,1.5,32425.18,54.0,19.0,No,7.4,7.0,1.0,10.0,10,7.0,8.0,0.0,5.0,Yes,9.0,Low,Low,Low,2020-01-22
EMP4163,37.0,Male,Finance,Finance Manager,1.7,31204.77,55.0,6.0,Yes,8.1,9.0,2.0,8.0,1,4.0,0.0,0.0,5.0,No,6.0,Low,Low,Medium,2023/07/29
EMP6430,45.0,Male,Marketing,Marketing Executive,1.9,26422.83,45.0,9.0,Yes,6.2,10.0,1.0,9.0,7,6.0,10.0,0.0,5.0,No,7.0,Low,Low,Low,"October 31, 2023"
EMP4313,32.0,Male,Hr,Admin Executive,2.6,24323.56,53.0,11.0,No,7.0,9.0,2.0,10.0,3,5.0,5.0,1.0,5.0,No,7.0,Extreme,Low,Low, 
EMP1073,25.0,Female,Marketing,Seo Specialist,7.0,36580.38,48.0,18.0,Yes,7.3,9.0,1.0,8.0,10,8.0,0.0,3.0,5.0,N,8.0,Low,Low,Low,08/04/2020
EMP4301,24.0,Male,Operations,Operations Executive,3.7,23490.94,37.0,0.0,No,8.6,10.0,1.0,9.0,2,6.0,10.0,5.0,5.0,Yes,7.0,Low,Low,Low,06-Nov-2023
EMP4103,32.0,Male,Sales,Account Manager,1.3,34489.97,47.0,12.0,No,7.0,8.0,3.0,8.0,8,7.0,17.0,6.0,5.0,N,7.0,Low,Low,Low,14/11/2021
EMP6555,23.0,Male,Legal,Legal Advisor,0.8,24943.33,52.0,19.0,N,6.5,8.0,3.0,8.0,6,7.0,4.0,2.0,4.0,Yes,7.0,Low,Low,Low,-
EMP3062,42.0,Male,Admin,Front Desk Executive,0.8,26904.44,33.0,5.0,N,7.2,10.0,1.0,10.0,7,7.0,36.0,3.0,5.0,Yes,6.0,Low,Low,Low,-
EMP4465,41.0,Male,Marketing,Marketing Manager,3.4,44328.49,45.0,8.0,No,6.1,9.0,1.0,10.0,5,5.0,5.0,3.0,5.0,Y,9.0,Low,Low,Low,"March 15, 2016"
EMP5776,42.0,Male,Legal,Legal Advisor,2.5,29723.92,40.0,1.0,No,9.0,10.0,1.0,9.0,5,4.0,21.0,5.0,5.0,N,6.0,Low,Low,Low,14-Jun-2017
EMP1082,39.0,Male,It,Qa Engineer,9.3,36684.82,40.0,6.0,Y,7.6,9.0,1.0,10.0,7,9.0,0.0,2.0,4.0,Yes,7.0,Low,Low,Low,"October 22, 2016"
EMP6187,38.0,Male,Marketing,Marketing Manager,0.2,26285.4,47.0,9.0,No,7.1,10.0,1.0,10.0,6,8.0,6.0,3.0,5.0,No,8.0,Low,Low,Low,-
EMP1975,33.0,Male,R&D,Research Analyst,1.0,26888.79,45.0,3.0,No,8.4,9.0,1.0,10.0,2,6.0,1.0,-6.0,5.0,Y,7.0,Low,Low,Low,13-Jan-2026
EMP3200,36.0,Male,Customer Support,Support Executive,6.5,38800.9,47.0,17.0,No,7.1,10.0,2.0,8.0,8,7.0,9.0,4.0,4.0,Yes,8.0,Low,Low,Low,-
EMP5538,42.0,Male,Legal,Legal Counsel,4.2,36879.58,45.0,0.0,Yes,6.9,10.0,1.0,9.0,6,6.0,20.0,2.0,5.0,No,9.0,Low,Low,Low,"September 11, 2018"
EMP4448,33.0,Male,Hr,Support Team Lead,0.5,45457.79,48.0,11.0,No,8.1,8.0,1.0,9.0,6,6.0,22.0,3.0,5.0,Y,8.0,Low,Low,Low,"June 24, 2016"
EMP6664,37.0,Female,Admin,Office Manager,1.2,40546.12,34.0,0.0,No,8.2,10.0,1.0,10.0,6,6.0,26.0,2.0,5.0,No,7.0,Low,Low,Low,"July 19, 2017"
EMP2715,33.0,F,R&D,Data Scientist,-2.041281196574309,36469.92,52.0,13.0,Y,7.2,8.0,2.0,9.0,,7.0,6.0,4.0,5.0,No,6.0,Low,Low,Low,"August 07, 2025"
EMP2510,39.0,Female,Admin,Office Manager,5.5,32425.18,45.0,21.0,Yes,7.4,7.0,1.0,9.0,3,6.0,4.0,2.0,5.0,Y,7.0,Low,Low,Low,29-Apr-2025
EMP3664,24.0,Female,Sales,Business Development Executive,0.4,15000.0,42.0,3.0,No,6.8,9.0,1.0,9.0,6,7.0,7.0,7.0,5.0,N,7.0,Low,Low,Low,18/09/2018
EMP5210,33.0,Male,Hr,Hr Generalist,3.0,25600.61,50.0,10.0,Yes,7.7,10.0,1.0,9.0,8,8.0,21.0,2.0,5.0,No,8.0,Low,Low,Low,01-07-2018
EMP1963,22.0,Male,Operations,Logistics Coordinator,4.0,30774.94,45.0,0.0,No,7.8,10.0,1.0,10.0,6,6.0,10.0,2.0,5.0,Yes,9.0,Low,Low,Low,08-Dec-2022
EMP3111,30.0,Male,R&D,Adta Scientist,3.9,43367.27,45.0,0.0,No,7.2,10.0,1.0,8.0,2,4.0,12.0,4.0,4.0,Yes,7.0,Low,Low,Low,"September 05, 2022"
EMP5745,27.0,Male,Finance,Accountant,0.0,20301.12,43.0,4.0,No,8.6,10.0,1.0,9.0,7,6.0,60.0,3.0,5.0,N,6.0,Low,Low,Low,07/11/2015
EMP1573,39.0,Female,Operations,Operations Manager,0.3,36671.7,53.0,21.0,Yes,7.4,7.0,2.0,8.0,6,5.0,32.0,2.0,5.0,N,7.0,Low,Low,Low,2017/01/10
EMP6565,28.0,Female,Rnd,Data Scientist,1.1,37308.65,38.0,7.0,N,7.9,9.0,1.0,10.0,10,6.0,19.0,3.0,5.0,No,8.0,Low,Low,Low,-
EMP1446,42.0,Female,Admin,Front Desk Executive,2.9,33269.72,34.0,5.0,No,7.5,10.0,1.0,10.0,-,7.0,18.0,3.0,5.0,No,7.0,,Low,Low,-
EMP3946,47.0,Male,Operations,Operations Executive,1.3,30721.54,35.0,6.0,No,6.7,10.0,1.0,9.0,6,7.0,13.0,3.0,5.0,Yes,7.0,Low,Low,Low,-
EMP6962,46.0,Male,Marketing,Seo Specialist,8.3,40276.63,50.0,14.0,Yes,6.5,8.0,1.0,9.0,8,7.0,10.0,2.0,5.0,Y,8.0,Low,Low,Low,02-Nov-2019
EMP5302,26.0,Female,Finance,Finance Manager,7.0,49441.79,42.0,7.0,No,8.5,9.0,1.0,10.0,9,8.0,15.0,0.0,5.0,No,5.0,Low,Low,Low,"November 12, 2015"
EMP6335,21.0,Male,Admin,Front Desk Executive,3.0,30511.43,52.0,16.0,N,7.0,8.0,1.0,10.0,7,5.0,7.0,7.0,5.0,No,7.0,Low,Low,Low,2018/01/16
EMP5136,33.0,Male,Operations,Operations Executive,0.2,30229.46,39.0,0.0,No,6.7,10.0,1.0,10.0,6,7.0,32.0,2.0,5.0,Yes,8.0,Low,Low,Low,11-Feb-2017
EMP2040,46.0,Male,Legal,Legal Counsel,1.6,22353.57,41.0,3.0,No,6.9,9.0,2.0,10.0,5,5.0,2.0,3.0,5.0,Y,6.0,Low,Low,Low,-
EMP6907,32.0,Male,Marketting,Marketing Manager,0.9,39091.36,34.0,0.0,No,9.0,10.0,2.0,9.0,6,6.0,0.0,1.0,5.0,Yes,5.0,Low,Low,-,"November 30, 2022"
EMP5497,27.0,Male,It,Qae Ngineer,2.5,32425.18,44.0,12.0,No,7.1,9.0,1.0,7.0,4,5.0,8.0,0.0,5.0,Yes,6.0,Low,Low,Low,2020/08/05
EMP3932,34.0,Female,It,Software Engineer,2.2,24216.5,39.0,2.0,Yes,7.2,9.0,1.0,10.0,8,8.0,6.0,4.0,5.0,Yes,7.0,Low,Low,Low,"January 13, 2025"
EMP1416,33.0,Female,Customer Support,Customer Success Manager,0.7,47537.78,37.0,5.0,Yes,7.4,9.0,1.0,9.0,6,5.0,13.0,4.0,5.0,No,8.0,Low,Low,Low,11-27-2016
EMP3114,34.0,Male,Marketing,Support Team Lead,3.4,33224.79,45.0,3.0,No,7.4,9.0,3.0,9.0,3,5.0,10.0,5.0,5.0,Yes,7.0,Low,Low,Low,2024/10/13
EMP2760,27.0,Male,Marketing,Marketing Manager,2.8,42415.31,45.0,0.0,Yes,6.8,10.0,1.0,9.0,9,8.0,11.0,1.0,5.0,N,6.0,Low,Low,Low,2025-11-06
EMP3761,55.0,M,Marketing,Seo Specialist,2.5,28453.88,46.0,5.0,N,6.5,10.0,1.0,9.0,6,6.0,48.0,6.0,5.0,N,7.0,Low,Low,Low,02-27-2023
EMP2630,23.0,Male,Operations,Operations Executive,5.0,30997.32,40.0,0.0,No,6.8,10.0,2.0,8.0,,6.0,60.0,3.0,5.0,No,4.0,Low,Low,Low,11-22-2020
EMP1890,36.0,M,Admin,Front Desk Executive,3.3,28297.21,45.0,5.0,Y,7.4,10.0,1.0,10.0,9,10.0,2.0,9.0,5.0,N,6.0,Low,Low,Low,05/02/2022
EMP6534,20.0,Male,Admin,Office Manager,2.0,41715.37,59.0,19.0,No,5.6,8.0,2.0,10.0,6,6.0,15.0,8.0,5.0,Yes,8.0,Low,Low,Low,10-Aug-2023
EMP2512,20.0,Male,,Sales Executive,2.0,23230.47,58.0,27.0,No,6.3,7.0,3.0,6.0,9,6.0,10.0,6.0,4.0,Y,6.0,-,Low,Low,13/06/2018
EMP3765,33.0,Male,Marketing,Seo Specialist,5.0,34365.49,51.0,15.0,No,6.4,9.0,3.0,9.0,4,5.0,12.0,1.0,4.0,N,6.0,Low,Low,Low,"March 16, 2020"
EMP4503,38.0,Female,Sales,Support Team Lead,0.9,31955.46,41.0,5.0,N,-8.974307236870054,10.0,1.0,8.0,7,6.0,9.0,4.0,5.0,No,6.0,Low,Low,Low,12-25-2015
EMP6107,23.0,M,Admin,Office Manager,5.0,54570.24,30.0,5.0,No,7.1,10.0,1.0,9.0,6,8.0,17.0,3.0,5.0,N,6.0,Low,Low,Low,"December 19, 2023"
EMP1282,42.0,Male,R&D,Data Scientist,5.3,46761.07,57.0,16.0,No,6.9,7.0,1.0,9.0,9,6.0,18.0,3.0,4.0,-,7.0,Low,Low,Low,27/08/2016
EMP5934,43.0,Male,Operations,Operations Executive,1.6,32646.75,46.0,10.0,N,6.5,10.0,2.0,9.0,10,6.0,23.0,2.0,5.0,N,8.0,Low,Low,Low,"February 24, 2024"
EMP1543,39.0,Female,Customer Support,Support Executive,2.5,48159.12,46.0,8.0,Y,7.2,10.0,1.0,9.0,6,6.0,6.0,5.0,5.0,Yes,8.0,Low,Low,Low,06/04/2019
EMP4827,40.0,M,Marketing,Content Strategist,13.2,47879.25,45.0,2.0,No,6.5,10.0,1.0,8.0,5,7.0,2.0,1.0,5.0,N,7.0,Low,Low,Low,2016-08-01
EMP6905,30.0,Male,Customersupport,Support Team Lead,3.5,36465.19,43.0,7.0,N,7.6,10.0,1.0,8.0,7,6.0,47.0,1.0,5.0,-,7.0,Low,Low,Low,04/02/2025
EMP6617,30.0,Female,Operations,Operations Executive,12.0,44465.04,40.0,2.0,N,7.9,10.0,1.0,10.0,5,6.0,47.0,2.0,5.0,Yes,7.0,Low,Low,Low,07-18-2019
EMP4975,33.0,Female,It,Qa Engineer,0.3,21188.04,40.0,5.0,-,6.3,10.0,1.0,10.0,6,6.0,10.0,7.0,5.0,Y,9.0,Low,Low,Low,2017-01-24
EMP6632,43.0,Male,Operations,Operations Executive,0.7,30762.96,42.0,0.0,No,7.7,10.0,1.0,10.0,5,5.0,16.0,1.0,5.0,Y,7.0,Low,Low,Low,21/05/2020
EMP4705,33.0,Female,Hr,Hr Generalist,0.1,24991.9,39.0,3.0,No,9.0,10.0,1.0,10.0,6,7.0,11.0,4.0,5.0,Y,8.0,Low,Low,Low,25-May-2024
EMP4276,31.0,Female,Legal,Legal Counsel,0.5,30457.22,37.0,0.0,No,9.0,10.0,1.0,10.0,9,5.0,51.0,6.0,5.0,No,7.0,Low,Low,Low,2019-07-28
EMP4150,42.0,Male,Customer Support,Support Executive,0.8,25560.57,46.0,8.0,Yes,7.4,9.0,1.0,9.0,9,9.0,17.0,3.0,5.0,N,8.0,Low,Low,Low,05-Sep-2025
EMP6719,33.0,Male,Rnd,Data Scientist,2.5,30705.99,45.0,0.0,Y,6.9,9.0,1.0,8.0,7,5.0,12.0,5.0,5.0,N,8.0,Low,Low,Low,2015/02/20
EMP5764,35.0,Male,Operations,Operations Executive,0.2,26882.19,38.0,1.0,Yes,5.3,10.0,1.0,9.0,5,6.0,6.0,2.0,5.0,Yes,8.0,Low,Low,Low,19/10/2015
EMP2517,28.0,Male,Sales,Sales Manager,4.9,41640.73,45.0,2.0,N,7.7,10.0,1.0,7.0,3,4.0,31.0,3.0,5.0,N,8.0,Low,Low,Low,2015/09/16
EMP6910,33.0,Male,Sales,Account Manager,1.9,39974.18,45.0,8.0,N,7.5,7.0,2.0,10.0,5,7.0,44.0,3.0,5.0,No,8.0,Low,Low,Low,07-Feb-2026
EMP1223,42.0,Female,Administration,Admin Executive,4.0,31311.43,42.0,5.0,No,7.3,9.0,1.0,10.0,3,8.0,5.0,1.0,5.0,Y,8.0,Low,Low,Low,10-May-2025
EMP6293,33.0,Female,Legal,Legal Advisor,0.9,30581.27,48.0,19.0,Yes,5.4,9.0,1.0,8.0,6,7.0,4.0,3.0,5.0,Yes,6.0,Low,Low,Low,2026-01-03
EMP5360,23.0,Female,R&D,R&D Engineer,5.0,28505.41,50.0,15.0,N,7.2,8.0,1.0,8.0,6,6.0,8.0,5.0,5.0,No,7.0,Low,Low,Low,08-26-2020
EMP3094,45.0,Male,Finance,Support Team Lead,2.3,37206.44,46.0,7.0,No,7.2,9.0,1.0,10.0,7,7.0,43.0,2.0,4.0,Yes,6.0,Low,Low,Low,2020-12-12
EMP6608,33.0,Male,Human Resources,Recruiter,2.5,30047.71,54.0,5.0,N,8.3,9.0,1.0,8.0,4,7.0,3.0,0.0,5.0,N,8.0,Low,Low,Low,21-Oct-2018
EMP6720,29.0,Female,Legal,Compliance Officer,8.6,42748.13,64.0,33.0,No,5.3,5.0,2.0,9.0,8,9.0,5.0,4.0,5.0,N,7.0,Low,Low,Low,2023-12-17
EMP2885,27.0,M,Legal,Legal Counsel,9.0,41186.93,48.0,13.0,Yes,7.2,10.0,1.0,8.0,6,4.0,54.0,3.0,5.0,Yes,7.0,Low,Low,Low,23/02/2026
EMP3834,34.0,Male,Customer Support,Customer Success Manager,2.5,38038.34,43.0,6.0,Yes,7.8,10.0,1.0,8.0,6,6.0,32.0,1.0,5.0,Yes,8.0,Low,Low,Low,2017/03/09
EMP5695,28.0,Male,Cust. Support,Support Executive,1.1,22716.96,41.0,0.0,No,7.9,10.0,1.0,8.0,2,5.0,13.0,1.0,4.0,No,7.0,Low,Low,-,"December 15, 2017"
EMP2942,38.0,Male,Finance,Finance Manager,2.5,34124.33,46.0,11.0,No,6.0,9.0,2.0,9.0,3,5.0,19.0,3.0,5.0,N,7.0,Low,Low,Low,2017-08-02
EMP1440,36.0,Male,Hr,Content Strategist,1.4,25203.66,46.0,10.0,No,5.5,8.0,1.0,8.0,7,8.0,1.0,1.0,5.0,Yes,7.0,Low,Low,Low,04-Apr-2025
EMP5060,33.0,Male,Marketting,Marketing Manager,2.5,43696.31,45.0,7.0,N,7.5,7.0,1.0,10.0,6,7.0,13.0,2.0,5.0,N,8.0,Low,Low,Low,-
EMP5430,37.0,Female,Human Resources,Hr Manager,2.5,39195.13,45.0,5.0,Y,7.2,9.0,1.0,9.0,,8.0,10.0,0.0,5.0,Yes,7.0,Low,Low,Low,"April 03, 2023"
EMP4661,23.0,Male,Marketing,Content Strategist,0.7,29880.1,63.0,40.0,Yes,6.3,5.0,2.0,10.0,5,3.0,7.0,4.0,5.0,No,8.0,Medium,Moderate,Medium,2015-05-12
EMP3057,28.0,Female,Sales,Business Development Executive,2.2,24948.77,40.0,0.0,No,7.8,10.0,2.0,8.0,5,4.0,18.0,0.0,2.0,No,7.0,Low,Low,Low,2025-12-03
EMP6936,36.0,Female,Marketing,Seo Specialist,0.2,22865.67,36.0,0.0,No,8.7,9.0,1.0,9.0,7,6.0,10.0,4.0,5.0,Yes,7.0,Low,Low,Low,01/11/2021
EMP4410,37.0,Male,R&D,Support Team Lead,10.4,52599.17,46.0,5.0,No,7.1,10.0,1.0,10.0,8,8.0,6.0,3.0,5.0,Yes,8.0,Low,Low,Low,"March 29, 2018"
EMP5972,42.0,,-,Front Desk Executive,2.5,26418.98,40.0,0.0,No,6.4,9.0,2.0,6.0,4,6.0,2.0,3.0,5.0,No,7.0,Low,Low,Low,"February 28, 2023"
EMP3132,37.0,Female,Finance,Financial Analyst,2.5,24035.8,46.0,6.0,Yes,8.5,8.0,1.0,10.0,3,3.0,2.0,0.0,5.0,No,7.0,Low,Low,Low,2023/02/18
EMP3798,33.0,Male,Finance,Finance Manager,1.7,34194.69,42.0,0.0,N,7.0,9.0,2.0,9.0,4,5.0,15.0,5.0,4.0,Yes,7.0,Low,Low,Low,2020-04-23
EMP5805,42.0,Male,Admin,Admin Executive,4.5,30281.17,47.0,10.0,Y,6.9,10.0,2.0,10.0,8,5.0,10.0,3.0,5.0,Yes,6.0,Low,Low,Low,21-Nov-2021
EMP2780,42.0,Male,Sales,Sales Manager,0.4,36847.26,57.0,19.0,Y,7.1,8.0,2.0,9.0,6,7.0,8.0,4.0,5.0,No,7.0,Low,Low,Low,24/05/2022
EMP6305,27.0,Male,Finance,Support Team Lead,5.9,38059.03,40.0,1.0,Y,6.3,10.0,1.0,9.0,6,6.0,38.0,6.0,5.0,No,7.0,Low,Low,Low,04/01/2016
EMP6433,33.0,Male,Sales,Business Development Executive,1.1,26187.29,45.0,1.0,N,8.2,9.0,1.0,10.0,4,7.0,10.0,3.0,5.0,N,7.0,Low,Low,Low,"July 18, 2023"
EMP5962,48.0,Female,Hr,Support Team Lead,6.3,39850.5,48.0,5.0,No,5.1,9.0,1.0,10.0,5,5.0,9.0,1.0,5.0,No,5.0,Low,Low,Low,27/06/2026
EMP5257,28.0,Male,Sales,Business Development Executive,6.4,30103.52,43.0,6.0,Yes,7.8,9.0,1.0,9.0,5,7.0,18.0,2.0,5.0,N,7.0,Low,Low,Low,2015/07/08
EMP4408,28.0,Male,R&D,Data Scientist,2.5,44846.37,46.0,5.0,No,7.2,10.0,1.0,9.0,6,4.0,14.0,2.0,5.0,No,7.0,Low,Low,Low,2017-03-27
EMP5754,35.0,Male,Finance,Support Team Lead,1.0,27160.37,45.0,10.0,No,8.8,8.0,1.0,10.0,8,6.0,12.0,1.0,3.0,N,7.0,Low,Low,Low,03-18-2017
EMP6004,29.0,Female,Hr,Hr Executive,9.2,39391.7,49.0,11.0,No,8.1,8.0,2.0,10.0,6,7.0,21.0,2.0,5.0,N,6.0,Low,Low,Low,2019-05-06
EMP4331,33.0,Male,Admin,Front Desk Executive,9.0,41882.36,45.0,9.0,Y,15.0,9.0,1.0,6.0,6,7.0,21.0,2.0,5.0,N,7.0,Low,Low,Low,10-07-2022
EMP4813,21.0,M,R&D,Research Analyst,1.5,34404.34,38.0,6.0,No,8.2,10.0,1.0,10.0,8,8.0,24.0,3.0,5.0,N,7.0,Low,Low,Low,04-Dec-2023
EMP5277,52.0,Male,Fiannce,-,2.9,31145.63,36.0,5.0,Yes,7.6,10.0,1.0,9.0,6,8.0,8.0,4.0,5.0,N,8.0,Low,Low,Low,"May 26, 2019"
EMP3186,42.0,Female,,Compliance Officer,8.7,41907.27,39.0,3.0,No,8.6,10.0,1.0,9.0,6,8.0,10.0,5.0,5.0,-,6.0,Low,Low,Low,06-20-2016
EMP1763,44.0,F,Legal,Legal Advisor,1.3,21276.76,63.0,21.0,No,6.4,6.0,2.0,10.0,4,7.0,4.0,3.0,5.0,Yes,7.0,Low,Low,Low,2022/04/17
EMP4638,33.0,Female,Hr,Hr Manager,0.8,35812.91,51.0,17.0,Yes,7.2,10.0,3.0,7.0,2,5.0,6.0,3.0,5.0,N,7.0,Low,Low,Medium,2017-02-06
EMP1335,36.0,F,Hr,Account Manager,6.2,46551.42,64.0,35.0,No,5.6,6.0,3.0,7.0,6,6.0,25.0,2.0,5.0,N,9.0,Medium,Moderate,Low,02-May-2019
EMP4995,41.0,Male,Sales,Sales Manager,2.8,39199.43,34.0,0.0,Yes,9.0,10.0,1.0,8.0,9,7.0,7.0,2.0,5.0,N,6.0,Low,Low,Low,2024-08-18
EMP5860,32.0,Male,Customer Support,Support Team Lead,2.5,36778.0,45.0,1.0,No,7.3,10.0,1.0,8.0,6,7.0,3.0,3.0,5.0,N,7.0,-,Low,Low,17/09/2025
EMP5577,34.0,Female,Marketing,Conetnt Strategist,3.3,27362.25,53.0,18.0,No,7.2,8.0,1.0,7.0,6,5.0,6.0,4.0,5.0,No,7.0,Low,Low,Low,23-Jul-2025
EMP6790,22.0,Male,Finance,Finance Manager,3.1,41778.83,43.0,3.0,Yes,8.0,10.0,2.0,9.0,6,6.0,2.0,2.0,5.0,No,7.0,Low,Low,Low,01-27-2021
EMP3687,30.0,Female,-,Sales Executive,8.1,37977.26,55.0,7.0,N,8.1,10.0,1.0,9.0,7,6.0,0.0,3.0,5.0,Y,7.0,Low,Low,Low,03/04/2016
EMP1592,24.0,Male,Hr,Hr Executive,0.2,26120.8,46.0,3.0,N,8.3,10.0,1.0,5.0,4,6.0,2.0,3.0,5.0,No,6.0,Low,Low,Low,"December 19, 2018"
EMP2800,44.0,Male,It,Support Team Lead,1.4,25865.94,58.0,32.0,Y,6.1,8.0,3.0,8.0,8,6.0,7.0,2.0,5.0,N,7.0,Low,Low,Low,"February 09, 2026"
EMP4964,32.0,Male,Hr,Hr Manager,2.2,38480.35,42.0,0.0,No,8.3,10.0,1.0,8.0,5,6.0,21.0,3.0,5.0,No,7.0,Low,Low,Low,22/11/2020
EMP5997,32.0,M,Hr,Support Executive,1.1,34611.03,50.0,6.0,Y,5.7,10.0,1.0,10.0,10,8.0,2.0,3.0,5.0,Yes,8.0,Low,Low,Low,"June 23, 2020"
EMP4821,51.0,Female,Customer Support,Support Team Lead,5.4,49606.02,46.0,10.0,No,8.2,10.0,1.0,10.0,5,6.0,55.0,1.0,5.0,Yes,7.0,Low,Low,Low,28/12/2017
EMP5369,29.0,Female,Admin,Front Desk Executive,2.9,34149.35,49.0,5.0,No,6.7,9.0,2.0,9.0,8,8.0,4.0,5.0,4.0,No,7.0,Low,Low,Low,16/10/2023
EMP4349,36.0,Female,,Office Manager,1.9,40050.92,48.0,14.0,No,7.3,9.0,1.0,9.0,6,8.0,10.0,6.0,5.0,No,7.0,Low,Low,Low,2024/08/23
EMP1369,33.0,Male,Admin,Front Desk Executive,5.9,28370.63,49.0,14.0,Y,8.4,9.0,1.0,9.0,5,8.0,58.0,5.0,5.0,Yes,7.0,Low,Low,Low,11-13-2019
EMP1311,33.0,Male,Sale,Account Manager,0.5,38171.71,45.0,5.0,Yes,7.5,10.0,1.0,10.0,6,6.0,1.0,2.0,5.0,Yes,7.0,Low,Low,Low,05-May-2024
EMP4552,31.0,Male,Hr,Recruiter,1.6,24593.45,41.0,2.0,Yes,6.4,9.0,1.0,10.0,7,7.0,10.0,1.0,5.0,No,7.0,Low,Low,Low,01-13-2024
EMP6191,40.0,Female,,Support Executive,0.2,24493.9,44.0,2.0,,9.0,10.0,1.0,9.0,6,6.0,19.0,2.0,5.0,No,6.0,Low,Low,Low,-
EMP6843,20.0,M,Hr,Software Engineer,2.0,24626.18,38.0,0.0,No,7.2,10.0,1.0,9.0,4,5.0,34.0,-5.0,5.0,Yes,5.0,Low,Low,Low,13-May-2019
EMP4556,33.0,Female,Fiannce,Auditor,0.0,24800.25,49.0,13.0,No,7.2,10.0,1.0,10.0,7,5.0,10.0,3.0,5.0,No,7.0,Low,Low,Low,-
EMP4875,33.0,Male,Admin,Office Manager,9.6,54137.01,51.0,10.0,No,6.2,8.0,1.0,10.0,7,5.0,6.0,3.0,5.0,N,7.0,Low,Low,Low,10-05-2019
EMP3984,28.0,Female,R&D,Research Analyst,2.0,24085.12,41.0,5.0,No,6.2,9.0,1.0,9.0,8,7.0,14.0,3.0,5.0,N,7.0,Low,Low,Low,12-05-2020
EMP2639,40.0,Female,Administration,Admin Executive,2.5,35016.57,45.0,4.0,No,7.2,10.0,1.0,10.0,9,8.0,6.0,3.0,5.0,N,9.0,Low,Low,Low,"April 30, 2017"
EMP1859,39.0,-,Marketing,Marketing Manager,5.0,54161.73,54.0,26.0,N,7.0,8.0,3.0,7.0,5,4.0,5.0,1.0,4.0,No,7.0,Low,Low,Medium,20/02/2021
EMP4421,36.0,Female,Sales,Sales Xeecutive,5.8,33085.72,55.0,17.0,Yes,7.3,7.0,3.0,9.0,7,4.0,1.0,8.0,4.0,Yes,7.0,Low,Low,Low,06-25-2022
EMP3778,36.0,Male,Human Resources,Support Team Lead,2.2,28803.66,39.0,0.0,No,6.8,10.0,1.0,10.0,6,8.0,3.0,1.0,5.0,Yes,8.0,Low,Low,Low,2023/02/23
EMP6192,46.0,Male,Customer Support,Customer Success Manager,3.1,43100.29,48.0,0.0,No,7.2,9.0,1.0,10.0,4,6.0,10.0,3.0,5.0,N,7.0,Low,Low,Low,2018/05/12
EMP2502,33.0,Male,Marketing,Marketing Manager,1.2,29913.27,46.0,9.0,N,7.1,9.0,1.0,9.0,6,6.0,7.0,2.0,5.0,N,8.0,Low,Low,Low,05-Jul-2024
EMP2671,26.0,M,It,It Support,1.0,27687.97,54.0,17.0,,6.4,7.0,1.0,10.0,3,4.0,14.0,2.0,3.0,Yes,7.0,Low,Low,Medium,06-21-2026
EMP2175,35.0,Male,Marketing,Support Team Lead,5.1,30296.17,42.0,0.0,No,7.1,10.0,1.0,10.0,3,6.0,29.0,4.0,5.0,No,8.0,Low,Low,Low,06/02/2026
EMP4116,33.0,Male,R&D,Research Analyst,5.2,26963.27,45.0,4.0,No,7.3,10.0,1.0,10.0,9,7.0,14.0,2.0,5.0,Yes,8.0,Low,Low,Low,27/07/2015
EMP2648,40.0,Female,Cust. Support,Support Team Lead,1.5,30837.15,49.0,16.0,No,8.7,10.0,1.0,9.0,7,8.0,40.0,3.0,5.0,No,7.0,,Low,Low,21-Nov-2017
EMP5711,33.0,Male,It,Qa Engineer,1.9,36148.2,46.0,0.0,Yes,7.7,10.0,2.0,6.0,6,6.0,1.0,4.0,5.0,No,5.0,Low,Low,Low,11-Jun-2018
EMP5913,35.0,Female,Hr,Recruiter,0.8,25093.25,53.0,5.0,No,6.9,6.0,3.0,9.0,3,5.0,24.0,5.0,5.0,No,5.0,Medium,Low,Medium,20/06/2026
EMP5130,33.0,Male,Hr,Research Analyst,1.4,18909.42,45.0,8.0,Yes,7.2,8.0,1.0,9.0,6,6.0,2.0,8.0,5.0,No,8.0,Low,Low,Low,"December 31, 2026"
EMP6149,25.0,Male,Operations,Operations Executive,2.0,28516.85,38.0,0.0,Yes,7.3,9.0,1.0,10.0,8,6.0,10.0,1.0,5.0,N,7.0,Low,-,Low,06-01-2017
EMP4914,31.0,Female,It,Devops Engineer,3.5,23004.79,33.0,4.0,No,7.6,9.0,2.0,7.0,7,6.0,5.0,4.0,5.0,N,6.0,Low,Low,Low,06/08/2015
EMP4680,35.0,Female,Operations,Operations Executive,7.7,41533.56,50.0,10.0,No,7.3,10.0,1.0,9.0,8,6.0,35.0,6.0,5.0,No,6.0,Low,Low,Low,01/06/2030
EMP4120,41.0,Female,Sale,Account Manager,2.4,34528.88,58.0,19.0,No,6.3,5.0,1.0,8.0,8,8.0,11.0,4.0,5.0,N,6.0,Low,Low,Low,30/05/2016
EMP5838,45.0,Male,Finance,Auditor,1.2,24355.66,42.0,5.0,Yes,7.2,9.0,1.0,9.0,4,4.0,0.0,4.0,5.0,No,7.0,Low,Low,,02-01-2025
EMP3612,40.0,Male,Admin,Admin Executive,0.7,30216.51,49.0,9.0,Y,6.9,9.0,2.0,5.0,6,5.0,1.0,2.0,5.0,Yes,7.0,Low,Low,Low,01-16-2021
EMP5970,20.0,F,Sales,Account Manager,0.4,28934.55,39.0,2.0,Y,8.1,10.0,1.0,6.0,7,8.0,10.0,4.0,5.0,No,6.0,Low,Low,Low,11/09/2019
EMP1193,33.0,Male,Hr,Devops Engineer,3.5,30009.63,45.0,9.0,No,6.6,9.0,1.0,9.0,5,8.0,18.0,5.0,5.0,Yes,6.0,Low,Low,Low,2025-02-16
EMP3618,24.0,Male,Marketing,Content Strategist,2.3,27850.16,45.0,7.0,No,8.2,8.0,1.0,8.0,8,6.0,2.0,3.0,5.0,N,7.0,Low,Low,Low,01/08/2020
EMP5740,36.0,Male,Operations,,2.5,37164.93,54.0,5.0,No,7.4,10.0,1.0,9.0,7,8.0,8.0,5.0,5.0,No,7.0,Low,Low,Low,"January 21, 2025"
EMP1368,26.0,Female,It,Devops Engineer,3.1,27899.71,46.0,0.0,No,7.4,10.0,1.0,9.0,8,6.0,10.0,1.0,5.0,N,7.0,Low,Low,Low,2021/01/08
EMP6770,20.0,Male,Legal,Legal Counsel,1.4,32425.18,45.0,8.0,N,8.6,9.0,1.0,10.0,5,6.0,13.0,2.0,5.0,N,7.0,Low,Low,Low,06-30-2025
EMP4923,33.0,Male,Operations,Operations Manager,3.8,37568.77,37.0,2.0,No,7.2,10.0,3.0,8.0,6,5.0,70.0,5.0,5.0,No,7.0,Low,Low,Low,2022-02-20
EMP4328,49.0,Female,It,It Support,3.7,27617.3,43.0,0.0,Yes,7.3,10.0,1.0,9.0,6,5.0,3.0,3.0,4.0,No,6.0,Low,Low,Low,"March 18, 2018"
EMP4555,32.0,Female,Hr,Hr Generalist,9.3,32425.18,38.0,0.0,No,7.3,10.0,1.0,9.0,8,7.0,11.0,3.0,5.0,No,7.0,Low,Low,Low,08-19-2019
EMP3972,33.0,Male,-,-,2.2,35619.59,44.0,5.0,No,8.6,9.0,1.0,9.0,6,9.0,4.0,4.0,5.0,N,6.0,Low,Low,Low,20-Sep-2024
EMP6499,25.0,Male,Legal,Compliance Officer,6.2,38402.89,39.0,0.0,No,7.6,9.0,1.0,10.0,6,7.0,9.0,4.0,5.0,N,8.0,Low,Low,Low,-
EMP3830,33.0,Male,Customer Support,Support Executive,1.5,28079.71,47.0,5.0,N,8.2,9.0,1.0,10.0,7,6.0,11.0,3.0,5.0,Yes,6.0,Low,Low,Low,21-May-2017
EMP6560,36.0,Female,Legal,Compliance Officer,6.8,34145.27,37.0,9.0,No,6.8,9.0,1.0,9.0,8,8.0,2.0,5.0,5.0,N,7.0,Low,Low,Low,"December 14, 2020"
EMP1319,32.0,,Marketing,Marketing Manager,0.2,29758.22,45.0,26.0,Yes,7.0,8.0,1.0,10.0,8,7.0,10.0,2.0,5.0,Yes,5.0,Low,Low,Low,11-Sep-2021
EMP3563,33.0,Male,Legal,Legal Counsel,0.5,27125.5,55.0,25.0,No,6.8,7.0,3.0,7.0,7,7.0,14.0,4.0,4.0,Yes,6.0,Low,Low,Low,2021/01/01
EMP4458,26.0,Male,Sales,Sales Executive,8.0,37772.06,37.0,0.0,No,6.8,9.0,1.0,10.0,3,7.0,2.0,6.0,5.0,No,6.0,Low,Low,Low,2021-03-21
EMP6915,41.0,Male,Rnd,Research Analyst,1.1,25651.8,45.0,6.0,Yes,7.5,10.0,2.0,9.0,9,8.0,54.0,3.0,5.0,N,7.0,Low,Low,Low,07/09/2024
EMP4945,24.0,Male,It,,4.3,32425.18,62.0,21.0,No,7.2,9.0,2.0,9.0,8,6.0,9.0,4.0,4.0,Y,7.0,Low,Low,Low,"June 06, 2021"
EMP6161,33.0,Female,It,Software Engineer,2.1,36230.37,45.0,0.0,Yes,8.5,10.0,1.0,10.0,6,6.0,24.0,2.0,5.0,N,7.0,Low,Low,Low,11-09-2024
EMP6008,23.0,Female,Hr,Hr Manager,2.5,28573.91,36.0,0.0,No,6.5,9.0,1.0,9.0,-,5.0,50.0,0.0,5.0,No,7.0,Low,Low,Low,2024-12-20
EMP6011,31.0,Male,Fiannce,Accountant,7.2,48769.72,47.0,5.0,Yes,7.0,9.0,1.0,9.0,6,6.0,10.0,2.0,5.0,No,6.0,Low,Low,Low,31/07/2015
EMP1135,23.0,Male,Ops,Operations Manager,2.2,32962.27,39.0,0.0,Yes,7.1,10.0,1.0,9.0,7,6.0,10.0,5.0,5.0,No,6.0,Low,Low,Low,2024/01/25
EMP6181,33.0,Male,Hr,Hr Generalist,0.7,27648.75,54.0,13.0,-,7.8,8.0,1.0,10.0,3,3.0,5.0,5.0,3.0,Yes,6.0,Low,Low,Medium,2020/11/01
EMP2650,33.0,Male,It,System Admin,0.9,27355.33,43.0,3.0,No,7.0,9.0,2.0,8.0,5,7.0,25.0,4.0,5.0,No,7.0,Low,Low,Low,"October 17, 2023"
EMP5567,37.0,Female,Sales,Business Development Executive,3.6,27476.15,45.0,13.0,No,6.3,8.0,2.0,8.0,4,5.0,7.0,4.0,5.0,N,6.0,Low,Low,Low,02-10-2018
EMP4316,20.0,,Marketing,Seo Specialist,2.0,24885.69,53.0,13.0,No,6.4,9.0,1.0,6.0,3,5.0,20.0,3.0,5.0,Yes,7.0,Low,Low,Low,12-21-2015
EMP6957,35.0,Female,Admin,Front Desk Executive,4.7,41644.79,45.0,0.0,No,6.4,10.0,1.0,10.0,5,8.0,2.0,2.0,5.0,Yes,8.0,-,Low,Low,05/07/2017
EMP6868,37.0,Female,Ops,Logistics Coordinator,3.1,30045.03,51.0,14.0,Yes,6.3,9.0,1.0,8.0,6,8.0,1.0,4.0,5.0,Yes,8.0,Low,Low,Low,09/09/2016
EMP1355,27.0,Female,Marketing,Marketing Manager,2.1,27618.98,40.0,0.0,No,7.3,9.0,3.0,9.0,5,5.0,4.0,5.0,5.0,No,7.0,Low,Low,Low,05-Jul-2023
EMP6778,28.0,Male,R&D,Research Analyst,10.0,43304.98,45.0,0.0,N,7.0,9.0,2.0,9.0,9,6.0,12.0,3.0,5.0,N,8.0,Low,Low,Low,17-Apr-2024
EMP4829,36.0,Male,Operations,Operations Executive,3.3,28505.45,45.0,3.0,Yes,7.1,10.0,1.0,10.0,7,6.0,0.0,3.0,5.0,Yes,8.0,Low,Low,Low,09-03-2022
EMP5702,21.0,Female,Hr,Hr Manager,1.7,36860.87,30.0,2.0,No,7.8,9.0,1.0,8.0,8,6.0,11.0,3.0,5.0,No,9.0,Low,Low,Low,"January 30, 2015"
EMP2076,33.0,Female,Legal,Legal Counsel,1.0,32425.18,41.0,5.0,No,6.2,10.0,1.0,10.0,6,6.0,4.0,3.0,5.0,No,8.0,Low,Low,Low,2017/07/22
EMP6249,45.0,Female,Hr,Support Team Lead,4.3,29020.37,43.0,5.0,No,6.6,9.0,1.0,9.0,6,6.0,29.0,2.0,5.0,No,6.0,Low,Low,Low,2015/07/22
EMP1554,35.0,Male,Sales,Sales Manager,7.1,50513.47,40.0,0.0,Yes,9.0,9.0,1.0,10.0,7,8.0,9.0,3.0,5.0,No,7.0,,Low,Low,2018-11-17
EMP4999,25.0,Female,Operations,Operations Manager,3.9,44390.36,54.0,25.0,N,6.3,7.0,1.0,9.0,5,6.0,18.0,3.0,5.0,Yes,6.0,-,Low,Low,-
EMP3109,46.0,Male,Finance,Auditor,8.3,34871.33,46.0,2.0,No,8.2,10.0,1.0,9.0,6,5.0,1.0,2.0,4.0,No,6.0,Low,Low,Low,2017/08/23
EMP5540,37.0,Male,Cust. Support,Customer Success Manager,1.6,40198.63,39.0,0.0,N,20.0,8.0,1.0,10.0,3,8.0,16.0,4.0,5.0,No,6.0,Low,Low,Low,07/09/2021
EMP4277,44.0,Male,R&D,R&D Engineer,1.8,28607.16,49.0,10.0,No,6.9,8.0,1.0,9.0,6,6.0,0.0,3.0,5.0,,8.0,Low,Low,Low,17/07/2022
EMP4709,37.0,Other,Cust. Support,Support Executive,2.7,28979.56,47.0,10.0,No,7.2,8.0,1.0,10.0,10,7.0,25.0,4.0,5.0,N,6.0,Low,Low,Low,2021/04/17
EMP5546,23.0,Male,Rnd,R&D Engineer,2.5,27349.63,51.0,9.0,Yes,6.6,10.0,1.0,8.0,8,8.0,1.0,5.0,5.0,No,8.0,Low,Low,Low,2021-07-12
EMP1612,51.0,Male,It,Qa Engineer,6.9,31167.23,32.0,8.0,N,8.7,8.0,1.0,10.0,5,6.0,8.0,2.0,5.0,No,8.0,Low,Low,Low,"August 22, 2021"
EMP2221,41.0,,It,Qa Engineer,1.6,24974.95,54.0,18.0,No,7.0,9.0,2.0,8.0,7,8.0,5.0,3.0,5.0,-,8.0,Low,Low,Low,15-Sep-2017
EMP2897,32.0,Male,Hr,,0.9,37261.07,58.0,25.0,No,6.8,9.0,3.0,9.0,6,6.0,26.0,3.0,3.0,Yes,7.0,Low,Low,Low,07-Oct-2024
EMP6707,23.0,F,Operations,Operations Executive,3.9,35176.56,59.0,36.0,Yes,5.0,6.0,3.0,7.0,6,6.0,12.0,3.0,5.0,No,8.0,Medium,Moderate,Medium,2026/01/22
EMP1487,41.0,Male,Marketing,Marketing Executive,11.3,41508.31,38.0,10.0,No,6.0,8.0,3.0,8.0,7,7.0,50.0,7.0,5.0,No,7.0,Low,Low,Low,02/08/2017
EMP3663,32.0,M,Admin,Front Desk Executive,2.5,21678.14,55.0,12.0,No,8.3,8.0,1.0,10.0,8,7.0,15.0,0.0,5.0,N,7.0,Low,Low,Low,2021-05-29
EMP4076,32.0,F,Hr,Hr Executive,14.0,43376.32,35.0,0.0,No,7.4,9.0,3.0,6.0,7,6.0,10.0,2.0,5.0,No,7.0,Low,Low,Low,29-Aug-2016
EMP5265,26.0,Male,Customer Support,Customer Success Manager,0.6,30723.67,32.0,0.0,N,8.1,10.0,1.0,10.0,4,6.0,0.0,3.0,3.0,No,5.0,Low,Low,Low,12/02/2023
EMP3947,33.0,Female,,Legal Counsel,3.7,27417.15,40.0,3.0,Yes,7.7,10.0,2.0,7.0,4,8.0,26.0,3.0,5.0,N,6.0,Low,Low,Low,08-29-2023
EMP4034,37.0,Male,Finance,Finance Manager,7.7,43297.74,30.0,0.0,N,7.2,10.0,1.0,9.0,5,5.0,3.0,5.0,5.0,Y,7.0,Low,Low,Low,2016/01/10
EMP4193,37.0,F,Legal,Legal Counsel,0.2,28006.81,43.0,2.0,N,7.4,8.0,1.0,10.0,8,8.0,20.0,3.0,5.0,N,6.0,Low,Low,Low,26-Jul-2022
EMP6821,27.0,F,Admin,Support Team Lead,1.4,41039.88,30.0,5.0,Yes,7.3,9.0,1.0,10.0,6,6.0,7.0,3.0,5.0,No,7.0,Low,Low,Low,"May 28, 2026"
EMP4605,24.0,F,R&D,R&D Engineer,0.1,33734.51,49.0,11.0,N,5.6,8.0,1.0,10.0,8,6.0,5.0,4.0,5.0,N,8.0,Low,Low,Low,12-20-2017
EMP5771,26.0,Male,Hr,Hr Executive,1.1,24207.68,48.0,0.0,N,7.4,10.0,1.0,9.0,-,8.0,0.0,1.0,5.0,No,8.0,Low,Low,Low,-
EMP6064,49.0,Male,Finance,Auditor,4.9,30920.75,40.0,0.0,N,8.6,10.0,1.0,10.0,8,8.0,10.0,2.0,5.0,No,8.0,Low,Low,Low,"August 26, 2020"
EMP1329,31.0,Male,Sales,Sales Executive,2.7,23170.57,46.0,15.0,No,7.2,7.0,2.0,10.0,6,7.0,84.0,3.0,4.0,Yes,7.0,Low,Low,Low,"November 02, 2015"
EMP1823,41.0,Female,Legal,Legal Counsel,2.5,22942.25,35.0,1.0,N,7.0,10.0,1.0,10.0,6,7.0,2.0,1.0,5.0,No,6.0,Low,Low,Low,02-11-2017
EMP6918,33.0,Male,Sales,Sales Executive,6.2,35580.79,48.0,0.0,Yes,6.8,10.0,1.0,8.0,6,5.0,1.0,4.0,5.0,Yes,7.0,Low,Low,Low,27/05/2026
EMP1064,20.0,Male,Administration,Office Manager,0.8,31092.03,44.0,0.0,Yes,6.9,10.0,1.0,8.0,7,8.0,51.0,1.0,5.0,No,7.0,Low,Low,Low,10-14-2024
EMP3638,46.0,Female,Admin,Support Team Lead,0.0,29905.07,45.0,13.0,No,6.4,10.0,1.0,7.0,6,7.0,10.0,0.0,5.0,No,7.0,Low,Low,Low,-
EMP1772,33.0,Male,Admin,Admin Executive,10.0,38641.62,46.0,0.0,Yes,5.2,9.0,1.0,8.0,7,5.0,32.0,3.0,5.0,N,7.0,Low,Low,Low,09-29-2023
EMP6489,33.0,Male,Operations,Operations Exeuctive,2.5,32283.84,43.0,8.0,Yes,7.2,9.0,1.0,9.0,8,7.0,22.0,1.0,5.0,No,7.0,Low,Low,Low,"November 06, 2015"
EMP1365,53.0,Male,Legal,Compliance Officer,2.3,28059.99,39.0,0.0,Y,7.2,10.0,1.0,9.0,6,7.0,6.0,1.0,5.0,Y,8.0,Low,Low,Low,03-28-2018
EMP1616,47.0,Female,It,Qa Engineer,5.1,33974.08,55.0,16.0,No,6.6,8.0,2.0,7.0,4,7.0,11.0,5.0,5.0,Yes,7.0,Low,Low,Low,2023-12-28
EMP2107,29.0,Female,Sales,Business Development Executive,8.7,39315.91,36.0,0.0,No,6.7,10.0,1.0,9.0,6,6.0,21.0,2.0,5.0,Yes,6.0,Low,Low,Low,"February 04, 2025"
EMP4240,38.0,Male,Ops,Operations Executive,3.1,29027.75,34.0,0.0,No,6.7,9.0,1.0,9.0,8,6.0,6.0,2.0,5.0,No,6.0,Low,Low,Low,2020-10-09
EMP1353,42.0,Male,Legal,Legal Advisor,9.6,45077.85,49.0,11.0,No,8.1,9.0,3.0,10.0,6,6.0,14.0,3.0,5.0,Yes,6.0,Low,Low,Low,"January 02, 2019"
 emp1678 ,31.0,Female,Sales,Sales Manager,4.5,44233.82,46.0,0.0,Y,7.8,10.0,1.0,10.0,5,5.0,11.0,2.0,5.0,Yes,7.0,Low,Low,Low,2023/11/03
EMP1875,33.0,F,It,Software Engineer,1.9,27795.76,40.0,0.0,Yes,6.8,9.0,1.0,10.0,4,8.0,4.0,3.0,5.0,No,7.0,Low,Low,Low,2023-02-21
EMP3295,30.0,Female,Admin,Admin Executive,0.1,29818.53,33.0,0.0,No,7.7,10.0,1.0,9.0,6,7.0,36.0,1.0,5.0,No,7.0,Low,Low,Low,2020-08-02
EMP1669,27.0,Male,Customer Support,Customer Success Manager,3.7,37875.75,51.0,14.0,N,15.0,8.0,2.0,10.0,5,6.0,10.0,4.0,5.0,Yes,8.0,Low,Low,Low,06-13-2018
EMP5153,39.0,Male,Finance,,2.2,27623.02,50.0,5.0,No,7.1,9.0,1.0,8.0,7,6.0,65.0,2.0,5.0,No,9.0,Low,Low,Low,2017/02/05
EMP3016,37.0,-,Finance,Auditor,2.2,31087.32,52.0,6.0,Yes,6.8,7.0,2.0,10.0,7,6.0,1.0,2.0,5.0,N,7.0,Low,Low,Low,29-Aug-2016
EMP2955,41.0,Male,Finance,Auditor,12.9,41742.14,47.0,2.0,Yes,7.3,10.0,1.0,9.0,4,6.0,16.0,3.0,5.0,-,7.0,Low,Low,Low,24/05/2023
EMP5024,39.0,Male,Admin,Office Manager,0.3,31878.75,52.0,17.0,Yes,7.7,8.0,2.0,7.0,5,6.0,37.0,1.0,5.0,No,9.0,Low,Low,Low,29-Jul-2015
EMP3483,40.0,Female,It,Software Engineer,2.7,28365.51,45.0,0.0,Yes,6.4,9.0,1.0,10.0,7,7.0,4.0,3.0,5.0,Yes,7.0,Low,Low,Low,2017/03/29
EMP1400,32.0,Male,Marketing,Marketing Executive,1.1,23220.62,47.0,7.0,Y,7.0,9.0,1.0,9.0,6,6.0,5.0,0.0,5.0,Yes,5.0,Low,Low,Low,2025/01/24
EMP5456,21.0,Male,Marketing,Conetnt Strategist,2.5,34504.88,50.0,11.0,Y,7.5,8.0,3.0,7.0,8,7.0,12.0,6.0,5.0,No,7.0,Low,Low,Low,06-12-2024
EMP6853,26.0,Male,It,Qa Engineer,0.6,28775.48,39.0,1.0,No,6.2,9.0,1.0,9.0,3,5.0,48.0,3.0,5.0,No,7.0,Low,Low,Low,31/12/2026
EMP1613,21.0,Male,Sales,Sales Executive,3.0,29920.63,30.0,0.0,N,7.2,10.0,1.0,7.0,5,6.0,2.0,1.0,5.0,N,7.0,Low,Low,Low,"July 08, 2021"
EMP2813,33.0,Male,It,Support Team Lead,0.4,29898.81,32.0,0.0,No,7.5,9.0,2.0,9.0,5,8.0,0.0,3.0,5.0,No,7.0,Low,Low,Low,2016/06/08
EMP2473,35.0,Male,Hr,Hr Executive,5.9,37738.2,45.0,7.0,Y,6.9,10.0,1.0,10.0,9,8.0,29.0,4.0,5.0,No,7.0,Low,Low,Low,2019/02/23
EMP5486,29.0,M,Customer Support,-,0.6,35045.29,39.0,0.0,No,6.8,10.0,2.0,9.0,3,2.0,8.0,0.0,4.0,N,6.0,Low,Low,Medium,09-17-2019
EMP3821,33.0,Male,Sales,Account Manager,2.2,37137.15,52.0,21.0,No,6.6,9.0,1.0,10.0,9,8.0,45.0,3.0,5.0,N,9.0,Low,Low,Low,03-Jul-2018
EMP5418,32.0,F,Admin,Office Manager,3.8,40643.5,53.0,19.0,Yes,7.1,7.0,1.0,10.0,6,6.0,0.0,3.0,5.0,Yes,8.0,Low,Low,Low,2017/02/26
EMP2817,31.0,Male,Marketing,Seo Specialist,0.8,26363.29,45.0,5.0,Y,6.5,10.0,2.0,8.0,9,6.0,31.0,1.0,5.0,No,7.0,Low,Low,Low,2022-12-04
EMP1504,50.0,Male,Human Resources,Hr Generalist,2.0,33154.52,46.0,4.0,No,7.0,9.0,1.0,9.0,6,6.0,53.0,3.0,5.0,No,9.0,Low,Low,Low,01-14-2023
EMP1227,45.0,Male,Sales,Business Development Executive,5.5,29894.58,45.0,0.0,Yes,7.8,10.0,1.0,8.0,8,6.0,14.0,6.0,5.0,No,8.0,Low,Low,Low,"September 14, 2022"
EMP2755,35.0,Male,Marketting,Marketing Executive,0.9,24954.12,55.0,18.0,No,7.7,6.0,2.0,8.0,-,8.0,16.0,3.0,5.0,No,6.0,Low,Low,Low,-
EMP3831,36.0,Male,Marketting,Marketing Manager,5.7,44267.83,46.0,6.0,No,7.2,8.0,1.0,7.0,7,7.0,6.0,3.0,5.0,Yes,8.0,Low,Low,Low,05-01-2016
EMP1245,28.0,Female,Legal,Legal Advisor,4.9,33380.78,40.0,5.0,Yes,7.7,10.0,1.0,10.0,6,6.0,7.0,3.0,5.0,No,7.0,Low,Low,Low,-
EMP4294,37.0,Male,R&D,Research Analyst,6.3,29778.7,47.0,7.0,N,7.0,9.0,1.0,9.0,6,6.0,16.0,3.0,5.0,No,8.0,Low,Low,Low,30/10/2021
EMP2635,25.0,Female,Legal,Legal Advisor,2.5,27864.54,45.0,0.0,No,7.2,10.0,1.0,7.0,5,6.0,15.0,3.0,5.0,No,7.0,Low,Low,Low,"March 24, 2025"
EMP4723,29.0,,Hr,Hr Manager,2.3,54437.2,58.0,24.0,No,8.3,7.0,1.0,6.0,7,7.0,1.0,3.0,5.0,Y,6.0,Low,Low,Low,2025-05-25
EMP5020,31.0,Female,Hr,Hr Generalist,2.5,25081.4,54.0,20.0,No,7.1,9.0,1.0,9.0,4,5.0,34.0,3.0,3.0,Yes,6.0,Low,Low,Low,2024/02/04
EMP3002,44.0,Female,Hr,Hr Executive,3.9,25938.6,46.0,10.0,No,8.1,9.0,1.0,9.0,6,5.0,20.0,4.0,4.0,N,5.0,Low,Low,Low,2024-05-19
EMP1374,33.0,Male,Operations,Operations Executive,2.0,22485.74,43.0,4.0,N,8.1,8.0,1.0,9.0,7,6.0,10.0,4.0,5.0,No,7.0,Low,Low,Low,12-18-2019
EMP1119,35.0,Male,Admin,Office Manager,0.3,30016.7,31.0,0.0,Yes,7.4,10.0,1.0,10.0,10,7.0,3.0,2.0,5.0,Yes,7.0,Low,Low,Low,2024-05-02
EMP1040,34.0,Male,Sales,Sales Executive,2.5,24849.32,47.0,9.0,No,7.8,10.0,1.0,10.0,3,7.0,37.0,3.0,5.0,Yes,8.0,Low,Low,Low,2025-09-10
EMP3793,35.0,Female,R&D,Data Scientist,3.2,44063.02,45.0,9.0,Yes,7.0,6.0,1.0,9.0,8,7.0,2.0,4.0,5.0,N,8.0,Low,Low,Low,01-May-2022
EMP5007,38.0,-,Customer Support,Support Team Lead,6.7,51811.92,32.0,4.0,No,6.7,10.0,1.0,10.0,8,7.0,10.0,2.0,5.0,N,5.0,Low,Low,Low,04-25-2017
EMP1663,33.0,Other,Sales,Sales Executive,1.9,23877.07,45.0,6.0,No,8.0,9.0,2.0,9.0,1,4.0,48.0,3.0,5.0,No,6.0,Low,Low,Medium,20-Jun-2020
EMP5077,26.0,Male,It,Devops Engineer,0.4,30584.11,53.0,10.0,Y,6.5,7.0,1.0,8.0,10,8.0,0.0,2.0,5.0,,7.0,Low,Low,Low,2026/06/14
EMP1646,37.0,Female,Human Resources,Hr Manager,2.7,44564.0,44.0,3.0,No,7.2,8.0,1.0,9.0,6,7.0,45.0,4.0,4.0,No,7.0,Low,Low,Low,"March 25, 2022"
EMP3578,20.0,Female,Admin,Front Desk Executive,2.0,32401.51,49.0,6.0,No,7.1,9.0,1.0,9.0,7,7.0,3.0,4.0,5.0,No,7.0,Low,Low,Low,"May 29, 2020"
EMP2435,42.0,Female,Hr,Compliance Officer,5.3,38374.14,37.0,4.0,N,8.2,9.0,1.0,7.0,8,8.0,7.0,4.0,5.0,N,8.0,Low,Low,Low,29-Jul-2020
EMP4980,33.0,Male,Customer Support,Customer Success Manager,4.2,41777.78,40.0,4.0,No,8.1,9.0,1.0,10.0,6,6.0,23.0,5.0,5.0,Y,8.0,Low,Low,Low,2016/08/13
EMP4795,21.0,Male,It,Devops Engineer,3.0,32139.13,47.0,1.0,No,7.8,10.0,1.0,10.0,5,7.0,9.0,3.0,4.0,Y,8.0,Low,Low,Low,-
EMP4743,41.0,Female,Admin,Office Manager,3.4,42340.96,52.0,18.0,No,5.6,9.0,3.0,6.0,9,6.0,23.0,3.0,5.0,N,7.0,Low,Low,Low,06/10/2015
EMP5804,35.0,Female,Marketing,Content Strategist,1.7,27224.73,32.0,2.0,No,7.2,10.0,2.0,7.0,5,6.0,5.0,4.0,4.0,No,7.0,Low,Low,Low,"May 01, 2016"
EMP6289,33.0,Male,Marketing,Marketing Manager,6.8,32425.18,45.0,0.0,No,8.7,10.0,1.0,9.0,4,6.0,10.0,0.0,5.0,No,9.0,Low,Low,Low,-
EMP3794,43.0,Male,Legal,Legal Counsel,6.0,29101.32,52.0,19.0,No,7.1,6.0,1.0,8.0,5,4.0,15.0,3.0,5.0,Yes,7.0,Low,Low,Low,18/03/2017
EMP3065,31.0,Male,R&D,R&D Engineer,0.1,20015.68,43.0,3.0,No,6.9,9.0,2.0,8.0,6,4.0,5.0,1.0,5.0,No,9.0,Low,Low,Low,22/10/2020
EMP1755,29.0,Male,Customer Support,Support Team Lead,2.3,40867.39,45.0,0.0,-,6.7,10.0,1.0,9.0,8,8.0,18.0,1.0,5.0,N,8.0,Low,Low,Low,-
EMP4369,26.0,Male,Hr,Business Development Executive,0.7,23296.74,43.0,12.0,N,6.7,9.0,1.0,10.0,9,8.0,7.0,0.0,5.0,N,7.0,Low,Low,Low,02-21-2022
EMP1554,35.0,Male,Sales,Sales Manager,7.1,50513.47,40.0,0.0,Yes,9.0,10.0,1.0,10.0,7,8.0,9.0,2.0,5.0,No,7.0,Low,Low,Low,-
EMP3950,32.0,Female,Hr,Hr Generalist,4.4,32481.63,32.0,0.0,Yes,7.2,10.0,1.0,10.0,6,6.0,1.0,3.0,5.0,No,6.0,Low,Low,Low,2018/01/31
EMP3342,35.0,Male,Marketing,Content Strategist,16.1,48519.34,42.0,5.0,Y,6.7,9.0,1.0,8.0,7,7.0,19.0,3.0,5.0,No,7.0,Low,Low,Low,"January 16, 2015"
EMP5726,41.0,Female,Marketing,Seo Specialist,0.6,31010.09,46.0,11.0,Yes,7.0,8.0,1.0,8.0,10,8.0,7.0,6.0,5.0,Y,7.0,Low,Low,Low,-
EMP3027,30.0,Male,Marketing,Content Strategist,2.5,33553.95,33.0,0.0,Yes,7.7,10.0,1.0,10.0,4,6.0,3.0,5.0,5.0,Yes,7.0,Low,Low,Low,2017/09/06
EMP6401,24.0,Female,Hr,Support Team Lead,1.5,33510.07,32.0,2.0,Yes,8.1,10.0,1.0,10.0,3,5.0,54.0,1.0,5.0,Y,7.0,Low,Low,Low,2020/02/20
EMP5664,33.0,M,Marketing,Marketing Executive,0.8,29755.14,30.0,11.0,N,5.4,7.0,2.0,6.0,2,3.0,15.0,4.0,5.0,No,7.0,Low,Low,Medium,"November 03, 2024"
EMP1802,35.0,Male,Marketing,Content Strategist,1.6,27410.71,31.0,6.0,Yes,7.3,8.0,3.0,9.0,1,5.0,10.0,3.0,5.0,Y,7.0,Low,Low,Medium,19/08/2021
EMP5505,45.0,Male,Sales,Business Development Executive,1.3,22777.17,30.0,0.0,Yes,6.5,10.0,1.0,10.0,3,7.0,11.0,0.0,5.0,Yes,8.0,Low,Low,Low,23/04/2017
EMP2387,40.0,Female,Hr,Support Team Lead,1.3,39844.02,50.0,13.0,Yes,7.4,7.0,20.0,8.0,4,8.0,23.0,3.0,5.0,Yes,6.0,Low,Low,Med,2022-12-31
EMP3554,47.0,Female,Information Technology,Software Engineer,7.6,36153.26,61.0,19.0,No,7.2,7.0,1.0,8.0,7,6.0,2.0,4.0,5.0,Yes,6.0,Low,Low,Low,-
EMP5690,32.0,Male,R&D,R&D Engineer,1.9,25926.18,42.0,7.0,No,6.2,10.0,2.0,10.0,4,7.0,11.0,1.0,5.0,Yes,9.0,Low,Low,Low,-
EMP3036,20.0,Male,It,System Admin,2.0,31213.02,45.0,0.0,No,6.8,10.0,1.0,10.0,8,7.0,2.0,3.0,5.0,No,4.0,Low,Low,Low,2025/09/04
EMP1394,30.0,Male,Operations,Operations Executive,9.5,40066.88,49.0,7.0,Yes,7.8,8.0,1.0,9.0,5,7.0,18.0,3.0,5.0,Y,8.0,Low,Low,Low,-
EMP6483,29.0,Male,R&D,Data Scientist,4.8,43325.47,50.0,10.0,No,7.4,9.0,2.0,9.0,6,6.0,31.0,3.0,5.0,N,7.0,Low,Low,Low,30/09/2023
EMP3799,40.0,F,Customer Support,Support Executive,1.0,27927.21,41.0,0.0,N,8.1,9.0,2.0,8.0,7,7.0,25.0,2.0,5.0,-,6.0,Low,Low,Low,2015-11-28
EMP2818,28.0,Female,Sales,Sales Manager,2.2,40343.72,40.0,0.0,Y,5.4,9.0,1.0,8.0,6,7.0,1.0,3.0,5.0,Yes,7.0,Low,Low,Low,2024/12/14
EMP1378,33.0,Male,Operations,Operations Executive,0.7,32425.18,55.0,14.0,No,7.3,7.0,1.0,9.0,8,7.0,13.0,1.0,5.0,No,9.0,Low,Low,Low,02-16-2019
EMP4269,33.0,Male,Hr,Hr Executive,2.0,31179.79,39.0,0.0,Yes,8.4,10.0,1.0,8.0,4,6.0,9.0,3.0,5.0,Y,7.0,Low,Low,Low,31/05/2019
EMP1793,28.0,Male,Marketing,Content Strategist,2.5,27667.88,33.0,3.0,No,7.6,10.0,1.0,10.0,10,8.0,10.0,2.0,5.0,Yes,6.0,Low,Low,Low,20/11/2019
EMP5447,43.0,Male,It,System Admin,0.3,32425.18,41.0,0.0,Yes,6.3,9.0,1.0,9.0,5,5.0,0.0,3.0,5.0,N,7.0,Low,Low,Low,2024-06-16
EMP1605,33.0,Male,Marketing,Marketing Manager,0.2,31343.07,54.0,14.0,No,6.6,8.0,1.0,9.0,6,7.0,23.0,1.0,5.0,N,7.0,Low,Low,Low,-
EMP2958,36.0,Female,It,Support Team Lead,9.3,37746.49,45.0,19.0,Y,6.3,10.0,2.0,8.0,3,5.0,5.0,3.0,5.0,N,8.0,Low,Low,Medium,2017-12-29
EMP2514,37.0,Male,Operations,Operations Manager,2.6,37695.34,45.0,5.0,No,6.7,10.0,1.0,10.0,8,7.0,25.0,2.0,5.0,-,6.0,-,Low,Low,01-16-2021
EMP1289,20.0,Male,Admin,Front Desk Executive,0.7,32425.18,51.0,18.0,No,6.4,9.0,1.0,10.0,5,6.0,11.0,2.0,5.0,Yes,8.0,Low,Low,Low,2015-12-04
EMP4536,35.0,Female,Legal,Compliance Officer,6.1,34294.85,30.0,5.0,No,7.1,10.0,1.0,10.0,5,7.0,38.0,5.0,5.0,No,7.0,Low,Low,Low,30-Jun-2020
EMP2271,21.0,Male,Sales,Account Manager,2.5,39799.1,39.0,0.0,N,7.6,9.0,1.0,10.0,6,7.0,1.0,2.0,4.0,Y,6.0,Low,Low,Low,-
EMP3614,41.0,F,Customer Support,Support Team Lead,0.1,43973.72,45.0,0.0,No,6.6,10.0,1.0,8.0,6,6.0,4.0,3.0,5.0,No,7.0,Low,Low,Low,2025/07/15
EMP4027,31.0,Male,R&D,Data Scientist,0.8,44688.49,57.0,28.0,Yes,5.4,7.0,1.0,8.0,6,5.0,28.0,3.0,5.0,Yes,6.0,Low,Low,Low,02-10-2016
EMP5815,49.0,-,Hr,Support Team Lead,2.3,39968.79,50.0,15.0,No,5.0,8.0,2.0,9.0,4,6.0,1.0,3.0,5.0,No,7.0,Low,Low,Low,29/07/2017
EMP6747,27.0,M,Finance,Finance Manager,0.3,38439.68,55.0,20.0,Y,5.8,8.0,-3.0,10.0,6,7.0,1.0,5.0,5.0,Y,6.0,Low,Low,Low,"December 31, 2026"
EMP4597,38.0,F,Hr,Accountant,2.5,32425.18,54.0,20.0,No,6.1,7.0,1.0,10.0,4,8.0,3.0,3.0,5.0,Y,7.0,Low,Low,-,08-21-2018
EMP4377,33.0,Male,Customer Support,Support Executive,-5.03268253573473,30779.62,41.0,5.0,N,7.2,10.0,1.0,10.0,5,5.0,10.0,1.0,5.0,Y,7.0,Low,Low,Low,27/10/2022
EMP6623,41.0,Male,Sales,Sales Executive,4.9,35797.28,47.0,18.0,No,7.1,8.0,3.0,9.0,8,7.0,0.0,3.0,5.0,N,7.0,Low,Low,Low,2019-12-10
EMP6772,33.0,F,Hr,Hr Executive,3.6,30803.74,43.0,3.0,N,6.4,9.0,1.0,9.0,6,5.0,7.0,2.0,5.0,Y,7.0,-,Low,Low,"November 14, 2015"
EMP2917,33.0,M,Operations,Operations Manager,1.7,34022.65,49.0,1.0,No,8.7,9.0,1.0,9.0,5,6.0,38.0,-7.0,5.0,Yes,7.0,Low,Low,Low,06-Jul-2024
EMP2373,29.0,Other,It,Software Engineer,3.3,22613.38,52.0,14.0,No,5.5,9.0,1.0,7.0,5,7.0,5.0,1.0,5.0,No,6.0,Low,Low,Low,03-13-2024
EMP3973,35.0,Female,Legal,Legal Counsel,0.0,26498.93,45.0,2.0,No,9.0,10.0,1.0,10.0,9,7.0,10.0,-5.0,5.0,No,8.0,Low,Low,Low,2025/11/19
EMP4950,42.0,Other,Sales,Sales Manager,11.8,49411.28,44.0,3.0,No,5.5,10.0,1.0,9.0,8,7.0,4.0,7.0,5.0,No,9.0,Low,Low,-,20-Oct-2022
EMP2319,23.0,M,Finance,Accountant,5.0,34945.8,42.0,0.0,N,7.4,10.0,1.0,10.0,6,6.0,-12.0,2.0,4.0,Yes,7.0,Low,Low,Low,-
EMP5454,31.0,Female,Finance,Auditor,3.6,29886.0,50.0,5.0,No,7.5,9.0,2.0,10.0,9,7.0,4.0,3.0,5.0,No,7.0,Low,-,Low,"August 14, 2015"
EMP6727,41.0,Male,It,Software Engineer,0.0,27578.78,47.0,0.0,N,7.2,10.0,1.0,10.0,8,8.0,21.0,5.0,5.0,No,7.0,Low,Low,Low,"September 07, 2022"
EMP4788,33.0,Male,Cust. Support,Customer Success Manager,4.7,46988.83,46.0,3.0,No,7.5,8.0,1.0,8.0,6,6.0,32.0,3.0,5.0,Y,6.0,Low,Low,Low,2016/02/29
EMP2381,24.0,Female,Legal,Legal Advisor,3.4,33507.65,30.0,5.0,No,8.2,9.0,2.0,8.0,3,4.0,22.0,3.0,5.0,Yes,7.0,Low,Low,Low,"April 22, 2017"
EMP3442,57.0,Female,Marketing,Marketing Manager,8.4,43372.93,49.0,3.0,Yes,6.0,9.0,1.0,10.0,7,7.0,10.0,3.0,5.0,Y,6.0,Low,Low,Low,2017-06-19
EMP1703,24.0,Male,It,Devops Engineer,2.5,26539.63,55.0,26.0,No,6.7,7.0,1.0,10.0,9,6.0,57.0,2.0,5.0,Yes,7.0,Low,Low,Low,12-Mar-2019
EMP2634,53.0,Female,Admin,Admin Executive,2.5,29834.06,48.0,17.0,N,7.7,10.0,2.0,8.0,4,5.0,6.0,0.0,5.0,Yes,6.0,Low,Low,Low,"March 15, 2027"
EMP6842,29.0,,Hr,Operations Executive,6.8,37123.33,56.0,21.0,No,6.1,6.0,1.0,9.0,8,7.0,13.0,0.0,5.0,Yes,8.0,Low,Low,Low,2022/12/30
EMP1931,29.0,Male,Human Resources,Hr Executive,2.9,21086.35,52.0,11.0,No,7.3,9.0,1.0,9.0,5,8.0,0.0,3.0,5.0,N,8.0,Low,Low,Low,"February 27, 2025"
EMP2549,21.0,Female,Hr,Marketing Executive,1.3,25946.96,41.0,4.0,No,-10.55635716230131,10.0,1.0,9.0,5,6.0,15.0,4.0,4.0,Yes,9.0,Low,Low,-,09-17-2019
EMP3677,47.0,Other,Administration,Front Desk Executive,1.1,27098.07,45.0,17.0,No,6.6,9.0,2.0,7.0,5,6.0,7.0,4.0,5.0,Y,7.0,Low,Low,Low,21-Apr-2018
EMP5787,20.0,Male,Legal,Legal Counsel,0.7,29583.54,45.0,3.0,No,7.4,9.0,1.0,10.0,6,6.0,0.0,6.0,3.0,N,7.0,Low,Low,Low,30/04/2023
EMP3772,20.0,Female,Hr,Recruiter,2.0,34583.21,45.0,11.0,No,7.7,9.0,1.0,10.0,6,6.0,5.0,5.0,4.0,No,6.0,Low,Low,Low,07-24-2016
EMP1482,33.0,Female,Hr,,7.7,35153.09,51.0,17.0,Y,6.7,9.0,2.0,7.0,8,6.0,17.0,6.0,5.0,Yes,7.0,Low,Low,Low,2015/04/03
EMP6930,20.0,Female,Legal,Compliance Officer,1.2,29802.42,53.0,12.0,Yes,7.7,8.0,1.0,8.0,3,6.0,2.0,2.0,5.0,No,9.0,Low,Low,Low,12/02/2023
EMP5098,27.0,Male,R&D,Data Scientist,0.2,26246.23,48.0,12.0,No,6.8,9.0,1.0,10.0,7,6.0,1.0,2.0,3.0,Yes,8.0,Low,Low,Low,2021/03/23
EMP4009,39.0,Male,Hr,-,0.5,38593.06,30.0,5.0,N,7.5,8.0,1.0,7.0,6,6.0,63.0,5.0,5.0,N,7.0,Low,Low,Low,2024-08-17
EMP4686,41.0,Male,Legal,Legal Advisor,1.6,32425.18,43.0,12.0,N,7.9,9.0,1.0,9.0,7,7.0,16.0,3.0,5.0,Yes,7.0,Low,Low,Low,-
EMP6875,20.0,Male,Sales,Account Manager,2.0,35457.71,43.0,14.0,Yes,6.9,8.0,3.0,8.0,4,4.0,10.0,3.0,5.0,No,7.0,Low,Low,Medium,04/07/2019
EMP5100,39.0,Female,Admin,Office Manager,5.8,48304.25,45.0,0.0,No,8.7,10.0,1.0,9.0,5,6.0,20.0,3.0,5.0,Yes,7.0,Low,Low,Low,01-25-2019
EMP6797,34.0,Male,Hr,Support Team Lead,6.4,51891.11,44.0,12.0,N,6.4,10.0,2.0,8.0,10,8.0,12.0,1.0,5.0,No,6.0,Low,Low,Low,14-Mar-2023
EMP5705,29.0,Male,Marketing,Marketing Manager,0.7,44461.05,30.0,5.0,No,5.9,10.0,2.0,9.0,6,6.0,8.0,6.0,5.0,N,9.0,Low,Low,,2022-03-02
EMP2007,42.0,Male,Operations,Support Team Lead,1.0,17559.29,38.0,1.0,N,7.3,8.0,1.0,10.0,8,8.0,1.0,2.0,5.0,No,8.0,Low,Low,Low,"December 31, 2026"
EMP3602,20.0,Female,Operations,Operations Executive,2.0,27832.04,38.0,6.0,Yes,7.0,10.0,1.0,9.0,6,5.0,35.0,4.0,4.0,Y,6.0,Low,Low,Low,08-12-2015
EMP3669,20.0,Male,Legal,Compliance Officer,2.0,24995.15,38.0,0.0,No,7.2,10.0,2.0,8.0,8,6.0,2.0,5.0,5.0,-,6.0,Low,Low,Low,2019-05-12
EMP1910,33.0,,Sales,Sales Executive,0.7,26325.94,45.0,0.0,No,7.2,10.0,2.0,7.0,5,6.0,5.0,2.0,5.0,No,8.0,-,Low,Low,2022-01-03
EMP3685,36.0,Female,Customer Support,Support Executive,2.3,28684.15,57.0,23.0,No,-9.163030776337964,9.0,3.0,10.0,7,8.0,5.0,5.0,5.0,Yes,8.0,Low,Low,Low,07-Sep-2023
EMP6465,32.0,Male,R&D,R&D Engineer,7.6,39211.26,47.0,5.0,Yes,7.9,10.0,2.0,10.0,3,4.0,15.0,2.0,4.0,No,6.0,Low,Low,Low,21/06/2017
EMP3049,24.0,Female,Customer Support,Customer Success Manager,0.5,30343.23,51.0,18.0,Yes,6.3,7.0,1.0,10.0,5,7.0,2.0,2.0,5.0,No,7.0,Low,Low,-, 
EMP5716,28.0,Male,Legal,Legal Advisor,2.1,28914.72,60.0,29.0,No,6.6,5.0,1.0,9.0,4,6.0,16.0,2.0,5.0,No,7.0,Low,Low,Low,-
EMP2255,23.0,Male,Hr,Operations Amnager,5.0,48499.92,46.0,4.0,Yes,6.5,10.0,1.0,9.0,-,8.0,10.0,3.0,5.0,Yes,7.0,Low,Low,Low,03-16-2018
EMP6641,39.0,Male,R&D,Research Analyst,0.7,26344.2,47.0,4.0,No,20.0,9.0,3.0,9.0,6,7.0,1.0,6.0,5.0,No,5.0,Low,Low,,03-30-2019
EMP2797,39.0,Male,Hr,Hr Manager,12.8,55159.39,35.0,0.0,Yes,7.4,10.0,1.0,9.0,6,5.0,12.0,5.0,5.0,N,9.0,Low,Low,Low,2017-10-02
EMP6277,30.0,Male,Customer Support,Support Executive,2.5,30006.66,47.0,10.0,No,5.5,10.0,1.0,9.0,4,6.0,21.0,2.0,5.0,N,8.0,Low,Low,Low,14/08/2019
EMP1224,40.0,Male,Sales,Account Manager,3.6,41329.89,49.0,11.0,No,6.5,10.0,2.0,7.0,5,7.0,12.0,2.0,5.0,Yes,6.0,Low,Low,-,"January 09, 2017"
EMP2367,26.0,Female,Administration,Support Team Lead,1.9,40986.76,46.0,3.0,No,7.5,8.0,1.0,9.0,-,5.0,18.0,3.0,5.0,No,7.0,Low,Low,Low,2017-01-16
EMP3920,46.0,Male,It,Software Engineer,1.5,23232.08,45.0,4.0,No,8.3,10.0,1.0,9.0,7,6.0,23.0,3.0,5.0,No,8.0,Low,Low,Low,2026/04/16
EMP6418,26.0,Male,Marketing,Marketing Executive,0.6,21019.0,51.0,13.0,Yes,6.7,8.0,1.0,9.0,6,5.0,29.0,1.0,5.0,N,7.0,Low,Low,Low,"August 01, 2022"
EMP6769,27.0,Female,Operations,Operations Manager,9.0,55324.33,52.0,5.0,Yes,6.6,8.0,1.0,7.0,8,7.0,4.0,2.0,5.0,No,7.0,Low,Low,Low, 
EMP2104,33.0,Female,Operations,Operations Executive,2.5,21852.48,46.0,19.0,Yes,6.7,8.0,1.0,10.0,3,5.0,12.0,5.0,5.0,No,6.0,Low,Low,Low,-
 emp2853 ,37.0,Female,It,It Support,4.6,29054.01,45.0,12.0,No,8.4,9.0,1.0,9.0,3,7.0,38.0,-6.0,5.0,N,7.0,Low,Low,Low,12/12/2016
EMP6987,33.0,Male,Admin,Admin Executive,2.5,25593.76,51.0,15.0,No,9.0,7.0,1.0,8.0,6,8.0,7.0,2.0,5.0,N,6.0,Low,Low,Low,2021-12-25
EMP2930,36.0,Male,Hr,Admin Executive,1.7,26177.39,46.0,7.0,N,6.4,9.0,3.0,8.0,5,6.0,1.0,2.0,5.0,N,9.0,Low,Low,Low,2015/01/27
EMP6776,33.0,Male,Sales,Account Manager,7.2,32425.18,41.0,1.0,No,6.8,9.0,1.0,9.0,5,7.0,1.0,1.0,5.0,N,5.0,Low,Low,Low,-
EMP3879,36.0,Male,Marketing,Content Strategist,8.0,39393.34,39.0,0.0,Y,7.9,10.0,1.0,10.0,8,7.0,26.0,4.0,5.0,Yes,7.0,Low,Low,Low,01/08/2022
EMP4753,41.0,Female,Legal,Compliance Officer,5.9,31013.37,45.0,16.0,Yes,6.9,8.0,3.0,10.0,7,7.0,2.0,3.0,5.0,No,7.0,Low,Low,Low,-
EMP5455,27.0,Female,Finance,Auditor,0.2,26132.76,51.0,16.0,No,7.7,7.0,2.0,10.0,4,5.0,8.0,2.0,5.0,No,8.0,Low,Low,Low,2025-08-29
EMP3544,41.0,Male,Administration,Frotn Desk Executive,3.2,30599.5,36.0,0.0,No,6.2,10.0,1.0,10.0,5,6.0,49.0,2.0,4.0,N,7.0,Low,Low,Low,2015/05/18
EMP4043,30.0,M,It,It Support,4.0,23947.36,33.0,6.0,No,7.5,7.0,1.0,10.0,7,8.0,7.0,1.0,5.0,Yes,8.0,Low,Low,Low,-
EMP3898,33.0,F,Admin,Office Manager,3.5,50954.21,40.0,0.0,No,7.6,10.0,3.0,7.0,5,5.0,0.0,2.0,5.0,N,7.0,Low,Low,Low,12-27-2021
EMP3604,20.0,Male,Fiannce,Auditor,2.0,32744.63,47.0,11.0,No,6.3,9.0,2.0,9.0,4,5.0,19.0,1.0,5.0,Yes,6.0,Low,Low,Low,02-May-2023
EMP3670,27.0,Female,Finance,Financial Analyst,0.5,26291.51,53.0,1.0,Yes,8.0,9.0,1.0,9.0,,7.0,20.0,2.0,4.0,N,5.0,Low,Low,Low,02-Jan-2020
EMP5839,34.0,Male,Finance,Accountant,1.7,29502.45,40.0,0.0,No,7.2,10.0,1.0,7.0,6,6.0,7.0,3.0,5.0,No,5.0,Low,Low,Low,10-26-2023
EMP2673,23.0,Male,Information Technology,System Admin,0.9,28562.06,40.0,0.0,No,7.9,7.0,3.0,5.0,6,6.0,10.0,2.0,4.0,No,6.0,Low,Low,Low,-
EMP5457,33.0,Male,It,Qa Engineer,8.0,41814.52,47.0,5.0,No,6.9,9.0,1.0,9.0,7,8.0,4.0,3.0,5.0,Y,7.0,Low,Low,Low,2021-09-07
EMP4565,36.0,Male,It,Devops Engineer,6.6,38777.45,47.0,8.0,No,6.5,9.0,1.0,9.0,10,6.0,5.0,2.0,5.0,Yes,6.0,Low,Low,Low,10-28-2020
EMP5478,28.0,Female,Customer Support,Support Executive,4.1,32126.51,38.0,1.0,Yes,7.3,10.0,3.0,10.0,3,4.0,4.0,4.0,5.0,,8.0,Low,Low,Medium,2020-06-18
EMP6300,21.0,Female,Customer Support,Support Team Lead,3.0,42245.75,54.0,19.0,Yes,6.1,8.0,1.0,8.0,8,6.0,1.0,1.0,5.0,Y,7.0,Low,Low,Low,2015-11-29
EMP6024,25.0,Female,Sales,Sales Manager,0.7,34960.91,51.0,5.0,Yes,7.5,8.0,3.0,8.0,7,6.0,46.0,1.0,5.0,No,6.0,Low,Low,Low,01-02-2024
EMP1106,26.0,Male,Rnd,R&D Engineer,1.3,34953.85,45.0,7.0,Yes,5.8,9.0,1.0,10.0,6,5.0,41.0,3.0,5.0,Yes,8.0,Low,Low,Low,10-17-2020
EMP1598,34.0,Male,Hr,Customer Success Manager,5.7,47358.17,30.0,0.0,No,6.4,10.0,1.0,10.0,9,6.0,10.0,3.0,5.0,Yes,8.0,Low,Low,Low,10-Jan-2016
EMP5603,39.0,Female,Admin,Office Manager,1.9,47365.41,45.0,12.0,Yes,7.8,10.0,2.0,8.0,-,7.0,33.0,4.0,5.0,Yes,8.0,Low,Low,Low,11-15-2017
EMP6634,35.0,Male,Sales,Business Development Executive,5.0,29164.82,44.0,10.0,No,6.1,9.0,1.0,7.0,-,6.0,10.0,4.0,5.0,No,7.0,Low,Low,Low,16/12/2020
EMP3340,33.0,Male,Customer Support,Support Team Lead,6.3,32425.18,41.0,0.0,No,7.1,9.0,2.0,9.0,6,8.0,10.0,3.0,5.0,No,6.0,Low,Low,Low,27/12/2015
EMP3473,44.0,Male,Human Resources,Hr Executive,1.2,29770.71,56.0,22.0,No,6.5,8.0,3.0,9.0,3,5.0,9.0,3.0,5.0,N,8.0,Low, ,Medium,"April 03, 2024"
EMP5379,33.0,Male,I.T.,Qa Engineer,1.3,22513.47,45.0,13.0,No,6.4,8.0,1.0,10.0,6,6.0,3.0,6.0,4.0,No,6.0,Low,Low,Low,01-10-2019
EMP3249,36.0,Male,Hr,Recriuter,10.7,43732.52,59.0,24.0,N,6.4,5.0,1.0,8.0,10,8.0,4.0,3.0,5.0,No,7.0,Low,Low,Low,2017/06/28
EMP1359,32.0,M,Sales,Business Development Executive,2.6,29157.88,50.0,10.0,No,6.7,9.0,1.0,10.0,6,6.0,10.0,3.0,4.0,No,6.0,Low,Low,Low,2016-04-07
EMP3443,33.0,Female,Hr,Hr Executive,5.4,24040.73,45.0,4.0,Yes,7.3,9.0,1.0,10.0,9,8.0,76.0,3.0,5.0,Y,6.0,Low,Low,Low,01-05-2015
EMP4644,39.0,Male,R&D,R&D Engineer,2.5,22080.7,43.0,10.0,N,7.7,10.0,1.0,6.0,9,7.0,4.0,3.0,5.0,No,6.0,Low,Low,Low,2017/06/30
EMP1169,35.0,Male,R&D,R&D Engineer,0.3,23566.71,50.0,6.0,N,6.5,9.0,1.0,9.0,6,8.0,2.0,1.0,5.0,Y,9.0,Low,Low,Low,01-Aug-2017
EMP3090,24.0,Male,Hr,Accountant,2.4,23484.79,40.0,0.0,No,6.6,10.0,1.0,10.0,7,6.0,14.0,2.0,5.0,Y,6.0,Low,Low,Low,06-29-2018
EMP2926,33.0,Male,Legal,Compliance Officer,7.2,36703.99,43.0,11.0,N,7.2,9.0,1.0,9.0,6,5.0,3.0,3.0,5.0,Yes,7.0,Low,Low,Low,17-May-2015
EMP4386,20.0,Female,Marketing,Marketing Executive,2.0,33746.83,30.0,0.0,No,7.1,10.0,1.0,9.0,2,6.0,2.0,8.0,5.0,No,8.0,,Low,Low,2016-09-19
EMP5055,34.0,Male,Admin,,1.4,42353.84,47.0,4.0,No,7.1,8.0,2.0,7.0,7,8.0,1.0,3.0,5.0,No,5.0,Low,Low,Low,15-Dec-2019
EMP2223,34.0,Female,Legal,Compliance Officer,16.0,45206.14,31.0,1.0,No,6.4,10.0,1.0,10.0,5,7.0,9.0,3.0,5.0,-,7.0,Low,Low,Low,-
EMP5856,34.0,Male,Finance,Finance Manager,8.1,51371.92,47.0,11.0,No,7.9,10.0,1.0,10.0,5,7.0,14.0,4.0,5.0,No,6.0,Low,Low,Low,"September 06, 2022"
EMP2869,53.0,Female,Operations,-,7.3,53687.73,30.0,4.0,No,7.8,9.0,1.0,10.0,1,5.0,10.0,3.0,5.0,No,7.0,Low,Low,Low,2024-11-29
EMP3265,50.0,Male,I.T.,System Admin,0.8,29392.72,41.0,7.0,Yes,8.3,9.0,2.0,9.0,7,6.0,3.0,3.0,4.0,No,6.0,Low,Low,Low,"February 01, 2015"
 emp4130 ,36.0,Male,Admin,Admin Xeecutive,1.1,28023.6,57.0,20.0,N,5.9,10.0,2.0,8.0,8,8.0,62.0,5.0,5.0,No,7.0,Low,Low,Low,28/11/2018
EMP3511,29.0,Female,Marketting,Marketing Manager,4.3,47826.8,51.0,14.0,Yes,6.1,8.0,1.0,9.0,7,7.0,21.0,2.0,5.0,No,7.0,Low,Low,Low,2021-11-13
EMP1866,43.0,Female,R&D,Research Analyst,12.7,48430.71,45.0,0.0,N,7.2,10.0,1.0,9.0,6,7.0,43.0,3.0,5.0,No,7.0,Low,Low,Low,14/07/2023
EMP4924,27.0,Male,Sales,Support Team Lead,8.1,52910.45,55.0,25.0,Yes,5.6,8.0,2.0,8.0,8,6.0,6.0,3.0,5.0,Yes,6.0,Low,Low,Low,09-24-2025
EMP3243,35.0,Female,Hr,Hr Manager,2.8,38566.76,49.0,10.0,No,7.2,9.0,1.0,8.0,4,7.0,17.0,1.0,5.0,N,9.0,Low,Low,Low,10-Mar-2024
EMP6520,39.0,-,Customer Support,Support Team Lead,4.0,48904.78,35.0,0.0,N,6.1,7.0,1.0,10.0,3,6.0,5.0,3.0,5.0,No,8.0,Low,Low,Low,2017/05/14
EMP4573,46.0,Male,Human Resources,Support Team Lead,5.0,36483.63,51.0,11.0,No,7.4,8.0,3.0,9.0,3,7.0,3.0,3.0,5.0,No,7.0,Low,Low,Low,04-24-2015
EMP4789,28.0,M,Sales,Business Development Executive,1.5,25670.41,41.0,2.0,No,7.2,10.0,3.0,7.0,6,5.0,10.0,2.0,4.0,No,7.0,Low,Low,Low,10/03/2015
EMP4363,40.0,Female,Sales,Support Team Lead,2.5,53263.11,58.0,22.0,N,7.1,8.0,1.0,10.0,7,6.0,14.0,3.0,5.0,Yes,8.0,Low,Low,Low,2024/09/28
EMP6563,31.0,F,Rnd,Support Team Lead,3.8,52799.96,59.0,5.0,No,7.0,9.0,1.0,9.0,5,8.0,3.0,1.0,5.0,N,9.0,Low,Low,Low,2016-03-19
EMP3980,32.0,Male,R&D,R&D Engineer,2.4,28546.87,38.0,0.0,No,7.2,10.0,1.0,9.0,5,6.0,37.0,0.0,5.0,N,7.0,Low,Low,Low,04-Feb-2018
EMP6588,37.0,Female,Operations,Logistics Coordinator,1.1,31539.82,39.0,0.0,Y,6.1,10.0,1.0,10.0,6,6.0,21.0,2.0,5.0,No,7.0,Low,Low,Low, 
EMP3076,43.0,Female,Admin,Admin Executive,5.7,30609.71,38.0,5.0,Yes,8.2,9.0,2.0,8.0,4,5.0,34.0,4.0,5.0,Yes,6.0,Low,Low,Low,02/12/2021
EMP6431,50.0,Male,Customer Support,Support Team Lead,1.9,40448.21,45.0,9.0,No,7.4,8.0,1.0,10.0,7,6.0,10.0,2.0,5.0,N,7.0,Low,Low,Low,2015/06/01
EMP5326,33.0,Female,It,Software Engineer,6.0,32687.51,42.0,0.0,Yes,6.8,10.0,1.0,9.0,6,8.0,5.0,5.0,5.0,Y,7.0,Low,Low,Low,18/12/2017
EMP1600,21.0,Male,Hr,Recruiter,3.0,31656.09,49.0,5.0,N,8.5,8.0,2.0,8.0,7,7.0,1.0,3.0,5.0,No,7.0,Low,Low,Low,"March 24, 2019"
EMP6988,31.0,Female,Finance,Accountant,1.2,29187.37,45.0,5.0,Yes,7.7,9.0,3.0,8.0,8,7.0,7.0,0.0,5.0,No,7.0,Low,Low,Low,"September 27, 2015"
EMP3622,27.0,Male,Hr,Hr Executive,2.0,24358.84,37.0,1.0,Yes,7.0,7.0,2.0,8.0,6,5.0,15.0,3.0,5.0,No,8.0,Low,Low,Low,12-05-2017
EMP6283,33.0,Female,Cust. Support,Customer Success Manager,0.7,42359.41,44.0,8.0,No,7.1,10.0,1.0,10.0,5,7.0,42.0,3.0,4.0,No,7.0,Low,Low,Low,10-06-2018
EMP1393,36.0,Female,Legal,Compliance Officer,0.7,28702.45,46.0,0.0,No,8.9,10.0,1.0,9.0,6,8.0,29.0,3.0,5.0,N,8.0,Low,Low,Low,04/10/2016
EMP4781,38.0,Male,Marketing,Seo Specialist,8.7,35746.8,39.0,1.0,No,8.5,10.0,1.0,10.0,5,5.0,10.0,5.0,5.0,Yes,7.0,Low,Low,Low,2016-04-09
EMP4771,41.0,Male,Customer Support,Customer Success Manager,2.7,50647.29,53.0,18.0,No,7.0,9.0,1.0,9.0,,7.0,77.0,1.0,5.0,No,7.0,Low,Low,Low,23-Apr-2020
EMP3679,36.0,Male,-,Compliance Officer,0.1,21370.4,60.0,23.0,No,6.6,7.0,2.0,8.0,8,5.0,40.0,2.0,4.0,Yes,7.0,Low,Low,Low,19/08/2016
EMP1688,32.0,M,Operations,Operations Manager,1.2,36521.34,45.0,0.0,N,9.0,10.0,1.0,10.0,3,5.0,41.0,3.0,5.0,Yes,6.0,Low,Low,Low,2016/11/02
EMP5253,20.0,Female,Sales,Sales Manager,2.0,30477.48,32.0,0.0,Y,7.1,9.0,1.0,10.0,8,6.0,13.0,2.0,5.0,N,8.0,Low,Low,Low,22/01/2019
EMP2550,33.0,Female,Sales,Account Manager,0.1,34973.22,45.0,4.0,No,7.4,10.0,1.0,10.0,6,6.0,21.0,1.0,5.0,No,7.0,-,Low,Low,2022-04-12
EMP3160,38.0,Male,Operations,Operations Manager,6.2,49559.16,45.0,5.0,No,6.9,10.0,1.0,10.0,4,6.0,19.0,5.0,5.0,Yes,7.0,Low,Low,Low,04-06-2020
EMP4904,35.0,Male,Legal,Compliance Officer,3.0,30538.91,46.0,0.0,No,7.2,9.0,1.0,9.0,3,6.0,20.0,3.0,5.0,No,7.0,Low,Low,Low,"March 30, 2022"
EMP2953,33.0,Other,Marketing,Content Strategist,8.0,41400.93,30.0,3.0,No,6.5,9.0,2.0,10.0,7,7.0,7.0,5.0,4.0,N,7.0,Low,Low,Low,"September 16, 2018"
EMP3348,20.0,Male,Customer Support,Support Team Lead,2.0,32425.18,37.0,9.0,No,7.2,9.0,2.0,10.0,4,7.0,5.0,3.0,5.0,Yes,7.0,Low,Low,Low,05-Sep-2020
EMP3720,31.0,Male,Admin,Admin Executive,1.1,31077.33,37.0,0.0,Yes,7.8,9.0,1.0,8.0,5,5.0,10.0,4.0,5.0,Y,7.0,Low,Low,Low,2025/03/30
EMP6263,50.0,Male,Hr,Hr Executive,2.1,29689.81,32.0,2.0,No,6.9,10.0,1.0,10.0,1,6.0,1.0,5.0,5.0,No,7.0,Low,Low,Low,12-28-2019
EMP1699,22.0,F,Hr,Leagl Counsel,4.0,32425.18,56.0,5.0,No,6.1,7.0,1.0,9.0,4,7.0,1.0,5.0,5.0,-,8.0,Low,Low,Low,11-27-2020
EMP5669,35.0,Male,Operations,Operations Manager,4.2,32425.18,45.0,0.0,No,8.1,9.0,1.0,7.0,6,6.0,22.0,2.0,5.0,Yes,7.0,Low,Low,Low,-
EMP3555,35.0,Male,It,Qa Engineer,4.0,39936.5,46.0,8.0,Y,7.6,10.0,1.0,9.0,5,5.0,17.0,5.0,5.0,No,7.0,Low,Low,Low,"March 03, 2021"
EMP2337,37.0,Male,Legal,Compliance Officer,1.7,32425.18,43.0,17.0,No,6.2,9.0,4.0,8.0,6,6.0,5.0,2.0,5.0,No,7.0,Low,Low,Low,03-Nov-2025
EMP4720,33.0,Female,Finance,Auditor,4.3,31799.22,51.0,5.0,N,7.8,8.0,1.0,9.0,5,5.0,10.0,1.0,5.0,Y,7.0,Low,Low,Low,"June 10, 2026"
EMP6369,20.0,Female,Finance,Support Team Lead,2.0,26925.21,30.0,0.0,N,6.1,9.0,1.0,10.0,7,6.0,16.0,3.0,5.0,Yes,7.0,Low,Low,Low,09-07-2016
EMP2611,37.0,Female,Hr,Hr Executive,3.6,32425.18,46.0,12.0,No,5.1,7.0,1.0,8.0,9,7.0,0.0,3.0,5.0,No,7.0,Low,Low,Low,2023-02-25
EMP2480,26.0,Other,Sales,Sales Manager,7.0,32425.18,42.0,1.0,Yes,7.2,10.0,1.0,8.0,7,8.0,4.0,4.0,5.0,N,8.0,Low,Low,Low,31/07/2021
EMP4727,20.0,Male,Customer Support,Customer Success Manager,2.5,40064.59,57.0,19.0,No,7.0,8.0,2.0,9.0,2,3.0,8.0,1.0,5.0,Y,6.0,Low,Low,Medium,"May 08, 2024"
EMP1457,43.0,F,Sales,Sales Executive,1.3,22049.26,45.0,0.0,Yes,8.3,8.0,1.0,8.0,7,7.0,1.0,4.0,4.0,No,7.0,Low,Low,Low,"April 22, 2025"
EMP4929,23.0,Male,Customer Support,Customer Success Manager,5.0,42284.11,31.0,0.0,No,8.7,10.0,1.0,9.0,8,8.0,36.0,6.0,5.0,N,9.0,Low,Low,Low,2024/10/27
 emp1012 ,25.0,Female,Sales,Sales Manager,1.0,38378.08,65.0,39.0,No,5.4,5.0,3.0,8.0,3,6.0,27.0,5.0,5.0,No,6.0,Medium,Moderate,Medium, 
EMP5814,27.0,Male,Legal,Legal Counsel,4.4,31082.41,61.0,5.0,Yes,6.1,8.0,2.0,8.0,6,6.0,64.0,2.0,5.0,No,8.0,Low,Low,Low,"April 09, 2015"
EMP6200,25.0,Female,Finance,Auditor,1.3,27102.93,44.0,5.0,No,7.6,10.0,1.0,9.0,7,6.0,10.0,3.0,5.0,Y,7.0,Low,Low,Low,"June 02, 2024"
EMP6470,38.0,Female,Sales,Account Manager,1.5,39759.93,45.0,11.0,N,6.9,8.0,1.0,9.0,6,6.0,12.0,3.0,5.0,No,8.0,Low,Low,Low,"February 11, 2019"
EMP4099,30.0,Male,Marketing,Support Team Lead,3.0,26446.63,40.0,4.0,No,8.5,9.0,1.0,9.0,5,7.0,13.0,2.0,5.0,Yes,7.0,Low,Low,Low,19-May-2020
EMP2552,56.0,Male,Sales,Sales Executive,11.9,32425.18,45.0,26.0,No,6.4,7.0,1.0,9.0,7,7.0,1.0,4.0,5.0,N,5.0,Low,Low,Low,04-10-2021
EMP5178,33.0,Male,Legal,Compliance Officer,3.7,32301.1,48.0,8.0,Yes,7.6,8.0,1.0,9.0,4,7.0,22.0,6.0,5.0,N,8.0,Low,Low,Low,17-Jul-2025
EMP5424,41.0,Male,I.T.,Support Team Lead,2.6,20267.2,45.0,5.0,No,7.2,9.0,2.0,9.0,3,3.0,18.0,-7.0,5.0,No,8.0,Low,Low,Medium,"July 02, 2015"
EMP4568,33.0,Male,It,Software Engineer,1.6,28368.03,53.0,12.0,No,6.9,9.0,2.0,8.0,6,6.0,4.0,4.0,5.0,No,6.0,Low,Low,Low,2025/12/28
EMP1792,30.0,Female,Marketing,Seo Specialist,0.5,27567.83,45.0,16.0,Yes,7.6,10.0,1.0,9.0,9,6.0,22.0,2.0,4.0,N,7.0,Low,Low,Low,"September 27, 2017"
EMP2183,36.0,Male,Sales,Business Development Executive,4.8,28122.3,39.0,2.0,Y,6.6,10.0,1.0,10.0,3,7.0,1.0,4.0,5.0,N,6.0,Low,Low,Low,"November 25, 2017"
EMP3785,33.0,Female,Operations,Logistics Coordinator,6.1,39806.15,45.0,2.0,No,8.5,10.0,1.0,10.0,6,6.0,10.0,0.0,5.0,,8.0,Low,Low,Very High,2021/10/19
EMP5990,33.0,Female,Operations,Operations Executive,0.2,28568.51,55.0,16.0,No,7.2,8.0,2.0,9.0,5,5.0,31.0,1.0,5.0,No,7.0,Low,Low,Low,06-14-2018
EMP2893,32.0,Male,R&D,Data Scientist,0.2,31392.28,46.0,7.0,No,7.7,10.0,1.0,9.0,10,8.0,32.0,3.0,5.0,N,7.0,Low,Low,Low,2016/10/29
EMP5390,30.0,M,Hr,Support Team Lead,0.0,16546.36,43.0,1.0,No,8.1,9.0,1.0,7.0,4,5.0,2.0,4.0,5.0,Y,7.0,Low,Low,Low,03-Aug-2021
EMP5661,32.0,Female,R&D,Research Analyst,0.5,31364.97,45.0,2.0,No,5.9,10.0,1.0,9.0,5,5.0,70.0,4.0,5.0,Y,7.0,Low,Low,Low,"December 04, 2020"
EMP1488,32.0,M,Legal,Legal Advisor,0.9,28609.57,49.0,5.0,Y,7.2,7.0,2.0,8.0,7,6.0,28.0,3.0,5.0,N,8.0,Low,Low,Low,26/06/2020
EMP1744,43.0,Male,Finance,Support Team Lead,11.1,32425.18,41.0,10.0,No,7.2,10.0,1.0,9.0,4,6.0,1.0,3.0,5.0,Yes,8.0,Low,Low,Low,-
EMP1432,22.0,Male,R&D,Data Scientist,0.6,28506.18,33.0,3.0,Yes,7.4,9.0,1.0,10.0,5,5.0,4.0,1.0,5.0,No,7.0,Low,Low,Low,02/09/2021
EMP5806,33.0,Female,Finance,Financial Analyst,0.7,24184.71,40.0,5.0,N,7.1,8.0,2.0,6.0,5,7.0,2.0,3.0,5.0,N,7.0,Low,Low,Low,"March 27, 2021"
EMP6666,45.0,Male,Marketing,Marketing Executive,2.6,20195.6,41.0,1.0,Yes,6.1,10.0,1.0,10.0,6,5.0,4.0,4.0,5.0,Y,6.0,-,Low,Low,2026/03/15
EMP2579,27.0,M,Admin,Front Desk Executive,1.9,29127.63,46.0,5.0,No,6.3,7.0,1.0,10.0,6,6.0,0.0,2.0,4.0,No,8.0,Low,Low,Low,02/12/2019
EMP5220,41.0,Female,Hr,Hr Executive,0.8,23674.85,45.0,0.0,N,8.3,9.0,1.0,8.0,5,9.0,20.0,5.0,5.0,No,7.0,Low,Low,Low,12-08-2016
EMP3756,36.0,Female,It,Devops Engineer,0.3,22557.85,42.0,4.0,No,8.5,10.0,1.0,9.0,6,6.0,17.0,3.0,5.0,No,9.0,Low,Low,Low,14/12/2017
EMP2664,33.0,Male,Operations,Operations Executive,2.0,29998.64,40.0,-1.0,No,7.5,9.0,2.0,10.0,5,6.0,20.0,4.0,5.0,Y,7.0,Low,Low,Low,"February 09, 2018"
EMP3346,33.0,Male,Hr,Operations Manager,5.4,37853.98,45.0,1.0,Yes,5.5,10.0,1.0,9.0,7,6.0,20.0,1.0,5.0,N,8.0,Low,Low,Low,26-Jun-2025
EMP2774,25.0,Male,Customersupport,Support Executive,2.7,26764.85,41.0,3.0,No,7.2,9.0,1.0,10.0,5,3.0,4.0,3.0,4.0,Yes,9.0,Low,Low,Low,09-Sep-2021
EMP1507,33.0,Male,Finance,Finance Manager,5.2,41202.5,48.0,8.0,No,8.1,9.0,1.0,10.0,4,5.0,1.0,5.0,5.0,Yes,7.0,Low,Low,Low,2021/09/14
EMP1764,33.0,Female,R&D,Data Scientist,2.5,32425.18,46.0,7.0,No,7.4,8.0,1.0,9.0,8,8.0,0.0,2.0,5.0,N,7.0,Low,Low,Low,05-Jun-2021
EMP5488,33.0,M,Admin,Office Manager,5.2,39833.17,34.0,4.0,Yes,7.5,10.0,1.0,9.0,6,5.0,19.0,0.0,5.0,No,8.0,Low,Low,Low,04-19-2016
EMP1015,33.0,F,Customer Support,Support Team Lead,3.0,37026.88,36.0,5.0,Yes,7.6,10.0,2.0,9.0,3,4.0,47.0,4.0,5.0,No,8.0,Low,Low,Low,06-Jun-2026
EMP3874,42.0,Male,Customer Support,Support Team Lead,2.4,32425.18,58.0,28.0,No,7.5,7.0,2.0,9.0,5,5.0,3.0,3.0,5.0,N,7.0,Low,Low,Low,25-Jul-2020
EMP2770,47.0,Male,Legal,Legal Advisor,0.2,28621.7,48.0,11.0,Y,5.5,10.0,2.0,9.0,1,5.0,24.0,4.0,5.0,Yes,6.0,Low,Low,Medium,27-Feb-2017
EMP3734,23.0,Female,Finance,Finance Manager,4.6,45529.76,58.0,18.0,Yes,7.1,9.0,1.0,10.0,7,7.0,9.0,6.0,4.0,Yes,7.0,Low,Low,Low,02/09/2015
EMP5700,45.0,Female,Legal,Legal Advisor,16.4,47602.86,52.0,16.0,N,6.8,7.0,1.0,10.0,5,5.0,0.0,1.0,5.0,Yes,7.0,Low,Low,Low,-
EMP6206,39.0,Male,It,It Support,1.6,23804.96,45.0,0.0,Yes,9.0,9.0,1.0,9.0,6,7.0,6.0,3.0,5.0,Yes,7.0,Low,Low,Low,2021-05-20
EMP1421,33.0,Other,R&D,Research Analyst,1.7,25938.46,39.0,0.0,Yes,7.9,10.0,1.0,7.0,2,6.0,6.0,3.0,5.0,N,8.0,Low,Low,Low,12-04-2016
EMP5626,28.0,Male,Legal,Legal Advisor,2.6,24619.91,50.0,11.0,Y,9.0,8.0,1.0,10.0,6,6.0,0.0,4.0,5.0,Y,7.0,Low,Low,Low,2016/05/03
EMP6658,33.0,Male,Customersupport,Customer Success Manager,1.2,34727.67,36.0,0.0,No,7.6,8.0,1.0,8.0,5,6.0,19.0,3.0,5.0,No,7.0,Low,Low,Low,"May 01, 2025"
EMP6793,35.0,Male,It,Qa Engineer,3.4,25875.06,32.0,0.0,Y,7.1,9.0,1.0,7.0,6,8.0,10.0,0.0,5.0,No,7.0,Low,Low,Low,2017/07/19
EMP2288,27.0,Female,Legal,Legal Advisor,0.1,16951.61,54.0,7.0,No,7.0,8.0,1.0,10.0,6,7.0,11.0,4.0,5.0,N,8.0,Low,Low,Low,09-27-2016
EMP2135,29.0,Male,Marketing,Marketing Executive,3.5,25780.72,41.0,11.0,No,7.4,8.0,1.0,8.0,4,7.0,18.0,5.0,5.0,No,8.0,Low,Low,Low,2023-02-25
EMP5902,39.0,Male,Customer Support,Support Executive,1.9,31294.59,40.0,0.0,No,7.2,9.0,1.0,10.0,7,8.0,11.0,3.0,5.0,N,8.0,Low,Low,Low,13-Nov-2023
EMP5368,29.0,Male,Legal,Support Team Lead,0.8,22783.74,65.0,32.0,Yes,6.0,5.0,3.0,8.0,5,5.0,7.0,2.0,5.0,N,5.0,Medium,Moderate,Medium,2019-09-27
EMP4649,31.0,Female,Sales,Business Development Executive,1.8,32425.18,37.0,0.0,No,7.4,9.0,1.0,10.0,3,6.0,5.0,3.0,5.0,Y,6.0,Low,Low,Low,08-18-2020
EMP3572,22.0,,-,Compliance Officer,4.0,24082.17,59.0,22.0,No,6.5,8.0,3.0,9.0,4,6.0,13.0,1.0,4.0,N,7.0,Low,Low,Medium,15-May-2015
EMP1903,35.0,Male,It,Qa Engineer,0.5,33839.57,42.0,5.0,No,6.8,10.0,1.0,8.0,7,6.0,14.0,2.0,5.0,Yes,6.0,Low,Low,Low,"September 17, 2015"
EMP2311,33.0,Female,Admin,Admin Executive,7.6,35696.65,44.0,0.0,No,6.3,10.0,1.0,8.0,1,6.0,0.0,3.0,5.0,No,5.0,Low,Low,Low,08-Aug-2024
EMP4118,29.0,Female,Hr,R&D Engineer,3.2,31264.46,46.0,2.0,Y,8.5,9.0,2.0,10.0,1,4.0,13.0,4.0,5.0,No,6.0,Low,Low,Medium,"April 07, 2022"
EMP1803,45.0,F,Legal,Compliance Officer,9.0,32425.18,64.0,37.0,No,7.5,5.0,2.0,8.0,10,5.0,1.0,3.0,5.0,N,7.0,Low,Low,Low,05-07-2026
EMP3826,20.0,Male,Marketing,Content Strategist,2.0,24695.89,40.0,0.0,No,7.4,10.0,1.0,10.0,7,8.0,9.0,3.0,5.0,No,8.0,Low,Low,Low,2015-03-04
EMP6323,33.0,Female,Hr,Hr Manager,3.8,48486.71,39.0,7.0,No,7.2,10.0,1.0,10.0,7,8.0,12.0,3.0,5.0,-,8.0,Low,Low,Low,"March 15, 2023"
EMP4393,47.0,Female,Finance,Financial Analyst,9.3,32034.6,53.0,20.0,No,5.3,8.0,1.0,8.0,9,8.0,10.0,3.0,5.0,N,7.0,Low,Low,Low,2016/01/03
EMP3526,23.0,Other,Hr,Auditor,4.1,32425.18,41.0,0.0,No,9.0,10.0,1.0,10.0,6,6.0,7.0,5.0,5.0,No,7.0,Low,Low,Low,2022/03/24
EMP1343,31.0,Female,Finance,Accountant,1.9,31879.2,40.0,1.0,No,8.2,9.0,1.0,8.0,6,6.0,18.0,2.0,5.0,No,8.0,Low,Low,Low,"November 01, 2016"
EMP2330,43.0,Female,Marketing,Marketing Manager,10.1,53731.46,48.0,5.0,Yes,7.6,9.0,2.0,6.0,8,8.0,51.0,2.0,5.0,No,7.0,Low,Low,Low,2018-11-04
EMP6942,27.0,Male,Marketing,Content Strategist,0.2,23149.5,37.0,0.0,Yes,7.6,9.0,1.0,7.0,5,5.0,4.0,0.0,5.0,No,7.0,Low,Low,Low,03-Sep-2021
EMP5457,42.0,Male,It,Qa Engineer,8.0,41814.52,45.0,9.0,No,6.9,9.0,1.0,9.0,7,8.0,4.0,2.0,5.0,Y,7.0,Low,Low,Low,07-Sep-2021
EMP5215,25.0,Male,Legal,Compliance Officer,2.7,30742.11,46.0,8.0,No,8.2,10.0,1.0,10.0,6,8.0,1.0,4.0,5.0,Y,6.0,Low,Low,Low,2021/05/12
EMP4084,33.0,Female,Marketing,Seo Specialist,0.2,25926.5,43.0,3.0,No,8.6,10.0,1.0,9.0,,7.0,7.0,1.0,5.0,No,7.0,Low,Low,Low,09-04-2024
EMP5503,23.0,Male,Hr,Marketing Executive,5.0,34836.54,42.0,12.0,No,7.4,9.0,2.0,9.0,4,5.0,10.0,5.0,5.0,No,7.0,Low,Low,Low,2019-02-14
EMP2940,24.0,Female,Finance,Auditor,6.0,41453.05,39.0,0.0,Yes,8.2,10.0,1.0,9.0,5,6.0,16.0,4.0,5.0,No,10.0,-,Low,Low,06-22-2021
EMP6689,33.0,Male,Hr,Hr Executive,4.1,26693.11,44.0,2.0,No,7.2,9.0,1.0,10.0,6,6.0,16.0,1.0,4.0,No,5.0,Low,Low,Low,08/09/2015
EMP6243,33.0,Female,Sales,Sales Manager,2.0,48364.18,45.0,0.0,No,6.8,8.0,1.0,9.0,5,6.0,18.0,2.0,5.0,Y,10.0,Low,Low,Low,2020-01-24
EMP6195,26.0,Female,Finance,Finance Manager,7.3,53104.07,45.0,5.0,N,7.1,10.0,2.0,10.0,4,6.0,2.0,3.0,5.0,N,5.0,Low,Low,Low,15/04/2022
EMP6136,30.0,Female,Sales,Account Manager,1.4,32425.18,34.0,0.0,Yes,7.2,10.0,1.0,9.0,7,7.0,14.0,2.0,5.0,N,7.0,Low,Low,Low,12-26-2016
EMP2576,26.0,M,Hr,Hr Manager,0.9,39361.03,61.0,29.0,No,6.1,7.0,1.0,9.0,7,6.0,6.0,7.0,4.0,Yes,5.0,Low,Low,Low,2026-01-31
EMP3191,41.0,Male,Hr,H Rgeneralist,3.5,29284.1,48.0,10.0,No,7.2,10.0,2.0,8.0,9,8.0,0.0,3.0,5.0,Yes,8.0,Low,Low,Low,"July 24, 2024"
EMP3133,33.0,Male,R&D,Data Scientist,10.0,45143.82,45.0,9.0,No,6.8,10.0,1.0,10.0,6,8.0,7.0,2.0,5.0,No,9.0,Low,Low,Low,11/05/2017
EMP3101,40.0,Male,Admin,Support Team Lead,4.2,30070.51,42.0,3.0,No,7.5,9.0,1.0,7.0,4,5.0,3.0,1.0,5.0,No,7.0,Low,Low,Low,14-Mar-2018
EMP2085,29.0,Male,Hr,Recruiter,2.1,24118.34,49.0,6.0,No,7.4,10.0,1.0,10.0,7,5.0,3.0,2.0,5.0,Yes,6.0,Low,Low,Low,"August 08, 2018"
EMP3469,33.0,Female,Admin,Front Desk Executive,8.4,35765.04,45.0,6.0,N,7.5,8.0,1.0,10.0,4,4.0,22.0,3.0,5.0,No,7.0,Low,Low,Low,02-Jul-2020
EMP4327,20.0,Male,Finance,Auditor,2.0,29078.87,49.0,10.0,No,7.7,8.0,1.0,9.0,10,9.0,10.0,4.0,5.0,Y,7.0,Low,Low,Low,2017-01-18
EMP5063,26.0,Male,Information Technology,Software Engineer,2.0,32425.18,61.0,35.0,Yes,6.1,7.0,2.0,6.0,6,4.0,7.0,3.0,5.0,No,5.0,Low,Low,Medium,27-Mar-2024
EMP6824,33.0,Female,Marketing,Seo Specialist,2.1,31347.52,45.0,5.0,N,6.8,9.0,1.0,10.0,6,7.0,0.0,2.0,5.0,Yes,5.0,Low,Low,Low,12-Dec-2022
EMP2122,28.0,Male,Customer Support,Support Executive,0.2,18585.35,61.0,22.0,No,5.9,6.0,2.0,9.0,5,5.0,13.0,1.0,5.0,No,8.0,Low,Low,,"February 15, 2017"
EMP4489,44.0,Female,Marketing,Marketing Executive,3.4,34716.82,42.0,4.0,No,6.9,10.0,1.0,10.0,4,5.0,16.0,1.0,5.0,No,8.0,Low,Low,Low,11-29-2024
EMP5882,41.0,Male,Marketting,Support Team Lead,1.1,34783.12,61.0,21.0,No,6.9,7.0,2.0,5.0,3,5.0,10.0,3.0,4.0,N,5.0,Low,Low,Medium,06-16-2025
EMP2804,30.0,F,Operations,Logistics Coordinator,1.0,28867.42,33.0,0.0,No,6.7,9.0,1.0,9.0,9,9.0,1.0,2.0,5.0,N,6.0,Low,Low,Low,"August 03, 2024"
EMP1011,39.0,Male,Customer Support,Support Team Lead,2.5,35567.18,38.0,0.0,No,6.8,10.0,1.0,9.0,8,7.0,9.0,5.0,5.0,N,7.0,Low,Low,Low,05-Dec-2019
EMP4804,42.0,Male,Customer Support,Support Team Lead,2.3,26262.38,38.0,0.0,Yes,7.7,10.0,2.0,10.0,6,7.0,10.0,5.0,5.0,No,8.0,Low,Low,Low,01-15-2025
EMP4615,32.0,Male,Admin,Support Team Lead,1.7,22566.29,49.0,11.0,No,7.2,9.0,1.0,7.0,7,9.0,10.0,4.0,5.0,No,7.0,Low,Low,Low,2017-12-11
EMP3280,28.0,Male,R&D,Support Team Lead,1.0,24692.34,49.0,14.0,No,7.2,9.0,1.0,8.0,6,7.0,11.0,4.0,5.0,No,8.0,Low,Low,Low,2024-01-17
EMP1145,36.0,Male,Marketing,Marekting Manager,3.5,41342.34,45.0,4.0,No,6.7,9.0,1.0,9.0,3,5.0,33.0,0.0,5.0,N,8.0,Low,Low,Low,11/11/2025
EMP2043,30.0,Female,Hr,Recruiter,2.5,18908.95,55.0,22.0,Yes,7.1,4.0,1.0,10.0,5,7.0,0.0,4.0,5.0,Yes,9.0,Low,Low,Low,06-11-2018
EMP5064,45.0,-,Admin,Admin Executive,0.2,23794.3,39.0,2.0,N,6.7,10.0,1.0,9.0,8,8.0,21.0,2.0,5.0,No,8.0,Low,Low,Low,-
EMP3411,25.0,Male,Sales,Sales Executive,2.5,38101.94,49.0,17.0,No,7.6,8.0,1.0,9.0,4,5.0,20.0,1.0,4.0,Y,6.0,Low,Low,Low,2021/01/07
EMP5958,33.0,M,R&D,R&D Engineer,8.3,32425.18,32.0,0.0,No,9.0,10.0,1.0,10.0,5,6.0,31.0,3.0,5.0,Yes,9.0,Low,Low,Low,2017/08/15
EMP5243,25.0,Female,Finance,-,2.8,32146.5,45.0,6.0,N,-9.97185016199612,8.0,1.0,10.0,9,8.0,5.0,3.0,5.0,Yes,8.0,Low,Low,Low,"November 12, 2023"
EMP4718,43.0,M,Operations,Operations Executive,1.4,33770.54,56.0,19.0,No,6.2,8.0,1.0,8.0,4,5.0,4.0,3.0,5.0,No,7.0,Low,-,Low,30/03/2026
EMP3427,36.0,Female,Admin,Admin Executive,0.2,26911.64,40.0,8.0,No,7.5,10.0,2.0,8.0,7,7.0,18.0,2.0,5.0,Yes,7.0,Low,Low,Low,2015/06/29
EMP3737,37.0,Female,Operations,Operations Manager,0.4,34653.3,38.0,10.0,Yes,6.9,8.0,1.0,10.0,5,5.0,13.0,4.0,5.0,Yes,6.0,Low,Low,Low,-
EMP1773,33.0,Male,Finance,Financ Emanager,3.8,44596.3,45.0,1.0,No,8.2,9.0,1.0,10.0,8,8.0,14.0,6.0,5.0,Yes,8.0,Low,Low,Low,2018/10/29
EMP2911,46.0,Male,Sales,Account Manager,4.4,42614.85,49.0,8.0,No,6.6,9.0,1.0,8.0,5,6.0,7.0,3.0,5.0,No,8.0,Low,Low,Low,2018-01-27
EMP5631,20.0,Male,Hr,Office Manager,0.5,37381.76,54.0,5.0,Y,7.2,9.0,2.0,8.0,3,6.0,5.0,4.0,5.0,N,7.0,Low,Low,Low,2025-10-29
EMP2287,29.0,Male,Sales,Sales Executive,4.6,31544.64,45.0,6.0,No,8.7,10.0,1.0,10.0,10,7.0,12.0,3.0,4.0,No,6.0,Low,Low,Low,2025/12/19
EMP4231,35.0,Female,Hr,Recruiter,0.9,30156.79,43.0,0.0,No,6.5,10.0,1.0,8.0,5,6.0,12.0,6.0,5.0,N,10.0,Low,Low,Low, 
EMP6440,28.0,Female,R&D,Data Scientist,1.8,32425.18,45.0,22.0,No,6.0,8.0,1.0,9.0,8,7.0,0.0,3.0,5.0,N,8.0,Low,Low,Low,"February 07, 2019"
EMP4290,34.0,Male,Customer Support,Support Team Lead,0.6,32114.97,47.0,5.0,No,7.2,9.0,1.0,9.0,4,6.0,37.0,1.0,5.0,No,7.0,Low,Low,Low,"August 16, 2023"
EMP6388,44.0,Female,Hr,Support Team Lead,5.3,34114.4,43.0,0.0,Y,7.6,10.0,1.0,10.0,5,6.0,6.0,4.0,4.0,N,7.0,Low,Low,Low,10/10/2015
EMP1949,46.0,Female,Legal,Legal Advisor,3.5,32425.18,38.0,1.0,N,5.5,9.0,1.0,9.0,6,6.0,3.0,3.0,5.0,No,6.0,Low, ,Low,2025-07-10
EMP3997,37.0,Male,It,Software Engineer,10.8,41044.27,40.0,0.0,No,6.9,10.0,1.0,10.0,6,6.0,5.0,2.0,5.0,Yes,8.0,Low,Low,Low,"November 18, 2024"
EMP5548,33.0,M,It,Software Engineer,5.5,36516.68,51.0,6.0,No,7.5,9.0,1.0,8.0,8,6.0,1.0,7.0,4.0,No,8.0,Low,Low,Low,08/07/2024
EMP5820,50.0,Female,Hr,Recruiter,2.5,27035.1,37.0,0.0,N,7.5,10.0,1.0,9.0,6,7.0,40.0,6.0,5.0,-,8.0,Low,Low,Low,"April 17, 2019"
EMP1633,45.0,Male,Operations,Logistics Coordinator,11.0,46278.77,53.0,18.0,N,6.2,9.0,1.0,9.0,4,7.0,0.0,3.0,5.0,No,6.0,Low,Low,Low,2023-02-24
EMP4088,34.0,Male,Hr,Recruiter,5.1,31357.62,45.0,19.0,Yes,6.2,8.0,1.0,10.0,4,8.0,36.0,1.0,5.0,No,7.0,Low,Low,Low,30/01/2018
EMP4208,34.0,Male,Operations,Support Team Lead,10.2,53499.35,30.0,5.0,No,8.6,10.0,1.0,10.0,4,5.0,5.0,5.0,5.0,Y,9.0,Low,Low,Low,08-02-2019
EMP1250,38.0,Female,Hr,Hr Generalist,1.0,15000.0,46.0,10.0,N,7.5,9.0,1.0,9.0,9,8.0,29.0,4.0,5.0,Yes,9.0,Low,Low,Low,10-11-2016
EMP1713,39.0,Male,Legal,Legal Counsel,7.8,34765.35,38.0,0.0,No,9.0,10.0,1.0,8.0,6,6.0,14.0,7.0,5.0,Yes,9.0,Low,Low,Low,2017-02-27
EMP4759,33.0,Male,Admin,Support Team Lead,1.5,44671.41,50.0,10.0,Y,6.9,8.0,1.0,8.0,6,7.0,10.0,2.0,5.0,Y,7.0,Low,Low,Low,27-Apr-2019
EMP5332,33.0,Female,R&D,Research Analyst,0.5,32425.18,45.0,0.0,N,7.1,10.0,1.0,8.0,6,6.0,10.0,2.0,5.0,No,7.0,Low,Low,Low,13-Jun-2025
EMP6095,29.0,Male,Hr,Hr Generalist,2.5,30265.38,45.0,7.0,N,7.7,10.0,1.0,10.0,8,9.0,3.0,3.0,5.0,No,8.0,Low,Low,Low,15/06/2020
EMP2589,20.0,M,Sales,Business Development Executive,2.0,33505.04,46.0,8.0,N,7.6,10.0,1.0,10.0,7,7.0,7.0,2.0,5.0,No,8.0,Low,Low,Low,03-10-2025
EMP4997,40.0,Male,R&D,Data Scientist,0.4,29985.8,47.0,5.0,No,6.8,9.0,1.0,10.0,4,8.0,17.0,9.0,5.0,N,6.0,Low,Low,Low,"June 09, 2020"
EMP4086,33.0,Female,Operations,Support Team Lead,5.7,38008.76,54.0,18.0,Y,7.2,7.0,2.0,9.0,7,7.0,8.0,3.0,5.0,No,8.0,Low,Low,Low,02-Oct-2018
EMP3339,26.0,Male,Hr,Hr Manager,0.9,38913.49,33.0,0.0,Yes,6.0,9.0,1.0,8.0,6,8.0,9.0,3.0,5.0,No,7.0,Low,Low,Low,-
EMP1907,22.0,Male,Operations,Operations Manager,2.1,38216.26,42.0,2.0,No,7.8,10.0,1.0,10.0,5,7.0,81.0,3.0,5.0,N,6.0,Low,Low,Low,05-05-2022
EMP1571,33.0,Male,R&D,Data Scientist,9.3,53080.77,47.0,11.0,No,8.0,9.0,1.0,8.0,5,8.0,39.0,4.0,5.0,No,9.0,Low,Low,Low,"September 08, 2015"
EMP3362,31.0,Female,Cust. Support,Support Executive,2.9,23873.92,47.0,12.0,N,7.2,8.0,1.0,10.0,10,8.0,18.0,8.0,5.0,Y,6.0,Low,Low,Low,2023/09/12
EMP6123,21.0,Male,Research And Development,R&D Engineer,3.0,32425.18,30.0,0.0,No,6.1,10.0,1.0,10.0,10,8.0,50.0,6.0,5.0,N,7.0,Low,Low,Low,"April 27, 2023"
EMP2833,24.0,Male,Operations,Operations Manager,1.2,43075.14,45.0,16.0,Yes,7.0,10.0,2.0,8.0,5,5.0,4.0,2.0,5.0,No,7.0,Low,Low,Low,"April 30, 2026"
 emp1943 ,25.0,Male,Human Resources,Hr Generalist,7.0,33264.7,43.0,9.0,N,6.4,10.0,1.0,10.0,4,7.0,0.0,3.0,3.0,No,6.0,Low,Low,Low,2020-04-23
EMP5053,25.0,Male,Operations,Operations Mangaer,0.9,39759.16,44.0,9.0,No,7.1,10.0,2.0,9.0,9,6.0,4.0,6.0,5.0,No,7.0,Low,Low,Low,06-18-2025
EMP6991,33.0,Male,Sales,Business Development Executive,0.8,24596.61,53.0,26.0,No,6.5,7.0,1.0,8.0,5,4.0,3.0,3.0,5.0,Yes,8.0,Low,Low,Low,"August 05, 2021"
EMP6426,31.0,Male,Research And Development,Research Analyst,0.1,32425.18,43.0,5.0,Yes,8.0,9.0,1.0,10.0,5,9.0,3.0,4.0,3.0,No,4.0,Low,Low,Low,2015/04/17
EMP6975,42.0,Male,,Compliance Officer,1.9,25224.45,58.0,33.0,No,6.7,10.0,3.0,7.0,6,6.0,2.0,3.0,5.0,No,6.0,Medium, ,Low,06-30-2022
 emp2840 ,28.0,Female,Customersupport,Customer Success Manager,0.8,26590.99,31.0,1.0,No,7.2,9.0,1.0,8.0,7,6.0,22.0,3.0,5.0,No,7.0,Low,Low,Low,-
EMP1162,23.0,M,Admin,Office Manager,5.0,47204.84,39.0,0.0,No,6.2,9.0,3.0,8.0,5,7.0,35.0,6.0,5.0,No,6.0,Low,Low,Low,2021/08/15
EMP2750,28.0,Female,Hr,Compliance Officer,2.5,30352.66,37.0,0.0,No,8.7,10.0,2.0,8.0,4,4.0,1.0,4.0,5.0,No,8.0,Low,Low,Low,06-Oct-2017
EMP2643,35.0,Female,Operations,Operations Manager,0.9,41501.91,52.0,12.0,No,7.4,10.0,2.0,9.0,8,7.0,12.0,2.0,5.0,No,7.0,Low,Low,Low,17-Nov-2023
EMP1100,31.0,Female,Admin,Admin Exceutive,3.3,26347.23,40.0,0.0,No,8.2,9.0,1.0,9.0,3,4.0,10.0,2.0,5.0,No,8.0,Low,Low,Low,04-24-2023
EMP3268,29.0,Female,Hr,Hr Generalist,0.6,24634.53,52.0,19.0,Yes,7.1,7.0,1.0,9.0,5,6.0,19.0,5.0,5.0,No,7.0,Low,Low,Low,16/05/2016
EMP2809,28.0,Male,Customer Support,Support Executive,5.5,34656.06,47.0,13.0,No,7.5,8.0,1.0,8.0,8,7.0,7.0,3.0,5.0,Yes,6.0,Low,Low,Low,-
EMP4932,30.0,Male,Hr,Data Scientist,4.3,39691.43,48.0,9.0,N,6.3,10.0,1.0,9.0,7,6.0,26.0,3.0,4.0,Yes,7.0,Low,-,Low,2020-03-14
EMP3482,24.0,Male,Operations,Support Team Lead,2.2,29043.85,52.0,16.0,No,5.8,8.0,1.0,10.0,7,6.0,0.0,1.0,5.0,No,7.0,Low,Low,Low,05/01/2023
EMP1408,30.0,Male,Hr,Customer Success Manager,0.2,29183.82,45.0,10.0,No,7.3,10.0,1.0,6.0,8,6.0,9.0,1.0,5.0,Yes,7.0,Low,Low,Low,2022-03-11
EMP5400,37.0,-,Administration,Front Desk Executive,0.1,23963.16,44.0,10.0,Yes,7.2,9.0,1.0,10.0,5,7.0,23.0,4.0,5.0,Yes,8.0,Low,Low,Low,"November 15, 2015"
EMP2346,25.0,Male,Legal,Legal Advisor,1.3,26424.41,30.0,0.0,Y,7.0,9.0,1.0,10.0,6,8.0,1.0,3.0,5.0,No,6.0,Low,Low,Low,-
EMP3450,30.0,Male,Admin,Front Desk Executive,2.5,33949.43,45.0,5.0,Yes,6.1,8.0,1.0,9.0,6,6.0,0.0,3.0,5.0,N,7.0,Low,Low,Low,21/11/2023
EMP3210,38.0,Female,R&D,Research Analyst,1.5,27736.66,45.0,8.0,Yes,6.6,8.0,1.0,7.0,8,7.0,3.0,1.0,5.0,N,6.0,Low,Low,Low,2025-07-08
EMP4142,43.0,Male,Hr,Support Team Lead,5.2,27095.66,47.0,6.0,No,7.7,9.0,3.0,7.0,4,4.0,21.0,3.0,5.0,No,7.0,Low,Low,Low,17-Jun-2018
EMP4487,20.0,Female,Hr,Support Team Lead,2.0,21678.16,52.0,20.0,No,7.3,7.0,1.0,9.0,5,6.0,11.0,3.0,5.0,Yes,7.0,,Low,Low,17/10/2023
EMP5139,30.0,Female,Operations,Operations Executive,0.2,21884.6,36.0,0.0,N,20.0,10.0,1.0,10.0,4,6.0,19.0,3.0,5.0,N,8.0,Low,Low,Low,"April 09, 2021"
EMP6166,40.0,Male,Hr,Support Team Lead,9.0,45608.09,45.0,18.0,Y,20.0,10.0,1.0,7.0,8,7.0,10.0,3.0,5.0,Yes,8.0,Low,Low,Low,20/02/2022
EMP2451,46.0,Female,Sale,Account Manager,6.2,37948.78,52.0,5.0,No,6.5,7.0,4.0,9.0,8,5.0,3.0,2.0,5.0,N,8.0,Low,Low,Low,15/09/2023
EMP5235,31.0,Male,Admin,Office Manager,2.4,44433.43,32.0,0.0,N,6.8,8.0,1.0,10.0,6,7.0,1.0,8.0,5.0,Yes,7.0,Low,Low,Low,16/01/2025
EMP1855,44.0,Male,Hr,Hr Manager,5.8,51356.84,48.0,14.0,No,6.6,8.0,1.0,9.0,7,9.0,8.0,1.0,5.0,N,5.0,Low,Low,Low,07-16-2019
EMP1248,33.0,Male,It,Support Team Lead,2.1,28119.09,47.0,3.0,No,7.6,8.0,1.0,10.0,7,5.0,17.0,2.0,5.0,Yes,7.0,Low,Low,Low,"March 22, 2017"
EMP2849,37.0,Female,Marketing,-,4.0,31377.71,59.0,17.0,Yes,6.3,8.0,1.0,9.0,7,8.0,18.0,2.0,5.0,No,7.0,Low,Low,Low,30-May-2026
EMP6620,32.0,Female,Operations,Operations Manager,8.2,48214.71,45.0,0.0,Yes,6.7,10.0,1.0,10.0,5,6.0,7.0,2.0,5.0,No,6.0,Low,Low,Low,02/02/2019
EMP4485,36.0,Female,Customer Support,Support Executive,0.9,29139.67,45.0,3.0,No,6.4,10.0,1.0,9.0,5,5.0,1.0,5.0,5.0,No,8.0,Low,Low,,10-17-2018
EMP5255,33.0,Other,Finance,Financial Analyst,2.9,31143.22,48.0,13.0,No,7.4,8.0,3.0,8.0,7,5.0,10.0,2.0,5.0,No,7.0,Low,Low,Low,2015-05-28
EMP5987,28.0,Male,Customer Support,Support Team Lead,3.0,48786.41,43.0,0.0,Yes,7.7,10.0,1.0,9.0,8,7.0,24.0,6.0,5.0,No,7.0,Low,Low,Low,01-31-2023
EMP5998,42.0,Male,Customer Support,Customer Success Manager,2.2,44143.11,61.0,19.0,No,7.2,9.0,1.0,8.0,,6.0,10.0,3.0,5.0,No,8.0,Low,Low,Low,10/03/2018
EMP3423,41.0,Male,,Data Scientist,1.8,30104.88,42.0,10.0,N,7.9,9.0,1.0,9.0,6,7.0,0.0,2.0,5.0,No,8.0,Low,Low,Low,-
EMP2078,45.0,,Operations,Operations Executive,5.8,32272.7,42.0,0.0,No,6.9,9.0,1.0,9.0,9,6.0,5.0,6.0,5.0,No,7.0,Low, ,Low,03/09/2022
EMP5267,33.0,Male,Customer Support,Customer Success Manager,1.4,32425.18,54.0,15.0,No,8.0,8.0,1.0,10.0,6,4.0,9.0,3.0,5.0,No,7.0,Low,Low,Low,"May 24, 2024"
EMP6078,39.0,Male,Operations,Operations Executive,2.3,29443.19,36.0,5.0,Yes,9.0,10.0,5.0,9.0,5,7.0,12.0,3.0,4.0,Yes,5.0,Low,Low,Low,2017/12/05
EMP4196,42.0,F,Fiannce,Finance Manager,6.9,32425.18,49.0,5.0,No,6.4,10.0,1.0,10.0,6,6.0,12.0,5.0,5.0,Yes,7.0,Low,Low,Low,18-Dec-2019
EMP5766,28.0,Female,Operations,Logistics Coordinator,1.0,25678.09,45.0,18.0,N,6.8,8.0,1.0,9.0,5,7.0,3.0,4.0,4.0,N,6.0,Low,Low,Low,2021/12/15
EMP3031,30.0,Other,Hr,Business Development Executive,12.0,48336.89,45.0,2.0,No,6.9,8.0,2.0,6.0,8,8.0,14.0,2.0,5.0,Y,7.0,Low,Low,Low,09-28-2020
EMP2505,33.0,Female,Operations,Operaitons Executive,7.5,34361.01,41.0,0.0,No,7.3,10.0,1.0,8.0,,6.0,64.0,2.0,5.0,No,9.0,Low,Low,Low,2015-12-13
EMP4247,33.0,M,Hr,Recruiter,11.7,41308.03,60.0,25.0,Yes,6.4,7.0,1.0,8.0,6,7.0,-10.0,3.0,4.0,No,6.0,Low,Low,Low,2024/01/09
EMP5554,27.0,Female,Hr,Hr Manager,0.1,21888.34,45.0,7.0,No,7.1,10.0,1.0,10.0,8,6.0,20.0,0.0,5.0,Yes,5.0,Low,Low,Low,19-Apr-2021
EMP1962,42.0,Male,Legal,Support Team Lead,1.6,19746.69,51.0,9.0,Yes,6.1,10.0,1.0,10.0,7,7.0,23.0,2.0,5.0,N,8.0,Low,Low,Low,2025-01-24
EMP1283,22.0,Male,Operations,-,0.2,26007.15,45.0,0.0,Yes,6.0,9.0,3.0,9.0,8,6.0,32.0,3.0,5.0,N,5.0,Low,Low,Low,09-23-2022
EMP6062,23.0,Female,Hr,Hr Executive,5.0,30766.73,42.0,5.0,No,7.7,9.0,1.0,9.0,8,6.0,8.0,5.0,5.0,No,8.0,Low,Low,Low,07-21-2025
EMP3755,33.0,Male,It,-,4.7,42137.4,31.0,5.0,No,7.8,10.0,1.0,8.0,5,8.0,10.0,6.0,5.0,Yes,8.0,Low,Low,Low,"August 03, 2023"
EMP1708,27.0,Male,Hr,Hr Generalist,0.4,27786.65,48.0,1.0,No,20.0,9.0,1.0,7.0,6,8.0,18.0,7.0,5.0,N,7.0,Low,Low,Low,06-02-2015
EMP6956,31.0,Male,Marketting,Marketing Manager,1.1,48977.68,39.0,1.0,No,6.8,10.0,1.0,10.0,-,6.0,3.0,3.0,5.0,Yes,6.0,Low,Low,Low,2016/07/26
EMP6284,42.0,Male,Customer Support,,2.6,30963.39,47.0,20.0,No,6.4,9.0,1.0,10.0,8,8.0,10.0,4.0,5.0,Yes,6.0,Low,Low,Low,"March 03, 2019"
EMP4507,41.0,Male,It,Devops Engineer,0.1,29092.07,62.0,30.0,No,5.7,7.0,4.0,5.0,2,5.0,8.0,4.0,5.0,No,6.0,Medium,Moderate,Medium,2019-07-18
EMP2775,38.0,Male,R&D,Research Analyst,5.4,27678.56,49.0,6.0,Yes,0.5,10.0,1.0,9.0,6,9.0,0.0,3.0,5.0,N,8.0,Low,Low,Low,04-Jul-2015
EMP1759,33.0,Male,Admin,Admin Executive,6.8,42821.29,45.0,8.0,No,8.0,9.0,1.0,9.0,10,7.0,10.0,1.0,5.0,No,9.0,Low,Low,Low,2016-05-06
EMP5724,45.0,Female,Hr,Support Team Lead,6.1,34882.3,51.0,12.0,No,8.7,8.0,1.0,10.0,7,7.0,4.0,-10.0,5.0,No,8.0,Low,Low,Low,15/07/2025
EMP5646,42.0,M,Marketting,Marketing Executive,2.5,36508.51,53.0,20.0,Yes,5.7,6.0,1.0,10.0,6,6.0,40.0,1.0,5.0,No,6.0,Low,Low,Low,"March 14, 2020"
EMP6021,32.0,Male,Hr,Hr Generalist,7.6,32604.88,45.0,4.0,N,8.0,9.0,1.0,10.0,3,3.0,23.0,2.0,5.0,Yes,7.0,Low,Low,Low,06-21-2023
EMP5654,28.0,Male,R&D,Research Analyst,2.7,22108.48,36.0,0.0,No,7.6,10.0,1.0,9.0,5,6.0,3.0,4.0,5.0,No,8.0,Low,Low,Low,04-24-2019
EMP5132,31.0,Female,Fiannce,Accountant,2.5,22775.7,51.0,9.0,No,8.1,9.0,1.0,9.0,5,6.0,10.0,4.0,5.0,N,8.0,Low,Low,Low,22-Aug-2016
EMP5122,33.0,-,Customersupport,Support Team Lead,2.3,35295.13,31.0,0.0,Y,6.2,10.0,1.0,8.0,6,8.0,0.0,0.0,5.0,-,7.0,Low,Low,Low,"July 24, 2025"
EMP1896,35.0,Male,Operations,Operations Executive,0.7,23204.31,38.0,0.0,Yes,7.9,10.0,1.0,10.0,8,7.0,3.0,1.0,5.0,Y,7.0,,-,Low,-
EMP5181,34.0,Female,Operations,Logistics Coordinator,2.3,32915.69,56.0,28.0,Yes,7.2,7.0,1.0,10.0,7,7.0,13.0,2.0,5.0,Yes,7.0,Low,Low,Low,12-30-2022
EMP6599,36.0,Male,Marketting,Content Strategist,9.5,37158.3,35.0,0.0,N,8.0,9.0,1.0,9.0,6,5.0,8.0,3.0,5.0,Yes,8.0,Low,Low,Low,"July 01, 2022"
EMP1804,33.0,Male,Hr,Support Team Lead,4.6,24689.15,46.0,4.0,No,7.0,9.0,1.0,10.0,4,6.0,10.0,3.0,5.0,Yes,6.0,Low,Low,Low,10-May-2020
EMP3881,37.0,Female,Cust. Support,Support Team Lead,2.4,42318.63,37.0,1.0,No,7.3,9.0,1.0,10.0,10,9.0,10.0,3.0,5.0,Y,9.0,Low,Low,Low,2026-04-09
EMP6598,42.0,Female,Hr,Accountant,2.5,36130.4,46.0,19.0,No,6.9,7.0,2.0,6.0,3,4.0,28.0,3.0,5.0,N,8.0,Low,Low,Medium,-
EMP2738,33.0,Male,Operations,Operations Manager,4.6,40213.22,45.0,9.0,No,7.6,9.0,1.0,10.0,6,6.0,0.0,3.0,5.0,No,7.0,-,Low,Low,03-14-2024
EMP3127,33.0,Male,Hr,Recruiter,0.2,26289.72,44.0,0.0,No,6.6,10.0,2.0,8.0,5,6.0,6.0,2.0,5.0,Y,7.0,Low,Low,Low, 
EMP1147,44.0,Male,Finance,Auditor,4.7,32425.18,36.0,0.0,Yes,-8.467018626025716,10.0,1.0,9.0,8,7.0,12.0,3.0,5.0,No,8.0,Low,Low,Low,12-24-2015
EMP6983,42.0,Male,Admin,Front Desk Executive,1.9,29502.8,45.0,8.0,N,8.2,10.0,2.0,10.0,9,8.0,72.0,7.0,5.0,No,6.0,,Low,Low,01/03/2025
EMP2700,38.0,Male,Customersupport,Support Executive,4.4,32544.26,42.0,0.0,N,6.9,9.0,1.0,9.0,9,8.0,10.0,2.0,5.0,No,8.0,Low,Low,Low,"April 16, 2017"
EMP2093,33.0,Male,Admin,Front Desk Executive,10.5,42588.24,50.0,6.0,Yes,6.2,10.0,2.0,9.0,6,9.0,6.0,5.0,5.0,No,8.0,Low,Low,Low,"December 15, 2024"
EMP4760,37.0,Male,Sales,Sales Executive,1.4,19601.18,54.0,12.0,No,8.1,9.0,1.0,10.0,4,7.0,5.0,3.0,4.0,Yes,7.0,Low,Low,Low,12/01/2015
EMP1527,25.0,Male,Finance,Accountant,0.5,25795.57,42.0,0.0,Yes,7.9,10.0,1.0,10.0,4,5.0,7.0,2.0,5.0,Y,7.0,Low,Low,Low,2022/04/04
EMP2262,38.0,,I.T.,System Admin,11.2,43741.98,52.0,16.0,No,6.4,9.0,1.0,9.0,7,7.0,6.0,6.0,5.0,No,7.0,Low,Low,Low,05/12/2021
EMP6789,21.0,Male,It,System Admin,1.5,32425.18,43.0,9.0,No,7.4,9.0,1.0,8.0,6,6.0,19.0,3.0,5.0,No,7.0,Low,Low,Low,2025/08/24
EMP3948,47.0,Female,Admin,Front Desk Executive,6.4,33608.37,48.0,15.0,N,8.3,9.0,1.0,8.0,3,5.0,1.0,4.0,3.0,N,7.0,Low,Low,Low,2018-06-23
EMP3613,50.0,Male,Hr,Operations Manager,1.8,44053.13,44.0,1.0,N,8.2,10.0,1.0,10.0,6,7.0,12.0,4.0,5.0,Y,7.0,Low,Low,Low,2018/10/26
EMP5467,23.0,Male,Hr,Support Team Lead,0.0,44249.85,58.0,27.0,No,5.7,9.0,2.0,7.0,10,8.0,1.0,1.0,5.0,Y,8.0,Low,Low,Low,2017/04/13
EMP6324,26.0,Male,It,Devops Engineer,3.5,35782.92,34.0,0.0,No,7.1,10.0,1.0,8.0,3,6.0,24.0,4.0,5.0,Yes,7.0,Low,Low,Low,12-08-2019
EMP1381,40.0,Male,Hr,Hr Executive,6.4,42003.41,52.0,5.0,Yes,6.7,8.0,2.0,8.0,5,6.0,3.0,2.0,5.0,No,7.0,Low,Low,Low,05-10-2016
EMP6333,23.0,Female,It,System Admin,5.0,32537.85,63.0,31.0,No,6.3,7.0,3.0,9.0,7,6.0,-31.0,1.0,5.0,N,7.0,Low,Low,Low,2020/02/28
EMP3328,35.0,Female,Marketing,Support Team Lead,5.1,28892.04,49.0,10.0,No,5.6,10.0,1.0,10.0,4,7.0,4.0,2.0,5.0,Yes,7.0,Low,Low,Low,"November 08, 2019"
EMP1596,33.0,Male,Finance,Support Team Lead,1.9,36678.04,45.0,6.0,No,7.6,10.0,1.0,9.0,4,6.0,0.0,-6.0,5.0,No,5.0,Low,Low,Low,2019-04-11
EMP2413,30.0,Male,Sales,Sales Executive,3.9,23605.86,45.0,0.0,N,5.7,8.0,1.0,9.0,5,4.0,10.0,6.0,5.0,No,6.0,Low,Low,Low,2019/05/11
EMP4684,36.0,Male,Hr,Hr Executive,0.3,27303.64,58.0,22.0,No,7.4,9.0,2.0,10.0,5,6.0,10.0,2.0,5.0,N,7.0,Low,Low,Low,-
EMP3626,23.0,Female,Ops,Operations Manager,2.3,46836.95,45.0,2.0,N,7.2,9.0,2.0,9.0,6,6.0,10.0,4.0,5.0,Yes,8.0,Low,Low,Low,2019/04/20
EMP1579,45.0,Female,Admin,Office Manager,2.5,41313.91,45.0,0.0,No,8.6,10.0,1.0,8.0,7,6.0,13.0,2.0,5.0,Yes,6.0,Low,Low,Low,"May 24, 2023"
EMP3655,40.0,Male,R&D,Research Analyst,7.4,37910.35,46.0,12.0,Yes,7.3,9.0,2.0,9.0,4,6.0,6.0,1.0,5.0,No,5.0,Low,Low,Low,03-29-2017
EMP6155,45.0,M,Operations,Operations Executive,0.0,34527.6,45.0,0.0,Y,7.2,10.0,1.0,10.0,7,6.0,1.0,5.0,5.0,No,6.0,Low,Low,Low,"July 25, 2018"
EMP4777,43.0,-,Customer Support,Support Executive,-13.94694432345248,43250.36,47.0,23.0,Y,6.4,8.0,1.0,8.0,6,6.0,5.0,3.0,5.0,N,8.0,Low,Low,Low,2022-08-05
EMP6643,33.0,Female,Sales,Account Manager,1.1,30099.8,40.0,0.0,No,6.8,9.0,1.0,9.0,3,5.0,0.0,2.0,5.0,No,8.0,Low,Low,Low,16/09/2025
EMP4794,20.0,Female,R&D,R&D Engineer,2.0,38384.38,30.0,0.0,No,5.6,8.0,1.0,9.0,2,6.0,6.0,1.0,5.0,No,7.0,Low,Low,Low,23/03/2023
EMP3468,30.0,Female,Marketing,Seo Specialist,1.9,32425.18,44.0,0.0,No,6.7,10.0,2.0,10.0,6,6.0,10.0,4.0,5.0,Yes,6.0,Low,Low,Low,2018/06/28
EMP6453,21.0,Male,Sales,Sales Maanger,2.5,34045.48,50.0,10.0,No,6.1,10.0,1.0,8.0,-,6.0,1.0,4.0,5.0,N,6.0,Low,Low,Low,2021/04/09
EMP2829,20.0,Male,It,System Admin,1.7,23033.91,45.0,3.0,No,8.6,10.0,1.0,7.0,7,6.0,5.0,1.0,5.0,No,9.0,Low,Low,Low,"March 12, 2024"
EMP6165,33.0,Male,Hr,Admin Executive,0.7,31745.82,46.0,1.0,N,7.2,10.0,1.0,9.0,5,6.0,17.0,1.0,5.0,Y,8.0,Low,Low,Low,2020/07/23
EMP3721,26.0,Female,Sales,Account Manager,0.5,47743.59,46.0,5.0,Yes,7.6,7.0,1.0,9.0,5,6.0,5.0,2.0,4.0,N,8.0,Low,Low,Low,2021/06/23
EMP3192,46.0,Male,Customer Support,Support Executive,1.7,29783.4,48.0,14.0,No,8.2,8.0,2.0,8.0,9,6.0,11.0,3.0,5.0,No,7.0,Low,Low,Low,2022/03/18
EMP3137,33.0,Other,R&D,Data Scientist,0.6,39866.5,42.0,6.0,N,8.0,10.0,1.0,8.0,5,6.0,3.0,2.0,5.0,N,7.0,Low,Low,Low,01-Aug-2023
EMP3568,21.0,Female,-,Business Development Executive,0.5,21931.47,37.0,3.0,Yes,6.8,9.0,1.0,10.0,6,4.0,5.0,1.0,5.0,Y,8.0,Low,Low,Low,14-Nov-2021
EMP6394,27.0,Female,R&D,Research Analyst,2.4,27578.26,44.0,9.0,No,6.5,10.0,1.0,10.0,8,6.0,17.0,2.0,5.0,No,7.0,Low,Low,Low,25/06/2025
EMP2981,41.0,Female,Marketing,Marketing Manager,3.9,32425.18,56.0,20.0,No,7.2,9.0,1.0,10.0,8,6.0,0.0,0.0,5.0,Yes,6.0,Low,Low,Low,"October 05, 2020"
EMP2436,42.0,Male,Admin,Support Team Lead,5.6,34194.15,43.0,6.0,No,7.5,9.0,3.0,6.0,5,6.0,9.0,3.0,5.0,No,7.0,Low,Low,Low,07-Apr-2024
EMP2178,27.0,Male,Hr,Recruiter,4.1,33162.89,39.0,4.0,N,7.1,9.0,1.0,10.0,-,6.0,64.0,3.0,5.0,No,7.0,Low,Low,Low,"October 06, 2019"
EMP5811,29.0,Male,H.R.,Hr Manager,8.6,55508.67,43.0,8.0,No,6.9,10.0,1.0,9.0,5,5.0,0.0,3.0,5.0,Y,7.0,Low,Low,Low,08-May-2023
EMP3968,33.0,Female,-,Marketing Executive,5.9,35257.09,52.0,17.0,No,7.1,9.0,2.0,9.0,5,6.0,6.0,4.0,5.0,No,6.0,Low,Low,Low,2020-01-16
EMP4728,39.0,Male,Research And Development,Data Scientist,2.5,55081.39,49.0,8.0,No,7.2,8.0,1.0,8.0,5,9.0,15.0,3.0,5.0,Yes,5.0,Low,Low,Low,2022-09-25
EMP1930,30.0,Female,Admin,Office Manager,6.5,48521.44,65.0,28.0,No,6.7,6.0,2.0,10.0,1,5.0,2.0,-8.0,5.0,No,7.0,Medium,Low,Medium,"May 18, 2016"
EMP4885,33.0,Male,Customersupport,Support Executive,17.1,55436.78,38.0,0.0,Yes,8.1,10.0,1.0,9.0,10,7.0,3.0,3.0,5.0,No,9.0,Low,Low,Low,-
EMP4845,21.0,M,Admin,Office Manager,2.5,36363.48,46.0,13.0,N,6.8,9.0,2.0,8.0,6,6.0,1.0,2.0,4.0,Yes,6.0,Low,Low,Low,2019/11/18
EMP6840,23.0,Male,H.R.,,5.0,23186.47,47.0,6.0,Yes,7.5,8.0,1.0,8.0,8,7.0,13.0,6.0,4.0,No,6.0,Low,Low,Low,2020-08-21
EMP6624,30.0,Male,Sales,Support Team Lead,9.3,34986.69,38.0,0.0,No,7.4,10.0,1.0,9.0,4,6.0,6.0,5.0,5.0,No,7.0,Low,Low,Low,2015/01/29
EMP6205,30.0,F,Hr,Hr Generalist,1.8,29755.46,44.0,8.0,Y,7.2,9.0,2.0,7.0,6,5.0,1.0,0.0,5.0,No,5.0,Low,Low,Low,09-Apr-2015
EMP1327,33.0,Male,R&D,Research Analyst,1.4,21306.57,54.0,14.0,N,5.8,10.0,1.0,10.0,6,5.0,24.0,4.0,5.0,Yes,7.0,Low,Low,Low,"July 17, 2018"
EMP6425,39.0,Female,Finance,Financial Analyst,4.2,27755.06,35.0,5.0,No,7.4,10.0,1.0,8.0,7,6.0,8.0,7.0,5.0,N,7.0,Low,Low,Low,2021-09-05
EMP2936,38.0,Male,Hr,Recruiter,2.5,33308.71,41.0,0.0,N,7.2,9.0,1.0,8.0,4,5.0,3.0,4.0,4.0,No,8.0,Low,Low,Low,02-12-2021
EMP6726,27.0,Male,Information Technology,Support Team Lead,9.0,42188.71,49.0,5.0,N,6.6,9.0,1.0,8.0,9,7.0,9.0,3.0,5.0,No,7.0,Low, ,Low,"December 13, 2022"
EMP6823,39.0,Male,Finance,Auditor,14.4,52388.14,42.0,1.0,Yes,7.8,10.0,1.0,10.0,5,6.0,10.0,3.0,5.0,No,7.0,Low,Low,Low,"December 07, 2020"
EMP2665,20.0,Male,Hr,Recruiter,2.0,22869.5,47.0,10.0,Yes,9.0,9.0,1.0,9.0,8,7.0,2.0,3.0,5.0,Yes,7.0,Low,Low,Low,2017-01-23
EMP3255,32.0,Female,Ops,,4.1,31339.24,45.0,7.0,Yes,7.2,10.0,1.0,8.0,5,7.0,17.0,3.0,5.0,N,8.0,Low,Low,Low,29/03/2015
EMP5723,33.0,Female,Hr,Hr Generalist,2.0,29599.25,39.0,0.0,Y,7.3,9.0,1.0,10.0,4,5.0,5.0,3.0,5.0,No,6.0,Low,Low,Low,01/05/2020
EMP4792,33.0,Female,Hr,Hr Executive,4.3,37134.02,42.0,0.0,N,7.8,9.0,20.0,9.0,6,4.0,15.0,3.0,5.0,Yes,7.0,Low,Low,Low,25/08/2015
EMP1114,40.0,Other,Finance,Finance Manager,3.0,45694.26,51.0,9.0,Yes,5.7,10.0,1.0,9.0,7,8.0,9.0,3.0,5.0,Yes,8.0,Low,Low,Low,2015/04/26
EMP6803,24.0,Male,It,Qa Engineer,6.0,36273.19,31.0,1.0,No,7.5,10.0,1.0,8.0,5,6.0,0.0,3.0,5.0,No,7.0,Low,Low,Low,2021/12/22
EMP5445,41.0,Male,Marketing,Seo Specialist,3.6,25722.94,45.0,5.0,Yes,6.5,10.0,1.0,9.0,5,6.0,21.0,2.0,5.0,N,6.0,Low,Low,Low,2024/01/15
EMP6902,42.0,Male,Marketting,Marketing Executive,0.2,22516.83,48.0,10.0,No,6.9,9.0,1.0,10.0,10,6.0,21.0,4.0,5.0,No,10.0,Low,Low,Low,09-Jul-2023
EMP2538,41.0,Female,Admin,Support Team Lead,2.1,43373.92,49.0,4.0,Yes,8.2,8.0,1.0,10.0,6,6.0,9.0,3.0,5.0,N,7.0,Low,Low,Low,-
EMP2553,33.0,M,Sales,Sales Executive,4.5,32454.31,37.0,0.0,No,7.3,10.0,1.0,8.0,3,7.0,23.0,4.0,5.0,N,7.0,Low,Low,Low,2020-10-09
EMP4574,22.0,Male,Marketing,Content Strategist,2.5,31992.73,46.0,0.0,N,7.3,9.0,1.0,10.0,5,8.0,8.0,2.0,5.0,Yes,7.0,Low,Low,Low,26/09/2016
EMP4926,33.0,Male,Legal,Legal Counsel,2.5,32425.18,46.0,12.0,Yes,-9.693419782838749,9.0,1.0,9.0,6,6.0,14.0,0.0,5.0,N,7.0,Low,Low,Low,2021/12/25
EMP2322,42.0,Male,Sales,Business Development Executive,1.2,25150.64,44.0,5.0,Yes,7.9,8.0,3.0,8.0,5,7.0,11.0,1.0,5.0,Y,8.0,Low,Low,Low,-
EMP4888,38.0,Male,It,Devops Engineer,0.6,28992.79,40.0,0.0,N,5.7,10.0,1.0,10.0,4,6.0,1.0,5.0,5.0,N,8.0,Low,Low,Low,2025/07/26
EMP2508,50.0,Male,Finance,Financial Analyst,6.4,35264.48,44.0,7.0,Yes,7.7,8.0,1.0,10.0,6,7.0,71.0,3.0,5.0,No,7.0,Low,Low,Low,2020-12-08
EMP3068,30.0,Female,Sales,Account Manager,2.5,54195.75,39.0,0.0,No,8.3,9.0,1.0,10.0,6,5.0,18.0,3.0,5.0,N,8.0,Low,Low,Low,2022/06/27
EMP5072,32.0,,Operations,Operations Executive,3.4,31243.31,54.0,17.0,Yes,5.1,8.0,1.0,9.0,6,7.0,34.0,3.0,4.0,N,8.0,Low,Low,Low,-
EMP2864,27.0,Male,Customer Support,Customer Success Manager,1.9,34640.52,34.0,0.0,No,8.9,9.0,1.0,10.0,5,6.0,9.0,4.0,5.0,N,6.0,Low,Low,Low,01-Mar-2017
EMP1868,35.0,Female,R&D,R&D Engineer,1.6,24591.35,50.0,11.0,No,6.7,10.0,1.0,10.0,6,7.0,3.0,10.0,3.0,Yes,8.0,Low,Low,Low,05-Jul-2020
EMP6783,38.0,F,Marketting,-,10.5,44984.99,39.0,0.0,No,7.6,10.0,1.0,10.0,9,6.0,7.0,2.0,5.0,N,9.0,Low,Low,Low,"April 12, 2016"
EMP3169,27.0,Other,Finance,Auditor,1.0,25621.95,48.0,5.0,Yes,6.8,9.0,1.0,9.0,3,6.0,11.0,4.0,5.0,No,6.0,Low,Low,Low,"October 31, 2021"
EMP3247,33.0,Female,Admin,Front Desk Executive,3.6,32425.18,44.0,0.0,Yes,7.2,8.0,2.0,8.0,8,5.0,36.0,1.0,4.0,No,8.0,Low,Low,Low,11/01/2026
EMP1220,28.0,Female,It,System Admin,1.3,26274.28,46.0,1.0,No,7.0,10.0,1.0,9.0,7,9.0,38.0,3.0,5.0,No,6.0,Low,Low,Low,2025/05/28
EMP3999,21.0,Female,Hr,Office Amnager,3.0,32425.18,40.0,1.0,No,7.4,10.0,2.0,9.0,5,6.0,2.0,3.0,5.0,Yes,7.0,Low,Low,-,07-Nov-2025
EMP6130,28.0,Male,Operations,Operations Manager,2.4,29287.7,38.0,5.0,Y,6.5,10.0,1.0,10.0,8,7.0,7.0,1.0,5.0,Yes,7.0,Low,Low,Low,05-May-2018
EMP6189,34.0,Male,Hr,Qa Engineer,2.3,27526.81,49.0,14.0,No,6.4,8.0,1.0,10.0,6,7.0,9.0,0.0,5.0,Yes,8.0,Low,Low,Low,2021/02/11
EMP4212,22.0,Female,Operations,Support Team Lead,0.4,22042.19,40.0,0.0,No,9.0,10.0,1.0,9.0,4,6.0,12.0,5.0,5.0,Yes,7.0,Low,Low,Low,2021-03-27
EMP6329,20.0,Male,Sales,Business Development Executive,2.0,29182.91,54.0,17.0,No,6.2,8.0,2.0,10.0,1,4.0,2.0,3.0,5.0,Yes,7.0,Low,Low,Medium,25/01/2019
EMP1304,28.0,Male,Marketing,Marketing Executive,4.9,32176.2,46.0,8.0,No,6.3,8.0,2.0,7.0,2,5.0,42.0,3.0,5.0,No,8.0,Low,Low,Medium,"April 10, 2021"
EMP4097,41.0,Other,Marketing,Seo Specialist,5.5,35067.31,41.0,9.0,N,7.6,10.0,1.0,9.0,4,6.0,26.0,3.0,5.0,No,9.0,Low,Low,Low,2023-10-04
EMP6275,20.0,Female,I.T.,Software Engineer,0.4,25177.38,48.0,14.0,Yes,7.2,9.0,1.0,9.0,4,7.0,8.0,1.0,5.0,Yes,9.0,Low,Low,Low,"December 17, 2021"
EMP2851,37.0,Male,Sales,Account Manager,8.7,51612.21,33.0,0.0,Yes,8.4,9.0,1.0,8.0,6,6.0,23.0,2.0,5.0,N,8.0,Low,Low,Low,"July 25, 2024"
EMP5612,28.0,Other,Operations,Operations Executive,1.0,25365.78,44.0,10.0,N,8.7,9.0,1.0,9.0,3,6.0,8.0,5.0,5.0,N,6.0,Low,Low,Low,04-27-2020
EMP2096,22.0,Female,Customer Support,Support Team Lead,4.0,45976.35,59.0,17.0,No,6.9,6.0,2.0,8.0,5,5.0,1.0,3.0,4.0,No,8.0,Low,Low,Low,2017/09/03
EMP5775,33.0,Female,Research And Development,Research Analyst,2.9,36788.13,43.0,0.0,Yes,7.3,10.0,1.0,9.0,9,7.0,46.0,3.0,5.0,No,5.0,Low,Low,Low,2024-06-22
EMP1046,27.0,Male,Finance,Finance Manager,2.9,39262.93,56.0,28.0,Yes,7.2,9.0,4.0,7.0,6,6.0,13.0,5.0,5.0,Yes,7.0,Medium,Moderate,Low,"July 17, 2016"
EMP4211,33.0,Male,Customer Support,Support Executive,4.3,32007.84,45.0,5.0,No,7.1,8.0,2.0,9.0,6,6.0,4.0,4.0,5.0,No,8.0,Low,Low,Low,10-16-2022
EMP2145,34.0,F,I.T.,Devops Engineer,9.1,32425.18,50.0,17.0,No,7.5,7.0,2.0,8.0,7,6.0,4.0,2.0,5.0,No,7.0,-,Low,Low,-
EMP3533,45.0,Female,Customer Support,Support Executive,2.0,29366.63,37.0,9.0,Y,7.3,8.0,1.0,9.0,6,7.0,9.0,4.0,5.0,No,9.0,Low,Low,Low,01/09/2016
EMP4770,47.0,Male,Admin,Front Desk Executive,8.4,35690.32,56.0,21.0,Yes,5.7,9.0,1.0,8.0,5,6.0,10.0,3.0,5.0,No,7.0,Low,Low,Low,07-28-2023
EMP1717,31.0,Male,R&D,R&D Engineer,1.3,28858.21,45.0,9.0,No,6.2,10.0,1.0,8.0,7,8.0,2.0,3.0,5.0,No,9.0,Low,Low,Low,2017-03-11
EMP2494,37.0,Female,Hr,Admin Executive,5.1,31461.8,45.0,0.0,No,7.9,10.0,1.0,10.0,7,7.0,32.0,1.0,5.0,Yes,8.0,Low,Low,Low,2023-09-27
EMP4110,34.0,Male,Customersupport,Support Executive,2.5,34259.83,38.0,0.0,No,6.2,10.0,2.0,9.0,6,6.0,13.0,4.0,5.0,-,8.0,Low,Low,Low,04/05/2017
EMP1595,31.0,Male,Customer Support,,0.0,44773.93,49.0,16.0,No,6.0,8.0,1.0,10.0,8,8.0,29.0,3.0,5.0,N,7.0,Low,Low,Low,"February 08, 2015"
EMP1589,29.0,Male,Marketing,Marketing Manager,2.5,49146.7,34.0,0.0,No,7.2,9.0,1.0,9.0,6,6.0,8.0,2.0,5.0,N,8.0,Low,Low,Low,06/08/2016
EMP1522,27.0,Female,Sales,Sales Manager,5.0,32425.18,45.0,30.0,No,6.1,6.0,2.0,8.0,7,6.0,3.0,3.0,5.0,No,6.0,Low,Low,Low,17-Sep-2023
EMP3750,29.0,Female,Marketing,Marketing Executive,6.5,32425.18,52.0,11.0,Yes,7.6,8.0,2.0,10.0,9,8.0,35.0,2.0,5.0,Y,7.0,Low,Low,Low,06/11/2023
EMP2588,44.0,Male,H.R.,Hr Executive,2.5,24636.71,45.0,10.0,-,8.1,8.0,1.0,10.0,8,6.0,2.0,3.0,5.0,Yes,7.0,Low,Low,Low,2018-11-22
EMP6288,46.0,Female,Hr,-,4.9,28376.76,49.0,13.0,Yes,6.5,9.0,1.0,10.0,5,6.0,10.0,6.0,5.0,No,6.0,Low,Low,Low,06-17-2018
EMP5174,21.0,Male,Customer Support,Customer Success Manager,1.5,37810.1,44.0,0.0,No,6.7,10.0,1.0,10.0,4,5.0,5.0,3.0,5.0,Y,8.0,Low,Low,Low,01-12-2025
EMP4246,44.0,,Marketing,Marketing Executive,6.3,32719.23,57.0,18.0,Y,6.4,7.0,3.0,8.0,6,6.0,10.0,4.0,5.0,No,6.0,Low,Low,Medium,16/03/2024
EMP2068,33.0,Other,It,Qa Engineer,2.5,28102.16,40.0,0.0,N,7.0,9.0,1.0,9.0,9,8.0,2.0,2.0,5.0,N,7.0,Low,Low,Low,-
EMP6731,34.0,Female,Rnd,Research Analyst,0.7,23952.55,39.0,3.0,No,6.6,10.0,1.0,8.0,6,8.0,9.0,4.0,5.0,Yes,7.0,Low,Low,Low,14/11/2018
EMP5611,40.0,Female,Legal,Legal Advisor,2.5,25184.59,44.0,2.0,No,6.8,8.0,1.0,9.0,7,7.0,10.0,2.0,5.0,Y,7.0,Low,Low,-,11-27-2018
EMP2531,45.0,Female,Finance,Finance Manager,0.3,30597.67,46.0,2.0,N,7.3,9.0,1.0,10.0,5,7.0,42.0,4.0,5.0,Y,6.0,Low,Low,Low,"January 05, 2015"
EMP3780,30.0,Male,Admin,Support Team Lead,3.3,34527.46,43.0,0.0,No,7.4,10.0,1.0,9.0,10,7.0,6.0,2.0,5.0,N,7.0,Low,Low,Low,"March 04, 2025"
EMP6708,36.0,Female,Hr,Recruiter,1.2,26705.0,41.0,5.0,No,7.2,10.0,1.0,10.0,7,8.0,19.0,3.0,5.0,No,9.0,Low,Low,Low,31-Jan-2018
EMP2680,33.0,Male,R&D,Research Analyst,10.5,48471.75,46.0,18.0,No,6.0,9.0,1.0,10.0,7,8.0,1.0,2.0,5.0,No,7.0,Low,Low,Low,2020-04-20
EMP4803,39.0,,Customer Support,Support Team Lead,1.2,40614.93,45.0,2.0,Yes,6.4,10.0,1.0,9.0,1,5.0,48.0,1.0,5.0,No,7.0,Low,Low,Low,28-Feb-2024
EMP6851,42.0,Female,It,Devops Engineer,0.2,26130.33,44.0,4.0,No,7.2,9.0,1.0,6.0,5,6.0,0.0,2.0,5.0,No,5.0,Low,Low,Low,04-06-2021
EMP5402,25.0,Male,Hr,Hr Generalist,5.9,29837.91,57.0,8.0,No,8.0,9.0,1.0,10.0,7,9.0,36.0,2.0,5.0,No,7.0,Low,Low,Low,01-Aug-2016
EMP6256,33.0,Male,Hr,-,0.1,35737.64,34.0,0.0,Y,8.6,9.0,2.0,9.0,4,6.0,1.0,3.0,5.0,Yes,7.0,Low,Low,Low,2015-10-06
EMP1415,39.0,Female,It,It Support,0.9,32425.18,44.0,3.0,N,7.3,10.0,1.0,10.0,9,8.0,0.0,1.0,5.0,No,7.0,Low,Low,Low,28/12/2023
EMP5477,35.0,Female,It,Qa Engineer,0.5,32522.83,42.0,8.0,Yes,6.3,8.0,1.0,9.0,4,6.0,19.0,3.0,5.0,Y,9.0,High!,Low,Low,2016/12/23
EMP4752,27.0,Female,Hr,Recruiter,3.7,34863.18,33.0,5.0,No,7.9,10.0,2.0,9.0,5,4.0,1.0,3.0,5.0,No,6.0,Low,Low,Low,08-04-2016
EMP2683,23.0,Male,Sales,Sales Executive,1.9,28948.29,48.0,21.0,N,5.3,8.0,1.0,10.0,6,7.0,11.0,2.0,4.0,N,7.0,Low,Low,Low,04-23-2024
EMP1430,32.0,Male,Finance,Auditor,2.6,32425.18,45.0,17.0,Yes,7.2,7.0,2.0,10.0,7,9.0,78.0,7.0,5.0,N,6.0,Low,Low,Low,2025/12/23
EMP3590,33.0,Male,Human Resources,Recruiter,8.0,35839.21,47.0,6.0,No,8.1,9.0,1.0,10.0,6,6.0,13.0,3.0,5.0,N,9.0,Low,Low,Low,05-27-2022
EMP4022,26.0,Other,It,Support Team Lead,0.4,26102.89,44.0,0.0,Yes,8.5,9.0,1.0,8.0,10,6.0,11.0,8.0,5.0,N,7.0,Low,Low,Low,06/01/2023
EMP3585,33.0,Male,Sale,Business Development Executive,2.0,36105.4,56.0,19.0,Yes,7.2,9.0,2.0,10.0,8,6.0,85.0,3.0,5.0,Y,7.0,Low,Low,Low,2017-08-23
EMP4013,26.0,Male,Hr,Hr Executive,6.4,35203.57,52.0,13.0,No,6.2,9.0,2.0,9.0,4,4.0,23.0,3.0,5.0,Y,10.0,Low,Low,Medium,"December 18, 2024"
EMP2957,47.0,Female,R&D,Data Scientist,1.4,32586.59,44.0,3.0,No,7.8,9.0,2.0,9.0,6,6.0,42.0,1.0,5.0,N,6.0,Low,Low,Low,"June 11, 2020"
EMP5640,33.0,Female,Admin,Office Manager,4.0,42746.66,39.0,0.0,No,8.2,10.0,1.0,9.0,8,8.0,0.0,4.0,5.0,Yes,7.0,Low,Low,Low,2016-07-20
EMP4981,31.0,Male,Marketing,Content Strategist,2.5,22270.42,49.0,6.0,No,6.4,7.0,1.0,8.0,6,6.0,10.0,5.0,4.0,Yes,6.0,Low,Low,Low,01-25-2024
EMP4757,28.0,Other,Sales,Business Development Executive,4.5,28200.46,45.0,0.0,N,8.8,9.0,1.0,10.0,6,6.0,10.0,3.0,5.0,Yes,7.0,Low,Low,Low,"August 07, 2016"
EMP5286,40.0,M,It,Software Engineer,1.5,28508.95,45.0,3.0,Y,7.4,10.0,1.0,10.0,5,7.0,26.0,0.0,5.0,No,6.0,Low,Low,Low,2015-08-28
EMP4005,33.0,Male,It,,1.5,24592.76,62.0,21.0,No,7.5,8.0,1.0,8.0,-,6.0,23.0,2.0,5.0,No,8.0,Low,Low,Low,"August 02, 2016"
EMP3291,37.0,Male,Operations,Logistics Coordinator,1.8,28535.65,45.0,2.0,No,7.0,9.0,1.0,10.0,4,7.0,17.0,1.0,5.0,Yes,7.0,Low,Low,Low,08-15-2025
EMP5232,33.0,Male,Operations,Logistics Coordinator,3.6,23906.26,54.0,22.0,Yes,5.4,7.0,3.0,8.0,6,7.0,18.0,2.0,5.0,N,9.0,Low,Low,Low,-
EMP6184,29.0,Female,Customer Support,Support Team Lead,4.4,32425.18,39.0,4.0,Yes,7.9,9.0,1.0,9.0,9,7.0,18.0,6.0,5.0,No,6.0,Low,Low,Low,"August 26, 2017"
EMP1354,35.0,Other,Customer Support,Customer Success Manager,0.7,41531.42,55.0,22.0,Yes,6.5,8.0,1.0,10.0,6,7.0,6.0,3.0,5.0,No,7.0,Low,Low,Low,2015-01-29
EMP6602,29.0,Female,It,Softwaree Ngineer,10.6,45195.14,39.0,0.0,No,8.7,10.0,1.0,10.0,6,7.0,20.0,5.0,5.0,Yes,6.0,Low,Low,Low,2023/10/11
EMP3336,42.0,Male,R&D,Research Analyst,0.6,25877.4,43.0,1.0,Yes,6.5,10.0,1.0,9.0,4,7.0,26.0,1.0,5.0,N,7.0,Low,Low,Low,09-06-2015
EMP3941,34.0,Male,Finance,,2.7,45344.84,32.0,0.0,Y,6.5,10.0,1.0,8.0,4,4.0,30.0,3.0,5.0,No,8.0,Low,Low,Low, 
EMP4570,39.0,Male,Legal,Compliance Officer,2.5,28687.42,53.0,11.0,Yes,6.7,7.0,1.0,10.0,5,7.0,6.0,5.0,5.0,Yes,9.0,Low,Low,Low,2024-01-24
EMP2475,46.0,Male,Admin,Front Desk Executive,1.4,28422.59,49.0,1.0,-,7.0,8.0,1.0,9.0,6,8.0,22.0,4.0,5.0,N,8.0,Low,Low,Low,2017-10-13
EMP6185,34.0,-,Customersupport,Support Executive,3.3,35981.69,33.0,0.0,No,8.4,9.0,1.0,9.0,6,3.0,11.0,2.0,4.0,No,7.0,Low,Low,Low,2016/09/15
EMP5545,20.0,Female,Operations,Logistics Coordintaor,1.7,32160.73,45.0,0.0,,5.8,10.0,1.0,10.0,10,7.0,10.0,2.0,5.0,No,6.0,Low,Low,Low,"December 16, 2025"
EMP4660,31.0,F,Operations,Operations Manager,5.4,39991.37,55.0,14.0,No,7.3,8.0,2.0,9.0,8,6.0,20.0,3.0,5.0,Yes,6.0,Low,Low,Low,-
EMP1002,33.0,Male,Hr,Support Team Lead,5.3,35122.62,39.0,1.0,Yes,7.6,10.0,1.0,10.0,8,7.0,2.0,5.0,5.0,N,8.0,Low,Low,Low,05-29-2024
EMP3097,37.0,Male,Sales,Account Manager,1.3,46092.29,45.0,8.0,No,7.0,10.0,1.0,10.0,6,5.0,6.0,4.0,5.0,Yes,7.0,Low,Low,Low,2016-06-27
EMP3615,33.0,Male,Finance,Support Team Lead,0.2,27986.29,55.0,15.0,No,6.4,9.0,1.0,9.0,4,6.0,6.0,1.0,5.0,No,9.0,Low,Low,Low,26-Apr-2025
EMP2067,33.0,F,Admin,Support Team Lead,2.7,40999.36,30.0,0.0,No,7.2,9.0,2.0,9.0,6,5.0,20.0,1.0,5.0,No,5.0,Low,Low,Low,"September 04, 2025"
EMP1180,30.0,Male,Marketing,Content Strategist,6.4,37674.42,45.0,6.0,No,6.7,10.0,2.0,8.0,3,6.0,39.0,3.0,5.0,No,7.0,Low,Low,Medium,03-14-2025
EMP5242,33.0,Female,-,Support Team Lead,2.7,34540.47,47.0,9.0,No,7.4,8.0,1.0,8.0,7,5.0,10.0,2.0,4.0,No,6.0,Low,Low,Low,2015-04-02
EMP5088,33.0,Male,Customer Support,Support Team Lead,1.2,32798.5,43.0,7.0,No,7.2,8.0,1.0,9.0,6,6.0,2.0,4.0,5.0,No,9.0,Low,Low,Low,02-17-2021
EMP1401,28.0,Female,Legal,Compliance Officer,2.5,25625.54,58.0,21.0,Y,6.8,7.0,1.0,9.0,6,6.0,31.0,7.0,5.0,Yes,7.0,Low,Low,Low,01/02/2017
EMP3907,32.0,Male,Sales,Sales Executive,7.9,32425.18,55.0,10.0,No,7.8,9.0,2.0,8.0,5,4.0,21.0,3.0,4.0,No,6.0,Low,Low,Low,"October 02, 2021"
EMP2449,40.0,Male,It,Software Engineer,14.9,42880.96,45.0,4.0,Yes,6.1,8.0,1.0,9.0,7,7.0,10.0,3.0,5.0,N,6.0,Low,Low,Low,22/03/2019
EMP1172,44.0,Male,Research And Development,R&D Engineer,3.2,31949.74,60.0,5.0,No,9.0,7.0,1.0,10.0,7,8.0,8.0,4.0,5.0,N,7.0,Low,Low,Low,07-19-2023
EMP2584,33.0,Male,Sales,Business Development Executive,3.3,29752.07,47.0,9.0,N,6.9,9.0,2.0,8.0,5,6.0,4.0,2.0,4.0,No,7.0,Low, ,Low,08-27-2016
EMP6384,30.0,Female,,Legal Advisor,5.9,27075.48,47.0,17.0,No,5.9,7.0,1.0,10.0,6,7.0,11.0,6.0,5.0,No,7.0,Low,Low,Low,2021-09-17
EMP4856,42.0,Male,R&D,Data Scientist,2.9,45855.94,44.0,0.0,No,5.6,10.0,1.0,10.0,5,5.0,8.0,3.0,5.0,No,7.0,Low,Low,Low,2026-03-29
EMP3523,32.0,Male,Legal,,1.8,31592.28,52.0,20.0,No,20.0,6.0,2.0,10.0,6,7.0,9.0,2.0,5.0,N,7.0,Low,Low,Low,18-Nov-2022
EMP2916,23.0,Male,Marketting,Marketing Executive,0.9,37368.7,43.0,0.0,No,-9.958223303268145,9.0,1.0,9.0,5,5.0,3.0,2.0,5.0,N,8.0,Low,Low,Low,23/10/2022
EMP3535,44.0,Male,Hr,Seo Specialist,22.3,32425.18,45.0,0.0,Yes,5.9,10.0,1.0,10.0,10,9.0,22.0,3.0,5.0,Y,6.0,Low,Low,Low,30-Jan-2018
EMP3690,33.0,Female,Hr,Hr Executive,3.4,24736.86,41.0,11.0,No,8.3,10.0,1.0,10.0,7,6.0,0.0,1.0,3.0,Y,8.0,Low,Low,Low,11/04/2021
EMP3028,31.0,Female,Operations,Operations Manager,2.5,39181.85,45.0,0.0,No,6.9,10.0,1.0,8.0,10,8.0,9.0,5.0,5.0,N,7.0,Low,Low,Low,"April 10, 2015"
EMP1775,27.0,Female,Hr,Hr Manager,1.0,35483.87,45.0,0.0,N,8.0,10.0,1.0,9.0,3,6.0,85.0,5.0,5.0,,9.0,Low,Low,Low,"October 03, 2024"
EMP6054,27.0,Female,Legal,Compliance Officer,2.5,24824.13,35.0,0.0,No,7.2,10.0,1.0,7.0,7,6.0,18.0,3.0,5.0,No,8.0,Low,Low,Low,-
EMP2004,41.0,Female,Legal,Legal Counsel,1.7,26519.31,51.0,20.0,Yes,7.0,8.0,1.0,10.0,6,7.0,12.0,-4.0,4.0,N,8.0,Low,Low,Low,-
EMP1411,20.0,Female,Customer Support,Support Team Lead,2.0,27035.69,40.0,0.0,Yes,7.7,9.0,1.0,8.0,2,5.0,2.0,2.0,5.0,No,7.0,Low,-,Low,01-13-2019
EMP1258,33.0,F,Operations,Operations Executive,1.4,25667.96,47.0,9.0,,5.0,8.0,1.0,10.0,6,8.0,5.0,3.0,5.0,No,7.0,Low,Low,Low,29-Apr-2017
EMP1900,35.0,Female,Sales,Account Manager,0.0,28505.37,47.0,5.0,No,6.5,10.0,2.0,9.0,10,7.0,1.0,2.0,4.0,No,6.0,Low,Low,Low,06-03-2015
EMP4836,33.0,Female,R&D,Research Analyst,1.6,25589.2,48.0,13.0,N,8.0,9.0,1.0,10.0,7,8.0,7.0,3.0,5.0,No,8.0,Low,Low,Low,26-Aug-2019
EMP5058,41.0,Female,Marketing,Content Strategist,2.7,32425.18,45.0,2.0,No,6.6,9.0,1.0,9.0,9,6.0,3.0,3.0,5.0,Yes,7.0,Low,Low,Low,12-08-2016
EMP2415,42.0,Female,Customer Support,Support Team Lead,2.5,31827.0,45.0,15.0,N,7.0,10.0,1.0,8.0,10,6.0,14.0,3.0,5.0,Yes,7.0,Low,Low,Low,2015/10/10
EMP1791,41.0,Female,It,Devops Engineer,1.2,25254.52,45.0,3.0,No,7.3,9.0,1.0,8.0,,7.0,10.0,4.0,5.0,Yes,7.0,Low,Low,-,-
EMP1530,42.0,Male,Ops,Support Team Lead,2.5,34941.34,45.0,1.0,No,7.1,10.0,2.0,8.0,6,8.0,5.0,3.0,5.0,No,6.0,Low,Low,Low,2024/10/18
EMP1897,24.0,Female,Administration,Admin Executive,1.6,33591.61,32.0,0.0,N,6.6,9.0,1.0,10.0,6,8.0,25.0,1.0,5.0,Yes,8.0,Low,Low,Low,07-31-2022
EMP3354,26.0,Female,Hr,Support Team Lead,0.4,36346.29,50.0,6.0,No,7.7,9.0,2.0,8.0,2,4.0,16.0,3.0,5.0,No,6.0,Low,Low,Medium,"December 21, 2025"
EMP4289,33.0,Female,Hr,Hr Executive,3.8,32425.18,36.0,0.0,No,6.4,10.0,1.0,10.0,6,5.0,32.0,2.0,5.0,No,6.0,Low,Low,Low,2018-05-19
EMP6478,33.0,Male,Customer Support,Customer Success Manager,4.7,48243.63,40.0,1.0,N,8.3,10.0,1.0,9.0,5,8.0,8.0,7.0,5.0,No,7.0,Low,Low,Low,01-Aug-2024
EMP6781,50.0,F,Marketing,Content Strategist,30.0,32425.18,45.0,0.0,N,7.8,10.0,1.0,10.0,8,8.0,26.0,0.0,5.0,Yes,8.0,Low,-,Low,24/06/2020
EMP1965,38.0,Male,It,Qa Engineer,2.5,30214.1,48.0,5.0,,7.2,10.0,2.0,9.0,8,7.0,40.0,3.0,5.0,Yes,6.0,Low,Low,Low,2020/06/03
EMP3514,28.0,Male,Customer Support,Support Executive,3.0,30098.3,45.0,7.0,Yes,6.2,10.0,4.0,9.0,4,5.0,7.0,3.0,5.0,Yes,7.0,Low,Low,Low,10-06-2025
EMP1833,33.0,Male,Operations,Support Team Lead,3.5,35894.48,41.0,0.0,No,7.4,10.0,1.0,10.0,4,4.0,13.0,6.0,5.0,No,8.0,Low,Low,Low,12-15-2023
EMP5479,36.0,Male,Admin,Admin Executive,3.1,29090.09,38.0,0.0,Yes,6.9,9.0,1.0,10.0,9,6.0,0.0,3.0,5.0,N,9.0,Low,Low,Low,2026/03/22
EMP2433,37.0,Male,Sales,Account Manager,6.4,49873.52,45.0,5.0,N,7.2,10.0,1.0,10.0,2,6.0,38.0,4.0,5.0,No,7.0,Low,Low,Low,-
EMP3598,53.0,Male,Legal,Elgal Advisor,2.9,32675.72,31.0,0.0,Yes,7.3,10.0,1.0,9.0,5,7.0,10.0,4.0,5.0,Yes,10.0,Low,Low,Low,"January 20, 2018"
EMP4883,44.0,M,Legal,Legal Advisor,5.5,31354.68,36.0,5.0,No,6.9,9.0,1.0,7.0,4,6.0,20.0,7.0,5.0,No,6.0,Low,Low,Low,2019-12-30
EMP1780,33.0,Female,Sales,Account Manager,3.3,52792.32,51.0,4.0,Yes,5.9,8.0,2.0,10.0,9,7.0,6.0,3.0,5.0,No,7.0,Low,Low,Low,-
EMP5789,28.0,Male,It,Qa Engineer,2.5,35041.13,51.0,12.0,No,6.2,8.0,1.0,10.0,7,6.0,15.0,2.0,5.0,Y,7.0,Low,Low,Low,17/10/2015
EMP2179,31.0,Female,Sales,Sales Manager,6.2,53230.58,41.0,5.0,No,7.0,10.0,1.0,7.0,8,8.0,17.0,3.0,5.0,N,8.0,Low,Low,Low,03-04-2026
EMP2108,38.0,Male,Customer Support,Support Team Lead,3.2,41267.35,39.0,8.0,No,6.2,9.0,1.0,8.0,6,5.0,10.0,5.0,5.0,Yes,7.0,Low,Low,Low,2021-10-18
EMP3851,38.0,Female,Sales,Account Manager,1.0,26487.22,51.0,19.0,No,7.1,8.0,1.0,10.0,,5.0,11.0,4.0,5.0,N,6.0,Low,Low,Low,04-Sep-2021
EMP1132,29.0,Female,Hr,Hr Generalist,2.5,31752.71,31.0,0.0,No,8.4,10.0,1.0,10.0,5,4.0,28.0,2.0,5.0,N,8.0,Low,Low,Low,2017-01-17
EMP3476,26.0,Female,Hr,Hr Generalist,4.5,32425.18,45.0,14.0,No,7.4,10.0,1.0,9.0,3,7.0,18.0,4.0,5.0,Y,5.0,Low,Low,Low,23/04/2023
EMP3867,34.0,Female,Sales,Sale Sexecutive,10.9,31722.57,48.0,9.0,Yes,5.5,9.0,1.0,10.0,4,6.0,9.0,0.0,5.0,Yes,7.0,Low,Low,Low,21-Aug-2025
EMP3319,36.0,F,Sales,Sales Manager,1.8,39254.27,43.0,5.0,No,7.6,9.0,1.0,9.0,5,7.0,0.0,7.0,5.0,,8.0,Low,Low,Low,2026/01/09
EMP3880,24.0,Male,Hr,Hr Manager,0.5,40092.02,39.0,3.0,No,6.8,10.0,1.0,10.0,6,8.0,9.0,4.0,4.0,Y,7.0,-,Low,Low,14-Jun-2020
EMP5149,31.0,Male,Admin,Admin Executive,3.6,28890.1,56.0,5.0,Y,6.0,8.0,2.0,9.0,10,8.0,2.0,2.0,5.0,No,6.0,Low,Low,Low,2023/04/30
EMP1619,41.0,Male,Admin,Office Manager,0.6,35057.56,45.0,5.0,No,8.5,10.0,1.0,9.0,7,5.0,0.0,3.0,5.0,No,7.0,Low,Low,Low,24/01/2019
EMP2015,40.0,Male,It,It Support,3.7,32425.18,45.0,9.0,No,7.8,9.0,1.0,9.0,6,6.0,61.0,3.0,5.0,Yes,9.0,Low,Low,Low,2022/09/15
EMP5380,27.0,Female,It,System Admin,2.4,24166.7,49.0,10.0,No,7.3,9.0,1.0,9.0,9,6.0,28.0,0.0,5.0,No,7.0,Low,Low,Low,02-Nov-2015
EMP4500,26.0,M,Cust. Support,Support Executive,2.7,33392.49,46.0,14.0,Yes,6.0,7.0,1.0,9.0,3,6.0,17.0,6.0,5.0,Yes,6.0,Low,Low,Low,2021-06-13
EMP2551,32.0,Male,Legal,Compliance Officer,2.5,30503.94,44.0,9.0,No,6.2,9.0,2.0,6.0,8,7.0,6.0,3.0,5.0,No,7.0,Low,Low,Low,2021-08-12
EMP2296,37.0,Male,Hr,Hr Executive,0.8,27569.16,45.0,1.0,Yes,7.3,9.0,3.0,8.0,4,5.0,64.0,3.0,5.0,No,7.0,Low,Low,Low,"February 11, 2020"
EMP4733,45.0,Female,Finance,Support Team Lead,1.5,29122.44,45.0,0.0,Yes,8.9,10.0,1.0,8.0,6,9.0,4.0,4.0,5.0,No,8.0,Low,Low,Low,"April 03, 2019"
EMP2952,49.0,Female,Admin,Admin Executive,4.6,27764.33,60.0,23.0,Yes,7.1,7.0,1.0,10.0,6,8.0,7.0,4.0,5.0,Y,6.0,Low,Low,Low, 
EMP3827,22.0,Male,Marketing,Marketing Executive,4.0,21807.96,45.0,2.0,Yes,7.8,9.0,1.0,9.0,6,6.0,18.0,5.0,5.0,Yes,7.0,Low,Low,Low,23/02/2023
EMP5517,31.0,Female,Legal,Legal Counsel,3.0,30291.98,45.0,0.0,Y,6.4,10.0,1.0,9.0,5,6.0,1.0,3.0,4.0,No,7.0,Low,Low,Low,"December 17, 2023"
EMP4561,25.0,Male,Admin,Office Manager,0.7,45842.02,58.0,17.0,N,5.7,9.0,3.0,9.0,2,4.0,17.0,6.0,5.0,N,8.0,Low,Low,Medium,2022-05-05
EMP6695,34.0,Other,Operations,Operations Executive,2.5,32425.18,42.0,1.0,No,7.1,10.0,1.0,9.0,6,7.0,13.0,2.0,5.0,No,7.0,Low,Low,Low,07-28-2015
EMP4065,41.0,M,Hr,Hr Manager,8.2,39057.14,46.0,5.0,No,5.8,10.0,1.0,10.0,6,6.0,18.0,3.0,5.0,No,8.0,Low,Low,Low,02-17-2020
EMP1474,21.0,Female,Hr,Hr Generalist,0.1,32425.18,42.0,3.0,No,7.5,10.0,1.0,9.0,7,6.0,9.0,4.0,5.0,No,7.0,Low,Low,Low,"March 13, 2023"
EMP4049,31.0,-,Operations,Operations Manager,4.7,54534.59,37.0,1.0,Yes,8.1,10.0,1.0,10.0,6,5.0,16.0,4.0,5.0,No,7.0,Low,Low,Low,2025-02-12
EMP3297,38.0,Female,Admin,Support Team Lead,1.6,46085.84,45.0,0.0,Yes,5.7,9.0,2.0,8.0,5,6.0,3.0,1.0,5.0,No,7.0,Low,Low,Low,"December 19, 2020"
EMP5617,40.0,Female,Admin,Office Manager,2.5,34577.41,51.0,16.0,N,7.2,8.0,1.0,6.0,6,6.0,0.0,3.0,5.0,N,7.0,Low,Low,Low,17-Apr-2018
EMP3681,40.0,Female,Hr,Hr Manager,2.8,42518.53,60.0,19.0,No,6.7,7.0,1.0,10.0,6,5.0,8.0,2.0,5.0,Yes,6.0,Low,Low,Low,15/03/2027
EMP6113,26.0,Male,Admin,Office Manager,8.0,45334.31,43.0,0.0,No,7.2,8.0,1.0,9.0,8,7.0,10.0,3.0,4.0,No,7.0,Low,Low,Low,04-Apr-2021
EMP6517,37.0,Male,R&D,Research Analyst,10.6,42463.09,46.0,12.0,No,7.0,7.0,1.0,9.0,10,8.0,6.0,2.0,5.0,N,7.0,Low,Low,Low,2020/07/27
EMP3906,30.0,Male,Admin,Office Manager,1.2,48278.14,39.0,0.0,Yes,6.2,10.0,2.0,9.0,6,6.0,37.0,3.0,5.0,No,6.0,Low,Low,Low,"July 02, 2023"
EMP6297,38.0,Female,Customer Support,Support Team Lead,3.0,36866.14,50.0,7.0,Yes,7.8,9.0,2.0,8.0,4,6.0,10.0,2.0,5.0,No,7.0,,Low,Low,17/04/2019
EMP4442,30.0,Male,Legal,Legal Advisor,0.6,17615.46,52.0,21.0,No,7.9,7.0,-3.0,9.0,,7.0,10.0,4.0,5.0,Yes,9.0,Low,Low,Low,09-24-2015
EMP3801,38.0,Female,Administration,Office Manager,-7.570238310125468,40496.33,45.0,6.0,Yes,8.7,10.0,1.0,10.0,1,5.0,11.0,2.0,4.0,Yes,6.0,Low,Low,Low,2018/08/28
EMP4198,31.0,Male,Customer Support,Support Executive,3.6,33994.08,44.0,9.0,N,6.5,9.0,3.0,8.0,5,5.0,9.0,3.0,5.0,No,5.0,Low,Low,Low,"October 02, 2015"
EMP4896,41.0,Female,Finance,Financial Analyst,0.0,26152.98,42.0,1.0,No,7.7,10.0,1.0,10.0,6,5.0,2.0,0.0,5.0,N,7.0,Low,Low,Low,-
EMP2457,35.0,Female,Customer Support,Support Executvie,11.9,49187.36,48.0,6.0,No,7.2,9.0,1.0,10.0,10,7.0,15.0,3.0,5.0,Yes,7.0,Low,Low,Low,2019-09-22
EMP1769,43.0,Male,H.R.,Support Team Lead,2.9,35149.25,30.0,0.0,Y,7.5,10.0,1.0,10.0,3,5.0,21.0,3.0,5.0,Yes,9.0,Low,Low,Low,08-23-2020
EMP4547,43.0,Male,Sales,Business Development Executive,0.1,16179.82,49.0,9.0,Yes,7.8,10.0,1.0,7.0,7,8.0,10.0,3.0,5.0,No,8.0,Low,Low,Low,"May 27, 2025"
EMP2990,23.0,Male,Operations,Operations Manager,1.7,35382.42,44.0,5.0,N,6.7,8.0,1.0,10.0,5,6.0,30.0,6.0,5.0,Yes,9.0,Low,Low,Low,03-11-2026
EMP5033,20.0,F,Sales,Account Manager,2.0,30153.67,45.0,14.0,No,8.0,9.0,3.0,9.0,6,6.0,40.0,3.0,5.0,No,6.0,Low,Low,Low,11-13-2015
EMP2302,34.0,Male,Admin,Admin Executive,10.7,41400.99,45.0,5.0,No,7.0,9.0,1.0,10.0,9,7.0,15.0,4.0,5.0,Yes,7.0,Low,Low,Low,2024-07-03
EMP4306,40.0,Female,Hr,,1.7,33251.09,43.0,4.0,N,7.1,10.0,1.0,9.0,4,6.0,10.0,5.0,5.0,No,7.0,Low,Low,Low,2020-04-25
EMP6182,43.0,Male,Marketing,Marketing Executive,10.6,42866.98,41.0,6.0,No,7.3,10.0,1.0,10.0,2,5.0,10.0,3.0,3.0,Yes,6.0,Low,Low,Low,2021-01-15
EMP2133,29.0,Male,Hr,Hr Executive,0.6,32653.06,36.0,11.0,Yes,6.9,8.0,2.0,9.0,8,6.0,14.0,4.0,5.0,No,7.0,Low,Low,Low,12-Dec-2018
EMP5100,39.0,F,Admin,Office Manager,5.8,48304.25,45.0,0.0,No,8.7,10.0,1.0,9.0,5,6.0,20.0,3.0,5.0,Yes,7.0,Low,Low,Low,2019/01/25
EMP1438,35.0,-,Legal,Legal Counsel,4.2,36245.37,54.0,14.0,No,7.1,6.0,1.0,9.0,6,5.0,3.0,6.0,5.0,No,6.0,Low,Low,Low, 
EMP1249,27.0,-,Operations,Operations Executive,7.2,33089.84,39.0,1.0,Yes,8.9,10.0,1.0,10.0,7,6.0,55.0,1.0,5.0,Y,7.0,Low,Low,Low,"August 06, 2025"
EMP4190,30.0,-,Marketing,Marketing Manager,0.2,39597.6,48.0,5.0,No,6.9,8.0,1.0,10.0,9,7.0,43.0,4.0,5.0,Yes,5.0,Low,Low,Low,05-Jan-2020
EMP6584,31.0,Male,Finance,Support Team Lead,2.5,29923.29,34.0,6.0,Yes,7.2,10.0,1.0,10.0,6,7.0,9.0,1.0,5.0,No,7.0,Low,Low,Low,05-13-2020
EMP5197,30.0,Male,Hr,Recruiter,2.5,26752.19,40.0,5.0,Yes,7.9,10.0,1.0,10.0,4,6.0,23.0,2.0,5.0,N,7.0,Low,Low,Low,2021/07/05
EMP3484,45.0,Male,Admin,Admin Executive,1.9,27878.22,44.0,4.0,No,6.9,10.0,1.0,9.0,9,9.0,0.0,4.0,5.0,No,7.0,Low,Low,Low,"April 24, 2019"
EMP1609,26.0,Male,Customer Support,Support Team Lead,5.6,38177.02,43.0,0.0,Yes,7.7,10.0,1.0,8.0,5,6.0,4.0,4.0,5.0,N,7.0,Low,Low,Low,08-29-2019
EMP5682,44.0,Male,Sales,Business Development Executive,4.4,32880.06,47.0,0.0,No,6.6,10.0,1.0,10.0,8,6.0,0.0,6.0,5.0,No,8.0,Low,Low,Low,-
EMP2309,22.0,Male,Customer Support,Support Team Lead,3.5,23748.31,53.0,17.0,Yes,6.7,8.0,1.0,10.0,6,8.0,35.0,3.0,5.0,Yes,7.0,Low,Low,Low,"March 03, 2016"
EMP2154,20.0,-,Hr,Support Team Lead,2.0,37457.83,64.0,5.0,No,7.0,7.0,2.0,7.0,7,4.0,16.0,3.0,5.0,N,8.0,Low,Low,Low,"December 29, 2017"
EMP6508,20.0,Male,I.T.,Qa Engineer,2.5,24926.21,50.0,5.0,Yes,6.8,8.0,2.0,8.0,7,6.0,10.0,3.0,5.0,N,5.0,Low,Low,Low,2021/08/06
EMP1734,41.0,Male,It,Software Engineer,2.9,31080.12,47.0,8.0,No,8.9,9.0,1.0,8.0,8,7.0,31.0,1.0,5.0,N,9.0,Low,Low,Low,22-Oct-2022
EMP3967,37.0,Other,Customer Support,Support Team Lead,4.7,32425.18,46.0,4.0,Yes,7.2,9.0,1.0,10.0,7,6.0,7.0,4.0,5.0,Yes,6.0,Low,Low,Low,2023/10/25
EMP5046,34.0,Male,It,Support Team Lead,2.9,31579.22,49.0,18.0,No,7.6,8.0,1.0,7.0,6,6.0,10.0,-10.0,5.0,No,9.0,Low,Low,Low, 
EMP2521,42.0,Male,It,Software Engineer,5.4,30836.7,43.0,10.0,Yes,6.4,8.0,1.0,8.0,7,7.0,16.0,3.0,5.0,Yes,8.0,Low,Low,-,"April 22, 2015"
EMP4613,33.0,M,Hr,Support Team Lead,2.5,22430.17,30.0,0.0,N,6.8,8.0,1.0,10.0,6,5.0,5.0,1.0,5.0,Y,8.0,Low,Low,Low,01-May-2020
EMP5563,41.0,Female,Hr,Hr Generalist,1.7,26114.22,55.0,21.0,Yes,7.0,8.0,3.0,6.0,5,6.0,1.0,3.0,5.0,No,7.0,Low,Low,Low,2019/08/17
EMP6532,33.0,Male,Customer Support,Customer Success Manager,0.2,32312.75,46.0,0.0,Yes,7.5,10.0,1.0,10.0,2,5.0,60.0,3.0,5.0,Yes,7.0,Low,Low,Low,08-16-2025
EMP4174,33.0,Female,Admin,Front Desk Executive,7.2,31671.16,45.0,18.0,N,7.1,7.0,3.0,7.0,6,7.0,16.0,4.0,5.0,N,8.0,Low,Low,Low,-
EMP4467,33.0,Female,Legal,Legal Advisor,4.1,31483.3,45.0,2.0,No,7.0,9.0,1.0,10.0,5,6.0,15.0,1.0,5.0,Yes,7.0,Low,Low,Low,02-Feb-2018
EMP6051,33.0,Male,Operations,Operations Executive,0.4,26236.46,56.0,22.0,No,6.8,8.0,1.0,10.0,10,8.0,25.0,1.0,4.0,N,6.0,Low, ,Low,10-17-2024
EMP6477,43.0,Male,Legal,Legal Advisor,10.8,35910.05,49.0,11.0,-,7.3,8.0,1.0,8.0,6,6.0,10.0,5.0,5.0,Yes,6.0,-,Low,Low,01-03-2016
EMP5898,26.0,Male,R&D,R&D Engineer,2.5,29682.84,36.0,5.0,Yes,8.6,6.0,1.0,9.0,9,8.0,10.0,1.0,5.0,Yes,7.0,Low,Low,Low,10-19-2022
EMP3017,41.0,Male,Rnd,Support Team Lead,2.5,31167.21,45.0,6.0,No,7.4,9.0,1.0,9.0,6,7.0,3.0,3.0,5.0,-,7.0,Low,Low,Low,"December 21, 2024"
EMP1470,20.0,Male,Admin,Front Desk Executive,0.7,18598.23,45.0,0.0,No,7.4,10.0,1.0,10.0,9,6.0,31.0,6.0,5.0,Yes,7.0,Low,Low,Low,2015-08-08
EMP3718,31.0,Female,Operations,Operations Executive,3.2,31252.3,47.0,10.0,No,6.3,8.0,2.0,10.0,8,7.0,3.0,3.0,5.0,No,9.0,Low,Low,Low,2025-01-12
EMP2805,23.0,Female,Sales,Sales Executive,4.3,32721.56,38.0,5.0,No,7.2,10.0,1.0,9.0,6,8.0,3.0,4.0,5.0,No,8.0,-,Low,Low,-
EMP4054,43.0,Female,Hr,Hr Executive,3.6,31032.87,46.0,0.0,No,8.2,10.0,2.0,8.0,3,5.0,29.0,3.0,5.0,Y,7.0,Low,Low,Low,2022/09/21
EMP4780,31.0,Male,Operations,Operations Executive,2.2,32425.18,52.0,14.0,No,6.9,9.0,1.0,8.0,6,7.0,10.0,2.0,5.0,No,6.0,Low,Low,Low,2015/02/27
EMP4297,34.0,Female,Admin,Front Desk Executive,0.8,29842.94,45.0,8.0,Yes,7.9,10.0,1.0,8.0,6,7.0,2.0,2.0,5.0,Y,7.0,Low,Low,Low,"June 02, 2026"
EMP1756,31.0,Female,Marketing,Content Startegist,4.3,31858.38,45.0,2.0,No,7.9,9.0,1.0,9.0,7,8.0,2.0,1.0,4.0,No,7.0,Low,Low,Low,2019-05-26
EMP3749,32.0,Female,Hr,Hr Executive,1.1,26648.27,36.0,4.0,No,6.8,9.0,1.0,10.0,8,6.0,11.0,2.0,5.0,No,7.0,Low,Low,Low,25-Jun-2022
EMP1284,28.0,Male,Legal,Legal Counsel,1.8,32425.18,45.0,19.0,No,6.0,9.0,2.0,9.0,7,5.0,16.0,0.0,5.0,N,8.0,Low,Low,Low,23/11/2017
EMP5138,25.0,Female,Customer Support,Support Team Lead,0.4,39283.96,48.0,5.0,Yes,7.2,9.0,1.0,10.0,9,6.0,2.0,2.0,5.0,No,7.0,Low,Low,Low,12-10-2019
EMP6118,44.0,Female,Sales,Account Manager,1.5,36656.21,30.0,12.0,N,5.9,10.0,1.0,9.0,4,6.0,16.0,3.0,5.0,No,7.0,Low,Low,Low,2016-09-12
EMP4234,27.0,Male,Marketting,Content Strategist,1.1,25353.31,45.0,3.0,Yes,6.0,10.0,1.0,10.0,9,6.0,1.0,0.0,5.0,Yes,8.0,Low,Low,Low,2023-06-15
EMP1635,23.0,Male,Marketing,Seo Specialist,1.2,31065.73,45.0,0.0,No,7.3,9.0,1.0,10.0,6,4.0,38.0,8.0,3.0,Yes,7.0,Low,Low,Low,09-06-2018
EMP6007,25.0,Male,It,Support Team Lead,3.5,28963.87,41.0,0.0,Yes,6.6,9.0,1.0,9.0,6,6.0,0.0,5.0,5.0,N,8.0,Low,Low,Low,2016/03/31
EMP1080,34.0,F,Legal,Compliance Officer,6.9,29908.97,33.0,0.0,No,7.6,10.0,1.0,9.0,6,6.0,10.0,2.0,5.0,No,8.0,Low,Low,Low,-
EMP3313,20.0,Male,Cust. Support,Support Team Lead,2.0,26232.41,48.0,19.0,No,7.7,8.0,1.0,10.0,6,7.0,36.0,5.0,5.0,No,7.0,Low,Low,Low,05-24-2016
EMP6670,34.0,Male,Hr,Hr Executive,2.7,28764.22,45.0,14.0,No,6.7,9.0,1.0,8.0,9,8.0,3.0,2.0,5.0,Yes,8.0,Low,Low,Low,"August 15, 2020"
EMP5289,21.0,Male,Sales,Account Manager,2.8,40127.63,43.0,11.0,No,6.9,8.0,2.0,9.0,3,5.0,28.0,3.0,5.0,No,9.0,Low,Low,Low,11-07-2022
EMP6393,36.0,Male,It,Support Team Lead,2.5,24989.03,45.0,16.0,Yes,6.6,7.0,2.0,9.0,9,8.0,10.0,3.0,5.0,No,7.0,Low,Low,Low,16/03/2021
EMP1782,35.0,Male,Hr,Support Team Lead,0.2,40280.46,41.0,0.0,Yes,7.8,10.0,1.0,10.0,9,8.0,22.0,1.0,5.0,N,7.0,Low,Low,Low,"January 11, 2021"
EMP6336,33.0,Male,Hr,Hr Manager,7.4,54695.58,44.0,3.0,No,8.7,9.0,1.0,10.0,7,6.0,2.0,6.0,5.0,Yes,6.0,Low,Low,Low,2022/08/24
EMP1137,42.0,Female,Hr,Data Scientist,0.1,42029.26,52.0,22.0,No,7.0,9.0,1.0,10.0,5,6.0,41.0,3.0,5.0,Yes,5.0,Low,Low,Low,2020/12/27
EMP6497,31.0,Male,Hr,Hr Executive,4.0,29987.29,41.0,2.0,Yes,5.8,9.0,1.0,10.0,9,5.0,8.0,3.0,5.0,No,7.0,Low,Low,Low,"September 24, 2015"
EMP3689,33.0,Male,Customer Support,Support Executive,2.4,31235.63,44.0,0.0,,7.6,10.0,1.0,7.0,6,7.0,7.0,3.0,5.0,No,7.0,-,Low,Low,12-10-2024
EMP1735,33.0,Male,Marketing,Content Strategist,3.0,30447.86,44.0,8.0,N,6.8,9.0,1.0,9.0,6,6.0,28.0,2.0,5.0,Yes,7.0,Low,Low,Low,"January 23, 2024"
EMP3859,30.0,Male,Research And Development,Research Analyst,7.1,34393.81,57.0,21.0,No,7.1,7.0,2.0,8.0,7,8.0,38.0,3.0,5.0,No,5.0,Low,Low,Low,"November 06, 2018"
EMP3675,27.0,Female,Legal,Legal Advisor,1.0,26706.26,44.0,8.0,No,7.4,8.0,1.0,8.0,7,8.0,21.0,3.0,5.0,No,7.0,Low,Low,Low,24-May-2015
EMP4606,35.0,-,R&D,Research Analyst,1.4,26826.21,45.0,2.0,N,7.1,10.0,2.0,9.0,7,6.0,44.0,3.0,5.0,Yes,7.0,Low,Low,Low,"May 09, 2023"
EMP6845,42.0,Male,Admin,Admin Executive,6.6,31367.85,30.0,5.0,No,8.6,9.0,1.0,10.0,8,7.0,15.0,1.0,5.0,N,9.0,Low,Low,Low,09/02/2020
EMP6439,35.0,Male,It,Software Engineer,2.5,38692.9,39.0,1.0,No,6.2,9.0,1.0,10.0,9,7.0,10.0,2.0,5.0,Yes,6.0,Low,Low,Low,"February 24, 2017"
EMP6098,23.0,F,Marketing,Seo Specialist,2.5,30199.96,33.0,8.0,N,9.0,10.0,1.0,8.0,5,6.0,9.0,4.0,5.0,No,8.0,Low,Low,Low,2023-04-05
EMP2693,33.0,Female,R&D,R&D Engineer,2.9,28642.35,54.0,18.0,Yes,7.3,6.0,3.0,9.0,3,7.0,31.0,2.0,5.0,No,7.0,Low,Low,Low,"January 25, 2020"
EMP3858,30.0,Female,It,Support Team Lead,1.9,34433.21,45.0,3.0,Yes,7.6,9.0,1.0,7.0,5,4.0,27.0,3.0,5.0,No,8.0,Low,Low,Low,2018-02-17
EMP6600,34.0,,Operations,Logistics Coordinator,1.4,28826.01,47.0,17.0,Yes,7.1,8.0,2.0,10.0,2,6.0,2.0,4.0,4.0,Y,7.0,Low,Low,Med,"October 10, 2015"
EMP2405,39.0,Male,R&D,Research Analyst,0.7,24288.46,54.0,11.0,No,7.9,9.0,1.0,9.0,3,6.0,20.0,3.0,5.0,Y,6.0,Low,Low,Low,2023-06-22
EMP2753,42.0,Female,Hr,R&D Engineer,0.7,32425.18,38.0,0.0,N,7.8,9.0,1.0,10.0,6,5.0,59.0,7.0,5.0,Y,8.0,Low,Low,Low,29-May-2017
EMP1268,25.0,Male,Customer Support,Support Executive,1.1,23230.66,44.0,7.0,N,8.3,10.0,1.0,10.0,5,6.0,11.0,4.0,5.0,Yes,8.0,Low,Low,Low,-
EMP6127,28.0,Male,Operations,Operations Executive,8.6,38327.5,41.0,5.0,No,7.1,9.0,1.0,10.0,5,5.0,2.0,3.0,4.0,Yes,4.0,-,Low,Low,01-Mar-2025
EMP5201,35.0,Female,Customer Support,Support Team Lead,1.1,26582.2,48.0,5.0,No,8.4,10.0,2.0,10.0,6,5.0,1.0,2.0,4.0,No,7.0,Low,Low,Low,2025-03-18
EMP6232,29.0,Other,Sales,Sales Executive,2.5,33535.68,44.0,5.0,Yes,7.3,9.0,1.0,8.0,5,7.0,7.0,1.0,5.0,No,7.0,Low,Low,Low,-
 emp1874 ,42.0,Female,It,Qa Engineer,4.1,31438.26,63.0,31.0,Yes,7.2,6.0,2.0,9.0,6,6.0,0.0,3.0,5.0,N,7.0,Low,Low,Low,"September 05, 2018"
EMP3173,35.0,Female,Finance,Accountant,1.3,24825.07,36.0,1.0,No,7.2,10.0,2.0,9.0,7,7.0,10.0,1.0,5.0,Yes,6.0,Low,Low,Low,2026-02-06
EMP4330,38.0,Female,Legal,Compliance Officer,2.7,27848.07,37.0,0.0,N,6.1,9.0,2.0,10.0,9,9.0,17.0,1.0,5.0,Y,8.0,Low,Low,Low,14/04/2022
EMP5094,41.0,Female,Fiannce,Accountant,1.1,33686.5,43.0,1.0,No,6.7,10.0,2.0,8.0,3,5.0,4.0,3.0,5.0,-,7.0,Low,Low,Low,2021/10/05
EMP2898,42.0,Other,Marketting,Seo Specialist,2.6,30659.64,45.0,8.0,No,6.7,9.0,1.0,9.0,3,6.0,23.0,3.0,5.0,Yes,6.0,Low,Low,Low,"September 21, 2018"
EMP2836,37.0,Female,Hr,Hr Executive,7.4,36965.6,35.0,0.0,No,6.5,10.0,1.0,10.0,6,8.0,6.0,4.0,5.0,Yes,7.0,Low,Low,Low,2018-09-29
EMP2077,32.0,M,It,Software Engineer,8.5,42849.97,35.0,0.0,No,8.2,9.0,1.0,10.0,6,9.0,1.0,7.0,5.0,No,7.0,Low,Low,Low,2025/10/03
EMP3790,46.0,Male,Hr,Marketing Manager,3.5,44067.8,45.0,12.0,No,8.6,8.0,2.0,9.0,6,5.0,17.0,6.0,5.0,No,6.0,Low,Low,Low,2019-01-18
EMP6300,21.0,Female,Customer Support,Customer Success Manager,3.0,42245.75,54.0,19.0,Yes,6.1,8.0,1.0,8.0,8,6.0,1.0,1.0,5.0,N,7.0,Low,Low,Low,29/11/2015
EMP4666,23.0,Female,Hr,Marketing Manager,0.4,24885.24,47.0,12.0,No,6.9,10.0,1.0,9.0,5,8.0,3.0,5.0,5.0,Y,7.0,Low,Low,Low,12/09/2023
EMP4513,25.0,Female,Marketing,Marketing Executive,2.5,30212.43,45.0,15.0,No,7.6,7.0,2.0,7.0,4,4.0,10.0,6.0,5.0,Yes,6.0,Low,Low,Low,19/06/2025
EMP6316,28.0,Other,Sale,Sales Executive,5.5,33781.76,35.0,0.0,Yes,5.7,9.0,3.0,7.0,4,6.0,1.0,4.0,5.0,Y,8.0,Low,Low,Low,08-Dec-2022
EMP1959,52.0,Male,R&D,Data Scientist,0.7,34502.08,40.0,6.0,No,6.7,9.0,1.0,10.0,6,5.0,5.0,5.0,5.0,Yes,8.0,Low,Low,Low,"September 27, 2022"
EMP6873,36.0,Male,It,It Support,3.7,39927.52,32.0,0.0,No,7.3,10.0,1.0,10.0,9,8.0,4.0,4.0,5.0,Yes,5.0,Low,Low,Low,2018-04-21
EMP3141,30.0,Female,Legal,Legal Advisor,2.1,32425.18,55.0,14.0,No,6.9,6.0,3.0,7.0,5,4.0,12.0,2.0,5.0,No,7.0,Low,Low,Low,"September 07, 2024"
EMP5749,49.0,Male,Finance,Financial Analyst,5.5,36598.62,44.0,6.0,No,7.4,10.0,1.0,9.0,5,5.0,0.0,4.0,5.0,No,7.0,Low,Low,Low,-
EMP2427,33.0,Male,Admin,Admin Executive,4.4,33621.94,45.0,31.0,No,6.7,6.0,2.0,8.0,4,3.0,29.0,4.0,5.0,Yes,5.0,Low,Low,Medium,2021-07-29
EMP5185,29.0,Female,R&D,R&D Engineer,2.5,47829.08,51.0,12.0,No,7.1,8.0,1.0,7.0,1,4.0,42.0,4.0,4.0,Yes,6.0,Low,Low,Medium,"May 29, 2022"
EMP1271,43.0,Female,Hr,Hr Generalist,1.3,26640.24,30.0,5.0,Yes,9.0,10.0,1.0,9.0,2,4.0,2.0,1.0,5.0,Yes,7.0,Low,Low,,03-20-2023
EMP5195,44.0,Male,R&D,Data Scientist,3.2,45727.36,37.0,8.0,No,6.4,8.0,1.0,10.0,6,6.0,24.0,2.0,5.0,Yes,7.0,Low,Low,Low,"January 09, 2015"
EMP5792,33.0,Male,Operations,Operations Managre,3.6,43473.46,56.0,21.0,Y,7.6,8.0,1.0,10.0,8,6.0,9.0,2.0,5.0,No,6.0,Low,Low,Low,"March 13, 2023"
EMP5043,41.0,Male,It,System Admin,3.2,28463.12,56.0,13.0,N,6.7,9.0,2.0,8.0,5,6.0,2.0,5.0,5.0,No,7.0,Low,Low,Low,16/09/2021
EMP2995,29.0,Female,R&D,Research Analyst,6.8,40104.86,42.0,1.0,No,8.7,10.0,1.0,8.0,8,7.0,13.0,6.0,5.0,N,6.0,Low,Low,Low,28-Jun-2023
EMP2582,35.0,Male,Hr,Recruiter,2.8,30189.88,47.0,1.0,No,7.2,10.0,2.0,7.0,3,4.0,3.0,4.0,5.0,No,7.0,Low,Low,Low,11-Jun-2024
EMP3716,33.0,Male,Sales,Business Development Executive,7.2,32425.18,37.0,0.0,N,8.2,9.0,1.0,10.0,4,5.0,10.0,3.0,5.0,Y,7.0,Low,Low,Low,01/11/2018
EMP6663,32.0,Female,Sales,Sales Executive,4.8,35191.47,40.0,5.0,N,7.2,10.0,1.0,8.0,7,7.0,2.0,0.0,5.0,No,7.0,Low,Low,Low,04-29-2026
EMP5343,28.0,Female,R&D,Data Scientist,0.2,26889.48,50.0,5.0,Yes,7.8,10.0,1.0,8.0,7,5.0,33.0,3.0,5.0,Yes,7.0,Low,Low,Low,25-Feb-2023
 emp1745 ,33.0,Female,Finance,Accountant,0.8,24084.5,45.0,9.0,Y,7.1,8.0,1.0,9.0,2,5.0,10.0,2.0,5.0,Yes,5.0,Low,Low,Low,2022/12/26
EMP2764,27.0,Male,It,Its Upport,3.6,32648.18,44.0,3.0,No,8.3,9.0,2.0,7.0,6,6.0,3.0,2.0,5.0,No,7.0,Low,Low,Low,11-Mar-2020
EMP5523,29.0,Male,Operations,Operations Manager,0.2,37516.08,43.0,6.0,No,7.7,9.0,1.0,10.0,4,6.0,19.0,1.0,5.0,Yes,7.0,Low,Low,Low,2026-01-14
EMP6380,34.0,Female,Finance,Finance Manager,2.5,54417.15,45.0,2.0,Y,7.4,9.0,2.0,9.0,6,7.0,11.0,0.0,4.0,No,5.0,Low,Low,Low,"March 09, 2019"
EMP1153,31.0,Male,R&D,Data Scientist,0.1,40105.96,37.0,0.0,Yes,7.6,10.0,1.0,8.0,2,5.0,20.0,2.0,5.0,Yes,8.0,Low,Low,Low,06-12-2021
EMP3407,34.0,Male,Admin,Admin Executive,2.5,36747.36,45.0,16.0,Y,7.8,8.0,1.0,9.0,4,5.0,53.0,2.0,5.0,N,6.0,Low,Low,Low,"October 26, 2023"
EMP5106,32.0,Female,-,Logistics Coordinator,7.8,40076.94,45.0,0.0,Yes,7.2,10.0,1.0,10.0,6,4.0,13.0,6.0,5.0,Yes,6.0,Low,Low,Low,2024/02/09
EMP3044,36.0,Male,R&D,Support Team Lead,1.7,28493.36,36.0,5.0,N,7.7,10.0,1.0,8.0,7,8.0,0.0,6.0,5.0,No,7.0,Low,Low,Low,02-05-2019
EMP1825,26.0,Male,Marketing,,2.8,32425.18,41.0,4.0,N,8.2,10.0,2.0,10.0,4,7.0,8.0,4.0,5.0,N,7.0,Low,Low,Low,11-17-2019
EMP2363,34.0,Male,It,Support Team Lead,7.0,37841.31,41.0,2.0,N,6.2,10.0,2.0,7.0,3,5.0,3.0,0.0,5.0,No,7.0,Low,Low,Low,17-Jul-2016
EMP6773,28.0,Male,Hr,Hr Executive,2.6,31631.3,43.0,6.0,No,6.8,9.0,1.0,9.0,6,8.0,3.0,3.0,5.0,Yes,5.0,Low,Low,Low,"December 17, 2021"
EMP6923,23.0,Male,R&D,Data Scientist,0.1,43722.54,43.0,6.0,No,5.9,10.0,1.0,10.0,8,9.0,47.0,3.0,5.0,Y,8.0,Low,Low,Low,02/04/2026
EMP1921,32.0,Female,Admin,Office Manager,0.8,37203.32,48.0,2.0,N,8.1,9.0,3.0,10.0,4,6.0,42.0,4.0,5.0,Y,5.0,Low,Low,Low,2022-05-30
EMP5680,33.0,Male,Hr,Hr Manager,3.0,38206.47,48.0,5.0,Y,6.9,10.0,1.0,7.0,5,5.0,58.0,2.0,5.0,No,7.0,Low,Low,Low,2020/06/04
EMP6216,25.0,Male,H.R.,Hr Generalist,0.4,32094.67,54.0,23.0,No,6.8,7.0,1.0,7.0,2,7.0,1.0,1.0,4.0,Yes,9.0,Low,Low,Low,2025/03/27
EMP4548,23.0,M,Customer Support,Support Team Lead,5.0,33758.86,36.0,0.0,No,8.1,10.0,1.0,7.0,4,5.0,26.0,5.0,4.0,,7.0,Low,Low,Low,2020-02-27
EMP2572,33.0,Female,Hr,Recruietr,5.7,38653.18,38.0,0.0,No,7.0,10.0,1.0,9.0,2,6.0,1.0,1.0,5.0,Y,8.0,Low,Low,Low,01-May-2017
EMP5056,27.0,Other,Sales,Account Manager,1.7,37521.09,45.0,13.0,Y,6.2,8.0,2.0,8.0,6,5.0,0.0,1.0,5.0,No,7.0,Low,Low,Low,-
EMP1843,35.0,Female,Marketing,Marketing Manager,1.4,37290.02,45.0,11.0,N,7.8,9.0,2.0,7.0,5,5.0,9.0,3.0,5.0,N,6.0,Low,Low,Low,2015-05-31
EMP5516,33.0,Male,Operations,Support Team Lead,6.8,35178.02,43.0,0.0,N,7.2,8.0,1.0,9.0,6,6.0,22.0,9.0,5.0,No,8.0,Low,Low,Low,"June 06, 2022"
EMP3464,39.0,Male,Hr,Support Team Lead,5.0,30582.94,45.0,1.0,No,8.1,10.0,1.0,10.0,7,7.0,2.0,1.0,5.0,Yes,8.0,Low,Low,Low,"September 22, 2019"
EMP4909,38.0,Male,Legal,Legal Advisor,6.4,33257.75,39.0,4.0,No,6.5,10.0,1.0,10.0,5,6.0,0.0,1.0,5.0,No,7.0,Low,Low,Low,12-10-2024
EMP6109,30.0,Male,Sales,Account Manager,5.7,32425.18,44.0,9.0,No,7.3,8.0,1.0,8.0,8,7.0,4.0,3.0,5.0,Yes,8.0,Low,Low,Low,-
EMP1360,33.0,Male,Marketing,Content Strategist,4.7,27457.47,41.0,0.0,No,8.0,8.0,2.0,6.0,3,5.0,0.0,4.0,5.0,No,7.0,Low,Low,Low,25/02/2022
EMP1941,32.0,Male,Customer Support,Support Team Lead,7.6,42927.24,49.0,5.0,No,7.1,9.0,1.0,9.0,8,7.0,-7.0,2.0,5.0,No,8.0,Low,Low,Low,"July 19, 2024"
EMP1253,40.0,Female,Admin,Office Manager,1.8,40955.89,40.0,3.0,Yes,6.9,9.0,1.0,8.0,2,4.0,23.0,4.0,5.0,N,7.0,Low,Low,Medium,18-Mar-2026
EMP2892,40.0,Female,Rnd,Data Scientist,2.5,39032.65,44.0,0.0,N,6.8,10.0,1.0,10.0,4,5.0,2.0,1.0,5.0,N,6.0,Low,Low,Low,04-15-2020
EMP5090,34.0,Male,Hr,Auditor,0.8,24463.24,41.0,1.0,N,7.8,10.0,1.0,10.0,8,7.0,10.0,5.0,5.0,Yes,9.0,Low,Low,Low,24/04/2016
 emp1468 ,38.0,Female,It,Software Engineer,7.2,38725.61,47.0,9.0,Yes,7.2,8.0,3.0,9.0,7,7.0,4.0,7.0,5.0,Yes,7.0,Low,Low,Low,2023/08/12
EMP4577,53.0,Female,Sales,Sales Executive,7.1,41614.05,55.0,16.0,Y,6.7,8.0,2.0,7.0,5,5.0,5.0,2.0,5.0,Y,8.0,Low,Low,Low,02-22-2019
EMP5757,34.0,M,Hr,Hr Manager,1.6,34422.98,41.0,2.0,Yes,8.4,10.0,1.0,8.0,5,6.0,4.0,3.0,5.0,N,8.0,Low,Low,Low,"September 07, 2020"
EMP3185,40.0,Female,Hr,Hr Executive,2.5,25274.69,54.0,16.0,No,6.4,6.0,1.0,10.0,7,7.0,18.0,3.0,5.0,N,6.0,Low,Low,Low,26-Jul-2022
EMP4493,33.0,Female,Marketing,Marketing Manager,0.8,38751.4,32.0,2.0,N,7.8,10.0,1.0,10.0,5,6.0,31.0,0.0,5.0,N,10.0,Low,Low,Low,25-Oct-2017
EMP2490,33.0,Female,Customer Support,Support Team Lead,0.6,20933.97,57.0,19.0,Yes,8.2,7.0,1.0,10.0,6,7.0,32.0,3.0,5.0,Yes,7.0,Low,Low,Low,25/06/2022
EMP4575,42.0,Male,Legal,Legal Advisor,7.8,31957.92,32.0,3.0,No,7.8,10.0,1.0,10.0,6,5.0,22.0,2.0,5.0,N,7.0,Low,Low,Low,08/06/2015
EMP2116,35.0,Female,It,Qa Engineer,11.5,47208.75,33.0,0.0,Yes,7.5,10.0,1.0,9.0,6,8.0,10.0,3.0,5.0,No,7.0,Low,Low,Low,2015/11/03
EMP5048,33.0,Male,Hr,Office Manager,4.7,55095.64,45.0,1.0,Yes,6.4,10.0,1.0,9.0,6,4.0,33.0,4.0,4.0,No,6.0,Low,Low,Low,09-01-2017
EMP2899,25.0,Male,Legal,Legal Counsel,7.0,39692.04,38.0,0.0,Yes,7.7,9.0,-3.0,8.0,6,6.0,14.0,3.0,4.0,No,7.0,Low,Low,Low,04-30-2023
EMP4641,36.0,Male,,Support Executive,18.0,54649.76,54.0,6.0,No,7.1,9.0,1.0,9.0,8,7.0,19.0,2.0,5.0,No,7.0,Low,Low,Low,25-Mar-2016
EMP4122,33.0,Male,Hr,Hr Generalist,2.5,26196.35,47.0,10.0,No,8.9,10.0,1.0,10.0,4,5.0,4.0,4.0,5.0,Yes,7.0,Low,Low,Low,14-Nov-2017
EMP6913,39.0,Female,Cust. Support,Customer Success Manager,2.9,44468.29,35.0,0.0,No,6.6,10.0,1.0,10.0,7,7.0,12.0,4.0,5.0,No,7.0,Low,Low,Low,"June 26, 2025"
EMP6721,30.0,Male,Operations,Operations Manager,0.8,36760.11,40.0,4.0,No,9.0,10.0,1.0,9.0,5,5.0,10.0,3.0,5.0,No,7.0,Low,Low,Low,04-19-2024
EMP2838,27.0,Female,Finance,Finance Manager,0.1,37826.39,35.0,1.0,Yes,6.6,9.0,2.0,7.0,6,5.0,14.0,3.0,5.0,No,7.0,Low,Low,Low,20/07/2022
EMP2844,33.0,Male,R&D,R&D Engineer,1.8,24862.74,42.0,10.0,No,7.0,9.0,1.0,9.0,6,6.0,22.0,2.0,5.0,No,8.0,Low,Low,Low,"May 26, 2026"
EMP3272,44.0,Female,Legal,Support Team Lead,0.1,22034.32,41.0,0.0,Yes,6.7,9.0,1.0,10.0,6,7.0,67.0,4.0,5.0,N,7.0,Low,Low,Low,25/09/2022
EMP2616,26.0,Male,Hr,Support Executive,2.5,29399.5,48.0,13.0,Yes,8.0,8.0,1.0,10.0,6,6.0,5.0,5.0,5.0,N,6.0,Low,Low,Low,04-Feb-2017
EMP4650,45.0,Female,Hr,Hr Executive,6.3,34975.89,53.0,17.0,No,6.4,8.0,2.0,7.0,7,6.0,0.0,1.0,5.0,-,7.0,Low,Low,,23-Jul-2016
EMP2189,29.0,Male,R&D,R&D Engineer,11.0,39439.17,51.0,14.0,No,7.3,9.0,1.0,10.0,6,7.0,43.0,4.0,5.0,No,7.0,Low,Low,Low,"June 27, 2024"
EMP1345,26.0,Male,Legal,Legal Counsel,5.2,29368.88,40.0,7.0,Yes,7.4,9.0,1.0,8.0,4,6.0,11.0,3.0,5.0,No,8.0,Low,Low,Low,09/09/2018
EMP2988,38.0,Male,Hr,Financial Analyst,3.9,25676.02,44.0,6.0,No,7.2,9.0,2.0,8.0,7,6.0,3.0,-4.0,5.0,No,7.0,Low,Low,Low,2025/05/01
EMP2573,32.0,Male,R&D,Data Scientist,4.4,40308.73,49.0,11.0,No,7.0,8.0,1.0,10.0,6,7.0,6.0,1.0,5.0,Yes,7.0,Low,Low,Low,"September 17, 2016"
EMP1995,26.0,Male,Admin,Front Desk Executive,1.8,22922.88,41.0,0.0,Y,8.1,9.0,1.0,7.0,6,6.0,12.0,3.0,5.0,N,7.0,Low,Low,Low,10-13-2019
EMP6969,43.0,-,Sales,Sales Executive,0.9,22882.26,52.0,20.0,No,7.5,6.0,1.0,9.0,5,6.0,10.0,3.0,5.0,No,8.0,Low,Low,Low,10-01-2019
EMP6009,37.0,Female,Hr,Hr Generalist,11.7,39354.54,43.0,9.0,No,6.8,10.0,1.0,9.0,4,5.0,6.0,2.0,5.0,Y,7.0,Low,Low,Low,2022-04-09
EMP4940,20.0,M,Operations,Logistics Coordinator,2.0,23831.84,49.0,5.0,No,7.8,9.0,2.0,8.0,5,7.0,8.0,3.0,5.0,N,9.0,Low,Low,Low,09-15-2024
EMP3034,24.0,Female,It,System Admin,6.0,32425.18,45.0,2.0,No,7.2,9.0,1.0,9.0,9,6.0,20.0,3.0,5.0,Yes,8.0,Low,Low,Low,08-Feb-2020
EMP3128,23.0,F,Legal,Legal Advisor,0.9,32147.43,33.0,0.0,N,7.6,7.0,1.0,9.0,3,6.0,4.0,7.0,5.0,No,8.0,Low,Low,Low,"March 17, 2020"
EMP4223,34.0,Male,Operations,Logistics Coordinator,8.5,36001.29,47.0,12.0,Yes,8.2,8.0,1.0,10.0,6,6.0,6.0,3.0,5.0,No,7.0,Low,Low,Low,-
EMP2894,36.0,Female,Customer Support,Customer Success Manager,1.0,32567.83,45.0,6.0,Yes,7.0,9.0,3.0,9.0,6,5.0,9.0,1.0,5.0,N,6.0,Low,Low,Low,22-Apr-2015
EMP5916,35.0,Female,Hr,Hr Manager,2.5,36767.96,45.0,6.0,Yes,7.2,9.0,1.0,10.0,4,4.0,10.0,3.0,5.0,Yes,9.0,Low,Low,Low,08-Jun-2016
EMP2355,31.0,Male,Cust. Support,Customer Success Manager,1.4,38749.43,45.0,8.0,No,6.9,10.0,1.0,9.0,4,7.0,32.0,-13.0,5.0,No,7.0,Low,Low,Low,2021-09-20
EMP2063,40.0,Male,Marketing,Seo Specialist,2.1,31800.56,61.0,31.0,No,7.3,7.0,2.0,9.0,,5.0,12.0,4.0,4.0,N,6.0,Low,Low,Low,14/01/2020
EMP6879,33.0,Male,Operations,Operations Manager,1.2,37301.36,45.0,4.0,No,6.4,9.0,1.0,9.0,3,7.0,16.0,2.0,5.0,No,7.0,Low,Low,Low,"August 15, 2016"
EMP4288,20.0,Female,Legal,Legal Counsel,2.0,36880.77,30.0,3.0,Yes,6.6,10.0,2.0,8.0,6,6.0,15.0,4.0,5.0,N,6.0,Low,Low,Low,"November 06, 2022"
EMP4949,42.0,Female,H.R.,Hr Generalist,0.9,25994.95,35.0,4.0,Y,6.7,9.0,2.0,10.0,8,8.0,10.0,1.0,5.0,No,7.0,Low,Low,Low,05-31-2020
EMP6948,35.0,Female,R&D,R&D Engineer,0.6,19460.61,57.0,5.0,No,7.2,8.0,1.0,7.0,7,5.0,33.0,3.0,5.0,Y,7.0,Low,Low,Low,10-13-2024
EMP3385,40.0,Male,Marketing,Marketing Executive,1.9,20474.87,45.0,6.0,Yes,8.0,9.0,1.0,10.0,4,6.0,19.0,4.0,4.0,No,7.0,Low,Low,Low,2022/03/02
EMP1095,30.0,Female,Admin,Admin Executive,3.0,31526.33,34.0,3.0,Yes,6.8,9.0,1.0,10.0,7,6.0,21.0,2.0,5.0,No,9.0,Low,Low,Low,26/07/2017
EMP2713,33.0,Male,R&D,Research Analyst,1.0,22773.86,46.0,6.0,No,6.2,10.0,2.0,9.0,-,9.0,0.0,2.0,5.0,No,7.0,Low,Low,Low,"August 06, 2024"
EMP3182,25.0,Other,It,-,2.1,19008.07,42.0,5.0,No,7.8,9.0,1.0,9.0,6,7.0,4.0,5.0,5.0,N,6.0,Low,Low,Low,2024/11/19
EMP5420,40.0,Female,Legal,Legal Advisor,9.1,41650.3,40.0,0.0,Yes,6.7,9.0,1.0,7.0,7,7.0,17.0,2.0,5.0,No,8.0,Low,Low,Low,"August 19, 2022"
EMP5200,36.0,Female,Admin,Front Desk Executive,1.9,23898.17,52.0,11.0,No,7.3,9.0,1.0,9.0,7,6.0,13.0,3.0,5.0,Yes,6.0,Low,Low,Low,2023-03-08
EMP2772,40.0,Male,Legal,Compliance Officer,3.6,35457.56,38.0,0.0,Yes,8.7,10.0,1.0,10.0,7,8.0,41.0,2.0,5.0,Yes,6.0,Low,Low,Low,2025-08-16
EMP3927,33.0,M,Customer Support,Support Team Lead,2.5,38457.79,46.0,6.0,No,8.3,9.0,1.0,7.0,7,7.0,28.0,4.0,5.0,N,7.0,Low,Low,Low,29/01/2016
EMP1913,29.0,Male,Admin,Front Desk Executive,7.0,32425.18,45.0,0.0,No,7.9,10.0,1.0,10.0,4,8.0,30.0,3.0,5.0,Yes,7.0,Low,Low,Low,-
EMP2112,30.0,Female,Operations,Operationsm Anager,5.5,42343.09,34.0,7.0,Y,6.1,10.0,1.0,10.0,7,8.0,48.0,0.0,5.0,Yes,9.0,Low,Low,Low,05-Jan-2016
EMP3647,33.0,Female,Admin,Admin Executive,1.9,25769.65,51.0,10.0,,7.5,9.0,1.0,10.0,5,8.0,17.0,3.0,4.0,No,7.0,Low,Low,Low, 
EMP5028,38.0,Male,Finance,Support Team Lead,6.0,48366.12,37.0,0.0,No,7.1,9.0,1.0,10.0,6,7.0,10.0,5.0,4.0,Y,6.0,Low,Low,Low,05-27-2024
EMP4591,39.0,Female,Marketting,Content Strategist,5.6,40065.09,40.0,0.0,No,8.1,9.0,2.0,7.0,4,6.0,10.0,3.0,5.0,Yes,8.0,Low,Low,Low,2015-10-11
EMP6053,35.0,F,It,Software Engineer,2.5,26205.21,40.0,0.0,N,7.2,10.0,1.0,8.0,6,6.0,5.0,4.0,5.0,Y,7.0,Low,Low,Low,09/04/2016
EMP5844,43.0,Male,Legal,Legal Counsel,11.6,34073.31,45.0,36.0,N,5.8,5.0,1.0,8.0,7,7.0,3.0,-7.0,5.0,Yes,8.0,Low,Low,Low,17/02/2024
EMP2345,48.0,Male,It,Qa Engineer,0.2,32425.18,45.0,0.0,No,7.9,10.0,1.0,10.0,5,9.0,26.0,3.0,5.0,Yes,6.0,Low,Low,Low,08-07-2016
EMP6817,30.0,Female,Sales,Sales Manager,0.6,30909.79,39.0,0.0,Yes,7.5,9.0,1.0,9.0,7,7.0,7.0,4.0,5.0,No,9.0,Low,Low,Low,"September 02, 2020"
EMP3196,25.0,Male,Legal,Legal Advisor,2.5,32533.36,38.0,0.0,N,8.3,10.0,1.0,8.0,4,8.0,1.0,2.0,5.0,N,9.0,Low,Low,Low,-
EMP5188,33.0,Male,Research And Development,Research Analyst,1.6,22830.93,49.0,5.0,N,7.0,8.0,2.0,7.0,6,4.0,1.0,5.0,5.0,Yes,5.0,Low,Low,Low,12-24-2019
EMP4688,37.0,Female,Marketing,Seo Specialist,4.1,32425.18,43.0,5.0,Y,7.1,10.0,1.0,9.0,9,8.0,9.0,3.0,5.0,N,10.0,Low,Low,Low,2018/07/16
EMP3687,30.0,F,Sales,Sales Executive,8.1,32425.18,55.0,7.0,No,8.1,9.0,1.0,10.0,7,6.0,0.0,3.0,5.0,Y,7.0,Low,Low,Low,"April 03, 2016"
EMP1830,32.0,Male,Sales,Account Manager,0.6,33226.84,59.0,14.0,No,7.2,8.0,1.0,10.0,3,5.0,17.0,3.0,5.0,Yes,7.0,Low,Low,Low,-
EMP4693,28.0,Male,Operations,Operations Manager,0.6,45805.01,46.0,7.0,No,7.5,9.0,3.0,9.0,10,8.0,6.0,5.0,5.0,No,8.0,Low,Low,Low,02-02-2021
EMP3978,46.0,Male,Marketing,Marketing Executive,6.1,40548.51,59.0,5.0,No,6.6,7.0,3.0,10.0,5,6.0,5.0,4.0,5.0,,7.0,Medium,Low,Low,2023/04/08
EMP3406,44.0,Male,R&D,Data Scientist,0.5,31612.23,44.0,5.0,Yes,8.3,9.0,1.0,9.0,5,9.0,15.0,5.0,5.0,No,8.0,-,Low,Low,2022-08-28
EMP5947,33.0,Female,Operations,Support Team Lead,3.6,30351.21,45.0,9.0,No,7.4,8.0,2.0,8.0,6,7.0,10.0,4.0,5.0,No,9.0,Low,Low,Low,2023-03-05
EMP3067,34.0,Male,Sales,Sales Executive,0.7,23043.85,63.0,5.0,No,6.9,7.0,2.0,5.0,7,5.0,7.0,3.0,5.0,No,6.0,Low,Low,Low,2015-05-13
EMP1214,33.0,Female,Customer Support,Support Team Lead,5.2,47159.7,48.0,11.0,Yes,6.8,8.0,1.0,10.0,7,8.0,10.0,-6.0,5.0,Yes,8.0,Low,Low,Low,04-14-2022
EMP6820,29.0,Female,Finance,Accountant,0.7,25580.65,49.0,8.0,No,4.8,9.0,1.0,9.0,5,7.0,3.0,5.0,5.0,N,8.0,Low,Low,Low,03-08-2020
EMP2066,33.0,Male,Marketing,Marketing Manager,3.2,41055.12,30.0,0.0,No,7.9,10.0,1.0,10.0,7,8.0,0.0,3.0,5.0,Y,8.0,Low,Low,Low,"February 11, 2023"
EMP3939,32.0,Male,Fiannce,Financial Analyst,0.0,24986.95,41.0,0.0,No,7.3,8.0,2.0,10.0,5,7.0,17.0,3.0,5.0,N,6.0,Low,Low,Low,24-Feb-2020
EMP6344,40.0,Male,Admin,Office Manager,0.4,41698.44,42.0,2.0,Yes,8.3,9.0,1.0,10.0,8,8.0,1.0,2.0,5.0,No,8.0,Low,Low,Low,26-Nov-2022
EMP6115,43.0,Male,It,System Admin,0.6,17252.72,48.0,6.0,No,8.1,10.0,1.0,10.0,5,6.0,3.0,3.0,5.0,Yes,9.0,Low,Low,Low,2020/06/29
EMP3548,22.0,Male,Legal,Compliance Officer,1.0,21968.43,50.0,4.0,Yes,9.0,8.0,2.0,8.0,6,7.0,3.0,3.0,5.0,No,7.0,Low,Low,Low,25/03/2024
EMP6218,34.0,Female,Information Technology,Devops Engineer,2.5,32388.5,50.0,10.0,N,6.2,7.0,1.0,8.0,3,7.0,10.0,7.0,5.0,No,8.0,Low,Low,Low,2015/11/04
EMP6163,32.0,F,Finance,Financial Analyst,2.5,35581.17,46.0,15.0,N,7.6,9.0,1.0,9.0,8,7.0,5.0,2.0,5.0,N,6.0,Low,Low,Low,-
EMP3553,22.0,F,Hr,Hr Manager,0.7,40993.91,45.0,4.0,Yes,7.9,10.0,1.0,10.0,4,6.0,1.0,2.0,4.0,Yes,7.0,Low,Low,Low,24-Jan-2015
EMP3784,30.0,Male,Hr,Hr Manager,2.5,36812.06,45.0,3.0,No,7.0,10.0,1.0,10.0,5,7.0,28.0,5.0,5.0,N,6.0,Low,Low,Low,"April 05, 2017"
EMP4023,33.0,Female,Sales,Sales Executive,0.4,31899.11,59.0,22.0,Y,7.3,7.0,2.0,9.0,8,8.0,0.0,4.0,5.0,No,8.0,Low,Low,Low,02-20-2016
EMP1165,41.0,Male,Finance,Finance Manager,0.5,32516.62,53.0,17.0,No,5.2,7.0,2.0,8.0,9,7.0,10.0,2.0,5.0,N,7.0,Low,Low,Low,-
EMP1201,20.0,Male,Marketing,Content Strategist,2.0,35894.09,36.0,3.0,No,6.9,10.0,1.0,9.0,5,6.0,11.0,5.0,5.0,N,5.0,Low,Low,Low,"August 04, 2015"
EMP5941,30.0,-,Hr,Recruiter,1.0,25174.8,46.0,1.0,Yes,6.4,9.0,1.0,7.0,5,6.0,8.0,2.0,5.0,No,9.0,Low,Low,Low,01-27-2019
EMP5334,32.0,Male,Sales,Sales Executive,10.1,40624.36,38.0,0.0,No,6.5,8.0,1.0,10.0,6,6.0,3.0,3.0,5.0,-,8.0,Low,Low,Low,27-Mar-2017
EMP1985,45.0,Male,Marketing,Marketing Manager,3.8,32345.41,30.0,0.0,N,7.7,10.0,1.0,10.0,6,8.0,13.0,4.0,5.0,N,7.0,Low,Low,Low,22-Jan-2023
EMP5648,36.0,Male,Admin,,2.9,34630.53,46.0,7.0,Y,6.0,9.0,1.0,10.0,5,6.0,9.0,3.0,5.0,N,6.0,Low,Low,Low,2025/01/23
EMP3713,29.0,Female,Sales,Business Development Executive,6.2,31816.23,33.0,0.0,No,7.2,9.0,1.0,10.0,6,6.0,31.0,1.0,5.0,No,8.0,Low,Low,Low,"August 12, 2024"
EMP2991,33.0,Male,Hr,Hr Generalist,11.7,45337.23,52.0,15.0,Yes,5.4,9.0,1.0,10.0,6,4.0,12.0,2.0,5.0,Yes,5.0,Low,Low,Low,"October 05, 2016"
EMP1798,26.0,,Hr,Hr Executive,1.4,29742.71,45.0,28.0,Yes,6.8,6.0,1.0,10.0,10,7.0,10.0,2.0,5.0,Y,6.0,Low,Low,Low,16-Oct-2022
EMP6590,27.0,Female,Finance,Auditor,2.1,28940.24,39.0,0.0,No,8.9,9.0,1.0,10.0,6,5.0,3.0,3.0,5.0,No,5.0,Low,Low,Low,2016/04/15
EMP6650,20.0,Female,Marketing,Marketing Manager,2.0,43851.07,40.0,4.0,No,7.9,10.0,1.0,10.0,3,5.0,13.0,3.0,5.0,No,6.0,Low,Low,Low,30/03/2016
EMP4469,36.0,Male,Customer Support,Support Executive,3.1,33320.77,50.0,15.0,Yes,5.5,7.0,2.0,8.0,6,6.0,0.0,4.0,5.0,Yes,5.0,Low,Low,Low,27/07/2016
EMP2819,36.0,Male,It,System Admin,3.0,33179.74,53.0,16.0,Yes,7.2,8.0,1.0,9.0,8,7.0,0.0,4.0,5.0,No,7.0,Low,Low,Low,-
EMP2644,37.0,Male,Operations,Operations Executive,8.0,42955.94,45.0,2.0,No,7.3,9.0,1.0,9.0,7,8.0,0.0,3.0,5.0,Y,6.0,Low,Low,Low,-
EMP2280,45.0,Female,Admin,Office Manager,3.2,32183.37,38.0,1.0,No,8.5,9.0,1.0,9.0,10,7.0,12.0,3.0,5.0,Y,8.0,Low,Low,Low,07-May-2016
EMP2399,29.0,Male,Ops,-,1.0,34831.48,40.0,0.0,Yes,6.8,9.0,1.0,7.0,7,7.0,19.0,2.0,5.0,No,7.0,Low,Low,Low,27/07/2020
EMP3671,32.0,Male,Hr,Hr Generalist,0.7,22621.16,45.0,12.0,N,7.1,7.0,1.0,8.0,2,5.0,1.0,5.0,5.0,N,8.0,Low,Low,Medium,24/03/2016
EMP1048,34.0,Female,Legal,Legal Advisor,1.7,19715.63,45.0,3.0,No,7.3,10.0,2.0,7.0,6,5.0,1.0,1.0,5.0,No,7.0,Low,Low,Low,28/04/2017
EMP2254,35.0,-,Operations,Support Team Lead,4.5,40461.39,45.0,5.0,No,7.6,7.0,1.0,8.0,6,9.0,10.0,6.0,5.0,N,7.0,Low,Low,Low,22-Aug-2017
EMP6583,26.0,Female,Hr,Hr Executive,8.0,35891.35,48.0,16.0,N,6.4,10.0,1.0,9.0,10,6.0,3.0,3.0,5.0,No,8.0,Low,Low,Low,06-13-2021
EMP5524,40.0,Female,Hr,Compliance Officer,7.5,29332.04,47.0,0.0,No,6.8,10.0,1.0,10.0,6,7.0,0.0,0.0,5.0,Yes,7.0,Low,Low,Low,-
EMP4263,36.0,Male,Finance,Accountant,5.9,31738.73,34.0,0.0,Yes,9.0,10.0,1.0,8.0,6,7.0,22.0,2.0,4.0,N,7.0,Low,Low,Low,08-Jan-2016
EMP1366,48.0,Female,Sales,Support Team Lead,3.8,25163.51,41.0,0.0,No,6.1,10.0,2.0,9.0,4,5.0,6.0,1.0,5.0,No,6.0,Low,Low,Low,03/01/2018
EMP3162,31.0,Female,Admin,Admin Executive,11.7,32425.18,63.0,36.0,Yes,6.3,6.0,2.0,9.0,9,7.0,17.0,3.0,5.0,No,7.0,Low,Low,Low,05-20-2026
EMP5918,37.0,Male,Hr,Hr Generalist,5.2,40190.87,45.0,1.0,No,8.2,10.0,1.0,8.0,10,6.0,25.0,6.0,5.0,No,7.0,Low,Low,Low,09-11-2019
EMP2378,36.0,Male,R&D,Research Analyst,2.5,36796.38,45.0,3.0,No,6.9,10.0,1.0,9.0,-,6.0,2.0,3.0,5.0,N,8.0,Low,Low,Low,08-14-2018
EMP3843,41.0,Female,Hr,Hr Generalist,5.9,32425.18,43.0,7.0,N,8.0,10.0,1.0,9.0,5,7.0,23.0,5.0,5.0,No,7.0,Low,Low,Low,2023/10/30
EMP3944,40.0,Male,Customer Support,Support Executive,6.2,34616.42,45.0,15.0,No,6.7,7.0,1.0,9.0,9,7.0,1.0,3.0,5.0,Y,5.0,Low,Low,Low,10/02/2023
EMP4144,31.0,M,Administration,Office Manager,4.9,41313.01,50.0,5.0,Yes,6.9,10.0,1.0,7.0,3,5.0,10.0,4.0,5.0,No,7.0,Low,Low,Low,"September 27, 2023"
EMP4874,33.0,Female,Sale,Support Team Lead,5.0,32425.18,37.0,0.0,No,7.4,9.0,1.0,10.0,10,8.0,47.0,6.0,5.0,No,7.0,Low,Low,Low,2024-02-27
EMP4183,49.0,Female,Marketing,Marketing Manager,2.5,32425.18,35.0,0.0,Yes,6.6,9.0,1.0,9.0,6,7.0,100.0,0.0,5.0,No,6.0,Low,Low,Low,04-Nov-2018
EMP6318,35.0,Male,It,Devosp Engineer,3.0,33647.73,45.0,6.0,Yes,6.8,8.0,1.0,10.0,6,8.0,10.0,1.0,5.0,No,9.0,Low,Low,Low,07-Aug-2017
EMP6811,32.0,Male,Marketing,Marketing Executive,6.2,40977.13,49.0,7.0,Y,7.7,9.0,1.0,8.0,3,5.0,8.0,2.0,5.0,Yes,8.0,Low,Low,Low,06-18-2026
EMP5610,33.0,Female,R&D,Data Scientist,8.7,47992.34,45.0,13.0,N,6.8,10.0,1.0,9.0,5,5.0,19.0,1.0,5.0,No,7.0,Low,Low,Low,10-19-2024
EMP2431,28.0,Female,Marketing,Marketing Manager,0.3,29806.33,51.0,5.0,No,6.3,7.0,2.0,9.0,7,7.0,3.0,3.0,5.0,Yes,7.0,Low,Low,Low,19/08/2024
EMP3763,39.0,Male,Admin,Admin Executive,1.2,35914.02,42.0,7.0,No,8.7,10.0,1.0,9.0,6,5.0,14.0,4.0,5.0,N,6.0,Low,Low,Low,2024-08-08
EMP2699,26.0,Male,R&D,Data Scientist,2.3,46755.06,41.0,0.0,,7.2,10.0,1.0,9.0,1,5.0,10.0,4.0,5.0,No,8.0,Low, ,,03-20-2019
EMP6768,40.0,Male,Operations,Operations Manager,2.2,32793.58,43.0,9.0,No,7.2,8.0,1.0,9.0,8,6.0,5.0,4.0,5.0,Yes,7.0,Low,Low,Low,"July 20, 2022"
EMP5572,33.0,Female,Marketing,Seo Specialsit,2.5,30483.38,44.0,5.0,Yes,5.8,9.0,1.0,10.0,6,7.0,4.0,2.0,5.0,Yes,7.0,Low,Low,Low,09-15-2018
EMP4143,25.0,Female,Hr,Hr Manager,4.1,43970.32,45.0,16.0,No,8.2,8.0,1.0,10.0,5,7.0,1.0,4.0,5.0,Yes,9.0,Low,Low,Low,2016-04-13
EMP4001,32.0,-,Finance,Accountant,0.6,32428.39,43.0,0.0,No,7.0,10.0,1.0,9.0,6,6.0,3.0,5.0,5.0,N,7.0,Low,Low,Low,04-07-2024
EMP3910,40.0,Female,Marketing,Content Strategist,0.4,24211.45,39.0,0.0,Yes,9.0,8.0,2.0,10.0,2,6.0,4.0,2.0,5.0,N,8.0,Low,Low,Low,-
EMP1503,47.0,M,Marketing,Content Strategist,3.3,25717.21,47.0,5.0,Yes,7.1,10.0,1.0,9.0,6,7.0,5.0,2.0,5.0,N,6.0,Low,Low,Low,11-Jun-2017
EMP2695,33.0,Female,Finance,Support Team Lead,10.4,33390.08,51.0,13.0,Y,6.4,9.0,1.0,8.0,5,8.0,17.0,1.0,4.0,No,7.0,Low,Low,Low,"October 07, 2019"
EMP5977,42.0,Male,Hr,Sales Executive,3.1,31339.29,36.0,5.0,No,8.1,10.0,1.0,9.0,8,6.0,11.0,3.0,5.0,No,7.0,Low,Low,Low,09-13-2023
EMP3236,31.0,-,Hr,Recruiter,0.8,28069.12,38.0,0.0,No,7.0,10.0,1.0,8.0,6,5.0,10.0,3.0,5.0,,7.0,Low,Low,,2018/06/30
EMP5826,20.0,F,It,Software Engineer,2.0,34837.66,45.0,10.0,No,7.4,10.0,1.0,9.0,9,7.0,1.0,5.0,5.0,No,9.0,Low,Low,Low,2017/10/22
EMP1937,31.0,Female,Customer Support,Support Team Lead,4.3,41605.83,45.0,0.0,No,6.3,9.0,1.0,9.0,6,6.0,5.0,0.0,5.0,No,7.0,Low,Low,Low,21-Nov-2018
EMP6892,33.0,Male,R&D,,0.1,21532.0,51.0,4.0,Yes,6.2,10.0,3.0,7.0,3,7.0,1.0,3.0,5.0,Yes,5.0,Low,Low,Low,-
EMP6863,32.0,Male,Hr,Hr Executive,0.0,23711.28,34.0,0.0,Yes,6.9,9.0,1.0,8.0,7,7.0,5.0,3.0,5.0,N,6.0,Low,Low,Low,26-Jan-2020
EMP4715,43.0,Female,Marketing,Marketing Manager,0.7,42308.91,47.0,9.0,No,7.7,7.0,1.0,8.0,6,5.0,1.0,2.0,5.0,No,8.0,Low,Low,Low, 
EMP2657,28.0,Male,Marketing,Seo Specialist,6.1,34822.0,41.0,8.0,No,7.2,9.0,2.0,9.0,3,6.0,25.0,4.0,5.0,Yes,7.0,Low,Low,Low,01-31-2026
EMP5364,20.0,Other,Sales,Business Development Executive,2.0,33013.74,45.0,2.0,Yes,7.0,9.0,2.0,10.0,5,6.0,9.0,5.0,5.0,Yes,6.0,Low,Low,Low,2022/01/11
EMP3356,36.0,M,Operations,Logistics Coordinator,1.8,18029.22,52.0,15.0,-,7.3,9.0,1.0,10.0,5,5.0,2.0,2.0,5.0,N,6.0,Low,Low,Low,2017-05-21
EMP2002,48.0,Female,R&D,Data Scientist,2.5,51151.34,50.0,17.0,N,6.6,7.0,2.0,8.0,5,5.0,3.0,2.0,5.0,No,6.0,Low,Low,Low,2021-10-03
EMP2647,28.0,Male,Admin,Office Manager,9.4,54631.54,45.0,8.0,Yes,6.9,10.0,1.0,10.0,6,6.0,4.0,4.0,4.0,N,7.0,Low,Low,Low,2019/04/28
EMP1978,28.0,F,Sales,Business Development Executive,0.3,29055.21,52.0,13.0,Y,6.6,7.0,1.0,10.0,4,6.0,0.0,3.0,5.0,No,6.0,Low,Low,Low,06-Nov-2015
EMP5985,33.0,Female,Operations,Operations Manager,2.0,32425.18,39.0,0.0,No,7.1,10.0,1.0,7.0,7,5.0,2.0,1.0,5.0,N,8.0,Low,Low,Low,"December 10, 2015"
EMP3673,22.0,Female,Sale,Business Development Executive,4.0,35832.11,47.0,12.0,Yes,6.6,8.0,1.0,10.0,7,7.0,8.0,0.0,5.0,Y,7.0,Low,Low,Low, 
EMP5203,30.0,Female,Sales,Sales Executive,4.9,32425.18,41.0,1.0,-,8.4,9.0,1.0,10.0,7,8.0,10.0,2.0,5.0,Yes,7.0,Low,Low,Low,08-15-2018
EMP4855,35.0,Female,Marketing,Content Strategist,1.4,32425.18,41.0,2.0,No,7.2,9.0,1.0,10.0,5,6.0,42.0,3.0,5.0,No,9.0,Low,Low,Low,-
EMP6651,34.0,Male,R&D,Support Team Lead,0.9,35061.32,45.0,10.0,No,7.3,9.0,2.0,10.0,6,6.0,0.0,4.0,5.0,N,7.0,Low,Low,Low,10-08-2016
EMP4823,31.0,M,Admin,Front Desk Executive,5.9,32425.18,40.0,5.0,Y,7.1,10.0,1.0,10.0,6,8.0,2.0,1.0,4.0,Y,8.0,Low,Low,Low,14/08/2025
EMP6058,33.0,Male,Legal,Legal Advisor,0.2,24516.97,39.0,4.0,No,7.2,10.0,1.0,9.0,6,6.0,24.0,4.0,5.0,Y,7.0,Low,Low,Low,03/07/2018
EMP5553,34.0,Female,Customer Support,Support Executive,2.2,22943.09,46.0,1.0,N,8.8,10.0,1.0,8.0,,7.0,14.0,0.0,5.0,Yes,7.0,Low,Low,Low,05-May-2022
EMP4323,32.0,Male,Customer Support,Support Team Lead,0.3,30906.67,45.0,11.0,No,8.4,10.0,1.0,10.0,5,7.0,2.0,1.0,5.0,N,8.0,Low,Low,Low,21-Apr-2022
EMP3754,28.0,Male,Admin,Office Manager,2.5,50510.7,41.0,0.0,No,7.7,9.0,1.0,10.0,6,7.0,4.0,4.0,5.0,Yes,9.0,Low,Low,Low,12/06/2017
EMP1576,33.0,Female,Sales,Support Team Lead,2.4,27295.4,45.0,4.0,N,6.9,10.0,1.0,10.0,3,5.0,0.0,4.0,5.0,No,8.0,Low,Low,Low,03-11-2015
EMP4342,29.0,Male,Hr,-,6.4,34153.17,55.0,12.0,No,7.2,9.0,1.0,9.0,4,6.0,10.0,1.0,5.0,Yes,9.0,Low,Low,Low,25/05/2021
EMP3140,25.0,Female,Sale,Account Manager,6.2,44133.96,42.0,2.0,No,6.3,10.0,1.0,9.0,8,8.0,7.0,3.0,5.0,No,9.0,Low,Low,Low,"May 02, 2025"
EMP1816,33.0,Female,Customer Support,Support Executive,2.5,23238.36,43.0,0.0,Yes,6.3,9.0,1.0,10.0,5,5.0,29.0,3.0,5.0,Y,6.0,Low,Low,Low,03-Jan-2024
EMP6117,20.0,Male,Customer Support,Support Executive,2.0,26991.5,59.0,20.0,No,6.9,7.0,15.0,10.0,2,4.0,10.0,3.0,5.0,Yes,8.0,Low,Low,Medium,2024/07/07
EMP5459,24.0,Male,Admin,Support Team Lead,5.0,33084.34,57.0,5.0,N,6.9,8.0,2.0,9.0,6,6.0,50.0,3.0,5.0,No,8.0,Low,Low,Low,2016-01-17
EMP3917,34.0,Male,Hr,Hr Execuitve,6.0,32817.05,34.0,4.0,Yes,8.5,10.0,1.0,9.0,8,7.0,3.0,3.0,5.0,Yes,9.0,Low,Low,Low,19-Feb-2025
EMP1142,35.0,Male,R&D,Support Team Lead,2.9,25760.03,37.0,-1.0,Yes,8.2,9.0,2.0,8.0,3,5.0,18.0,5.0,5.0,No,9.0,Low,Low,Low,"August 09, 2023"
EMP3024,39.0,Male,Hr,Recruiter,2.5,28634.67,37.0,2.0,No,8.5,9.0,1.0,10.0,6,8.0,21.0,3.0,5.0,No,9.0,Low,Low,Low, 
EMP3210,37.0,Male,R&D,Research Analyst,2.5,27736.66,45.0,8.0,Yes,6.6,8.0,1.0,7.0,8,7.0,3.0,1.0,4.0,No,6.0,Low,Low,Low,07-08-2025
EMP1333,39.0,Male,Legal,Legal Counsel,8.2,32687.94,37.0,0.0,N,6.4,10.0,1.0,6.0,7,9.0,22.0,3.0,5.0,No,6.0,Low,Low,Low,04-23-2026
EMP1861,27.0,Female,Admin,Admin Executive,1.7,25013.38,48.0,-17.0,No,7.4,9.0,1.0,10.0,8,8.0,6.0,4.0,5.0,Y,8.0,Low,Low,Low,08-02-2015
EMP5712,33.0,Male,Customer Support,Support Team Lead,2.0,36749.48,46.0,9.0,Yes,7.6,8.0,2.0,7.0,9,7.0,4.0,3.0,5.0,N,7.0,Low,Low,Low,04/09/2022
EMP4710,47.0,Male,Operations,Logistics Coordinator,1.6,30259.03,36.0,0.0,No,7.0,10.0,1.0,10.0,4,7.0,20.0,3.0,5.0,No,5.0,Low,Low,Low,2020/09/04
EMP4354,47.0,Female,Hr,Recruiter,0.7,22787.81,37.0,0.0,-,6.9,10.0,1.0,10.0,10,7.0,5.0,3.0,5.0,No,7.0,Low,Low,Low,2021/09/03
EMP1570,28.0,Female,Finance,Financial Analyst,0.4,32425.18,44.0,0.0,N,7.7,10.0,1.0,10.0,6,7.0,10.0,5.0,5.0,No,8.0,Low,Low,Low,06-20-2019
EMP5423,39.0,Male,Admin,Front Desk Executive,5.0,30861.8,45.0,7.0,No,7.3,9.0,1.0,9.0,9,9.0,7.0,3.0,5.0,Yes,7.0,,Low,Low,"May 15, 2015"
EMP2814,25.0,Male,Marketing,Seo Specialist,1.2,27370.91,53.0,8.0,Yes,6.2,9.0,1.0,10.0,3,5.0,31.0,3.0,5.0,No,8.0,Low,Low,Low,"February 07, 2020"
EMP2180,48.0,Female,Operations,Operations Executive,1.1,25033.98,41.0,0.0,No,7.1,10.0,1.0,9.0,9,7.0,11.0,5.0,5.0,No,7.0,Low,Low,Low,26-Sep-2017
EMP3627,32.0,Female,Hr,Sales Executive,7.7,33660.02,42.0,0.0,N,7.2,9.0,2.0,10.0,9,8.0,11.0,3.0,5.0,Y,7.0,Low,Low,Low,"April 11, 2021"
EMP2401,32.0,Male,R&D,Research Analyst,8.5,35716.87,43.0,3.0,No,7.4,10.0,1.0,9.0,3,7.0,2.0,2.0,5.0,Yes,8.0,Low,Low,Low,05-Mar-2018
EMP3905,31.0,Male,Operations,Operations Executive,1.6,25772.83,39.0,1.0,No,8.9,10.0,1.0,9.0,7,6.0,4.0,10.0,5.0,No,7.0,Low,Low,Low,10-27-2017
EMP1925,38.0,Female,Legal,,5.8,31126.63,39.0,0.0,N,7.8,9.0,1.0,10.0,7,7.0,18.0,1.0,5.0,No,7.0,Low,Low,Low,"June 19, 2020"
EMP1951,20.0,M,Sales,Account Manager,2.0,39747.38,45.0,0.0,No,7.7,10.0,1.0,10.0,10,9.0,7.0,4.0,5.0,N,7.0,Low,Low,Low,05-18-2016
EMP5981,24.0,Male,Hr,Hr Generalist,4.9,32866.24,40.0,0.0,Yes,7.5,9.0,1.0,10.0,5,6.0,-20.0,3.0,5.0,Yes,7.0,Low,Low,Low,02-May-2020
EMP4643,40.0,M,Admin,Office Manager,4.3,47203.87,36.0,3.0,Yes,7.1,10.0,2.0,9.0,6,5.0,0.0,8.0,5.0,Yes,8.0,Low,Low,Low,-
EMP1787,28.0,Male,Marketing,Marketing Manager,2.5,37880.42,51.0,12.0,No,8.2,8.0,1.0,10.0,6,7.0,1.0,3.0,5.0,No,7.0,Low,Low,Low,2015-09-17
EMP5949,28.0,Male,Rnd,R&D Engineer,1.5,21129.37,45.0,3.0,N,8.5,9.0,1.0,10.0,3,6.0,1.0,3.0,4.0,No,7.0,Low,Low,Low,24/12/2016
EMP5649,29.0,Male,Operations,Operations Executive,0.1,26327.48,47.0,7.0,No,5.9,10.0,2.0,7.0,6,5.0,20.0,1.0,5.0,N,7.0,Low,Low,Low,"September 09, 2020"
EMP4499,33.0,Female,Legal,Legal Counsel,0.8,28365.75,50.0,6.0,Yes,8.1,10.0,2.0,8.0,5,6.0,41.0,4.0,5.0,Yes,9.0,Low,Low,Low,-
EMP5818,37.0,Male,Operations,Operations Executive,3.4,22736.01,45.0,0.0,No,6.1,9.0,1.0,9.0,6,7.0,19.0,3.0,5.0,N,8.0,Low,Low,Low,04-27-2021
EMP6547,29.0,Female,Finance,Accountant,1.1,32425.18,37.0,0.0,No,7.6,10.0,1.0,8.0,7,6.0,10.0,4.0,4.0,N,7.0,Low,Low,Low,2024-09-26
EMP1280,30.0,Female,Finance,Auditor,7.9,39285.16,43.0,2.0,No,7.4,10.0,1.0,10.0,9,7.0,6.0,2.0,5.0,No,7.0,Low,Low,Low,2023/04/11
EMP3695,33.0,Female,Hr,Hr Executive,2.1,28148.36,43.0,3.0,No,8.0,9.0,1.0,10.0,8,8.0,8.0,4.0,5.0,Yes,7.0,Low,Low,Low,29/11/2023
EMP4164,37.0,Male,Fiannce,Financial Analyst,0.5,32097.48,45.0,18.0,No,8.3,9.0,1.0,10.0,6,8.0,20.0,0.0,5.0,No,7.0,Low,-,Low,2022-07-06
EMP3233,29.0,Male,It,Devops Engineer,2.5,32425.18,42.0,0.0,No,8.4,10.0,1.0,10.0,4,6.0,10.0,3.0,5.0,Yes,7.0,Low,Low,Low,2024/03/30
EMP2318,21.0,Male,Sales,Sales Manager,3.0,32425.18,48.0,5.0,Yes,7.0,9.0,1.0,10.0,9,10.0,0.0,3.0,5.0,No,8.0,Low,Low,Low,23/03/2016
EMP4154,37.0,Female,Finance,Finance Manager,5.8,43836.99,48.0,13.0,N,7.9,9.0,1.0,8.0,9,7.0,12.0,2.0,5.0,No,9.0,Low,Low,Low,"February 23, 2019"
EMP1056,20.0,Male,Legal,Compliance Officer,1.0,26481.47,53.0,21.0,No,6.9,7.0,1.0,9.0,7,8.0,10.0,5.0,5.0,No,7.0,Low,Low,Very High,2020/04/23
EMP4199,33.0,F,Finance,Finance Manager,1.3,47815.63,55.0,5.0,No,7.6,8.0,1.0,10.0,4,5.0,16.0,7.0,4.0,Y,6.0,Low,Low,Low,"February 13, 2024"
EMP1844,32.0,Male,Legal,,2.1,29753.34,46.0,2.0,Y,6.1,8.0,1.0,10.0,3,5.0,9.0,1.0,5.0,Yes,8.0,Low,Low,Low,"July 03, 2019"
EMP3330,33.0,Male,Customer Support,Customer Success Manager,2.5,43015.1,43.0,1.0,N,5.1,10.0,2.0,9.0,6,7.0,5.0,2.0,5.0,No,7.0,Low,Low,Low,2025-10-08
EMP1189,31.0,Male,Sales,Sales Executive,1.3,25634.32,41.0,5.0,No,6.9,9.0,2.0,10.0,3,6.0,6.0,2.0,5.0,N,8.0,Low,Low,Low,24/07/2024
EMP5867,35.0,Male,Sales,Business Deevlopment Executive,4.4,33823.94,47.0,5.0,Yes,6.2,10.0,1.0,10.0,7,7.0,4.0,6.0,4.0,Yes,7.0,Low, ,Low,2017-04-09
EMP2353,43.0,Male,Legal,Legal Advisor,1.4,23818.93,45.0,13.0,No,6.4,9.0,3.0,7.0,6,5.0,6.0,3.0,5.0,No,6.0,Low,Low,Low,17/11/2017
EMP3283,34.0,Male,Sales,Business Development Executive,1.7,32425.18,40.0,2.0,No,8.0,10.0,1.0,8.0,8,6.0,16.0,4.0,5.0,N,7.0,Low,Low,Low,-
EMP2729,32.0,Female,It,Software Engineer,6.9,35168.32,45.0,5.0,No,7.0,10.0,1.0,9.0,8,8.0,16.0,4.0,5.0,Yes,7.0,Low,Low,Low,2022/11/25
EMP2286,30.0,Male,-,Office Manager,1.1,41129.68,43.0,12.0,Yes,7.0,10.0,3.0,9.0,6,6.0,0.0,1.0,4.0,No,7.0,Low,Low,Low,2015/01/17
EMP1338,28.0,Male,R&D,R&D Engineer,3.8,28790.33,57.0,23.0,N,7.2,5.0,3.0,9.0,6,4.0,3.0,3.0,5.0,Yes,7.0,Low,Low,Low,04-Apr-2015
EMP2428,30.0,Male,It,Qa Engineer,1.3,26835.73,46.0,10.0,Yes,7.3,10.0,1.0,10.0,4,7.0,14.0,3.0,5.0,Yes,8.0,Low,Low,Low,07/04/2020
EMP6655,24.0,Female,R&D,Research Analyst,2.5,32425.18,54.0,20.0,Yes,7.2,6.0,2.0,8.0,6,3.0,2.0,3.0,5.0,Yes,7.0,Low,Low,Medium,2015-10-11
EMP1315,31.0,Male,Operations,Operations Manager,2.4,42572.62,50.0,3.0,Y,8.2,10.0,1.0,10.0,8,8.0,15.0,3.0,5.0,No,8.0,Low,Low,Low,"March 15, 2024"
EMP5303,30.0,Male,Operations,Operations Executive,4.1,32425.18,45.0,0.0,N,7.2,10.0,1.0,9.0,5,7.0,30.0,0.0,5.0,No,7.0,Low,Low,Low,04-13-2016
EMP2442,30.0,Male,Legal,Compilance Officer,1.9,28509.54,52.0,14.0,Y,7.9,8.0,1.0,10.0,4,7.0,5.0,6.0,5.0,N,8.0,Low,Low,Low,05-Aug-2017
EMP2621,32.0,Female,Operations,Logistics Coordinator,3.7,30025.1,31.0,0.0,Yes,8.1,9.0,1.0,8.0,6,6.0,37.0,5.0,5.0,No,8.0,Low,Low,Low,13/07/2023
EMP3641,41.0,Female,Operations,,2.4,43787.14,37.0,0.0,Yes,7.6,10.0,2.0,9.0,6,5.0,10.0,2.0,5.0,Yes,7.0,Low,Low,Low,04-18-2015
EMP3704,20.0,Female,Marketing,Marketing Executive,2.0,29257.75,37.0,0.0,-,8.2,10.0,1.0,9.0,4,6.0,0.0,3.0,5.0,Yes,7.0,Low,Low,Low,-
EMP2034,40.0,,Operations,Logistics Coordinator,2.5,36724.15,56.0,17.0,N,7.3,8.0,3.0,10.0,6,5.0,15.0,0.0,5.0,N,7.0,Low,Low,Low,06-21-2016
EMP4608,27.0,Male,Human Resources,Support Team Lead,9.0,43416.58,50.0,18.0,Yes,6.6,9.0,1.0,10.0,4,6.0,2.0,2.0,5.0,Yes,5.0,Low,Low,Low,08-Mar-2018
EMP6215,35.0,Female,R&D,Data Scientist,3.8,43105.4,45.0,15.0,N,8.0,8.0,1.0,10.0,6,7.0,17.0,4.0,5.0,Y,8.0,Low,Low,Low,09-01-2019
EMP3844,33.0,Male,Hr,Hr Executive,4.5,24593.57,43.0,7.0,No,7.8,10.0,1.0,10.0,6,6.0,5.0,3.0,5.0,Y,6.0,Low,Low,Low,2020/05/24
EMP3722,49.0,F,Sales,Sales Mnaager,10.6,55276.78,42.0,4.0,Y,7.4,10.0,1.0,8.0,7,7.0,4.0,2.0,5.0,No,9.0,Low,Low,,03/06/2022
EMP5274,34.0,Male,Customer Support,Support Team Lead,7.6,42137.16,49.0,20.0,No,6.1,8.0,1.0,8.0,3,5.0,5.0,3.0,4.0,N,7.0,Low,Low,Medium,-
EMP3583,35.0,Other,Admin,Admin Executive,0.9,32425.18,54.0,12.0,No,6.8,10.0,1.0,9.0,8,7.0,11.0,7.0,5.0,Yes,6.0,Low,Low,Low,07-09-2018
EMP5704,43.0,Male,Legal,Support Team Lead,5.6,32425.18,30.0,0.0,No,7.1,9.0,1.0,8.0,8,9.0,1.0,3.0,4.0,N,5.0,Low,Low,Low,"July 12, 2016"
EMP1001,32.0,Female,Legal,Legal Advisor,0.9,31240.17,43.0,1.0,No,7.2,10.0,1.0,10.0,7,9.0,18.0,3.0,5.0,Y,6.0,Low,Low,Low,06-Feb-2017
EMP3383,34.0,Female,Hr,Devops Engineer,2.6,30260.54,38.0,0.0,Yes,8.5,8.0,1.0,10.0,7,8.0,8.0,4.0,5.0,Yes,8.0,Low,Low,Low,09-26-2021
EMP4185,31.0,Male,Finance,Finance Manager,5.4,53232.66,48.0,5.0,Yes,5.7,9.0,1.0,9.0,6,7.0,3.0,1.0,5.0,Yes,7.0,Low,Low,Low,-
EMP5163,27.0,Male,It,System Admin,1.4,30090.52,45.0,9.0,No,7.0,9.0,1.0,10.0,7,7.0,0.0,3.0,4.0,No,6.0,Low,Low,Low,2020-09-05
EMP2640,29.0,Male,Sales,Business Development Executive,5.4,28075.84,55.0,25.0,Yes,6.9,9.0,2.0,7.0,6,6.0,3.0,1.0,4.0,N,8.0,Low,Low,Low,2028-01-01
EMP2422,42.0,Female,Marketing,Content Strategist,3.1,30908.65,35.0,5.0,No,8.0,10.0,1.0,9.0,6,9.0,19.0,3.0,5.0,N,7.0,Low,Low,Low,28-Nov-2021
EMP1648,33.0,Female,,Compliance Officer,4.7,33038.63,45.0,4.0,No,7.1,9.0,1.0,10.0,10,6.0,22.0,0.0,5.0,No,7.0,Low,Low,Low,2015/04/15
EMP3607,26.0,Male,Legal,Legal Advisor,1.6,35683.01,59.0,21.0,N,6.3,5.0,2.0,8.0,4,6.0,15.0,2.0,5.0,N,8.0,Low,Low,Low,10-Sep-2025
EMP6313,24.0,Female,Customer Support,Customer Success Manager,2.3,37441.09,40.0,0.0,N,8.1,10.0,1.0,10.0,2,6.0,10.0,3.0,5.0,No,8.0,Low,Low,Low,04-02-2017
EMP5283,33.0,Female,It,Qa Engineer,1.9,29354.92,45.0,3.0,Yes,9.0,8.0,1.0,9.0,7,7.0,6.0,2.0,5.0,-,8.0,Low,Low,Low,14-Jun-2016
EMP4927,28.0,M,R&D,Research Analyst,2.5,25495.86,40.0,3.0,No,7.0,10.0,1.0,10.0,6,6.0,10.0,2.0,3.0,No,8.0,Low,Low,Low,02-Jun-2018
EMP2310,30.0,Male,Cust. Support,Support Team Lead,0.7,27291.33,30.0,3.0,Yes,7.1,9.0,1.0,9.0,5,6.0,0.0,3.0,5.0,No,7.0,-,Low,Low,-
EMP2749,21.0,Male,It,Qa Engineer,0.7,18072.54,40.0,0.0,N,7.9,9.0,2.0,9.0,2,5.0,10.0,4.0,5.0,No,8.0,Low,Low,Low,08/04/2020
EMP2612,33.0,Female,Customersupport,Support Team Lead,4.4,47334.89,37.0,0.0,No,7.9,9.0,1.0,6.0,5,6.0,19.0,3.0,5.0,No,9.0,Low,Low,Low,22-Nov-2017
EMP5870,33.0,-,Hr,Operations Manager,0.6,35531.94,55.0,-20.0,No,7.2,7.0,1.0,9.0,5,7.0,14.0,0.0,5.0,No,6.0,Low,Low,Low,16-Jan-2025
EMP1411,20.0,Female,Hr,Support Team Lead,2.0,27035.69,40.0,0.0,Yes,7.2,9.0,1.0,8.0,2,5.0,2.0,2.0,5.0,No,7.0,Low,Low,Low,2019-01-13
EMP3847,41.0,Female,It,Software Engineer,0.4,32425.18,45.0,1.0,No,8.8,9.0,1.0,7.0,3,6.0,9.0,7.0,5.0,No,7.0,Low,Low,Low,25-Jun-2025
EMP6444,33.0,M,R&D,Data Scientist,2.6,48055.03,38.0,0.0,Yes,7.0,10.0,1.0,9.0,6,6.0,27.0,3.0,5.0,Yes,8.0,Low,Low,Low,13-May-2019
EMP4672,22.0,Male,Sales,Sales Manager,2.5,53301.82,58.0,30.0,No,6.6,7.0,3.0,9.0,2,3.0,10.0,2.0,5.0,No,7.0,Medium,Moderate,Medium,-
EMP3803,25.0,F,Admin,Front Desk Executive,2.7,34387.91,47.0,7.0,Yes,6.2,10.0,1.0,10.0,6,6.0,65.0,3.0,5.0,Yes,7.0,Low,Low,Low,16-Oct-2021
EMP2716,30.0,Male,Sales,Account Manager,1.9,44587.24,57.0,30.0,No,5.8,6.0,2.0,7.0,6,5.0,10.0,4.0,4.0,No,6.0,Low,Low,Medium,-
EMP6548,33.0,Male,R&D,Data Scientist,1.6,35571.66,55.0,23.0,No,8.3,7.0,1.0,10.0,6,6.0,7.0,3.0,5.0,Yes,6.0,Low,Low,Low,"January 31, 2017"
EMP3662,33.0,Male,Operations,Operations Manager,0.5,42511.71,35.0,6.0,No,7.0,9.0,1.0,10.0,7,6.0,11.0,1.0,5.0,Yes,7.0,Low,Low,Low,-
EMP3762,31.0,Female,-,Logistics Coordinator,13.0,37897.82,33.0,1.0,No,9.0,10.0,1.0,9.0,7,9.0,24.0,3.0,5.0,Y,7.0,Low,Low,Low, 
EMP1352,39.0,Male,Customer Support,Support Team Lead,9.1,55257.66,44.0,12.0,No,7.9,8.0,1.0,8.0,8,7.0,0.0,1.0,5.0,No,8.0,Low,Low,Low,-
EMP5660,33.0,Male,Hr,Front Desk Executive,2.5,26748.39,46.0,5.0,No,7.5,9.0,1.0,10.0,9,7.0,29.0,8.0,5.0,No,7.0,Low,Low,Low,2020/03/25
EMP5482,40.0,Female,Hr,Auditor,2.5,26058.5,48.0,10.0,No,7.5,9.0,1.0,8.0,6,6.0,36.0,2.0,5.0,No,7.0,Low,Low,Low,03/11/2016
EMP3234,30.0,Male,Finance,Finance Manager,1.6,32425.18,42.0,6.0,No,6.4,10.0,2.0,9.0,2,5.0,9.0,4.0,4.0,N,6.0,Low,Low,Medium,-
EMP6742,40.0,Male,Legal,Legal Advisor,2.2,29551.29,48.0,8.0,Yes,8.4,9.0,2.0,10.0,10,8.0,1.0,4.0,4.0,N,7.0,Low,Low,Low,2015/07/14
EMP4655,32.0,Male,Hr,Support Team Lead,14.0,47636.5,45.0,20.0,No,7.4,9.0,1.0,10.0,7,4.0,3.0,4.0,4.0,Yes,4.0,Low,Low,Low,24/09/2020
EMP5040,24.0,Male,R&D,Research Analyst,2.5,21437.6,36.0,2.0,No,8.0,9.0,1.0,10.0,2,6.0,1.0,1.0,5.0,-,6.0,Low,Low,Low,2026/02/11
EMP6460,39.0,Male,Legal,Legal Advisor,1.1,24216.38,47.0,3.0,No,5.8,8.0,1.0,10.0,6,7.0,1.0,1.0,5.0,No,8.0,Low,Low,Low,09-07-2024
EMP3309,28.0,Female,Customer Support,Customer Success Manager,0.3,35427.62,44.0,3.0,Yes,7.9,9.0,1.0,10.0,9,7.0,0.0,3.0,5.0,Yes,6.0,Low,Low,Low,"October 10, 2015"
EMP4727,20.0,Male,Customer Support,Customer Success Manager,2.0,40064.59,57.0,19.0,No,7.0,8.0,2.0,9.0,2,3.0,8.0,3.0,5.0,Y,6.0,Low,Low,Medium,"May 08, 2024"
EMP1385,34.0,Male,Admin,Front Desk Executive,3.3,27548.47,51.0,13.0,Yes,8.2,10.0,1.0,9.0,6,6.0,10.0,5.0,5.0,Yes,7.0,Low,Low,Low,-
EMP3300,27.0,Male,Admin,Support Team Lead,4.8,36785.21,45.0,18.0,No,7.9,9.0,1.0,7.0,5,5.0,9.0,3.0,5.0,No,7.0,Low,Low,Low,06/03/2022
EMP6374,38.0,Male,Sales,Sales Executive,2.5,26991.93,49.0,10.0,No,7.5,9.0,1.0,10.0,3,4.0,57.0,4.0,5.0,No,7.0,Low,Low,,2018/05/18
EMP5774,48.0,Female,Customer Support,Customer Success Manager,7.9,47826.19,30.0,3.0,No,7.2,10.0,1.0,8.0,6,7.0,18.0,3.0,5.0,No,4.0,Low,Low,Low,02/06/2024
EMP1074,33.0,Female,Finance,Accountant,0.7,28299.09,34.0,1.0,Y,9.0,10.0,1.0,10.0,,6.0,10.0,3.0,5.0,Y,6.0,Low,Low,Low,-
EMP5694,38.0,Female,Sales,Sales Executive,1.5,28092.74,41.0,6.0,N,8.9,8.0,1.0,9.0,5,6.0,0.0,2.0,5.0,No,7.0,Low,Low,Low,04-24-2022
EMP1316,36.0,Male,Admin,Office Manager,0.6,42691.57,38.0,1.0,No,6.8,10.0,1.0,10.0,7,6.0,1.0,1.0,5.0,N,7.0,Low,Low,Low,-
EMP2468,33.0,Male,Admin,Admin Executive,3.3,36275.23,51.0,11.0,No,8.1,9.0,1.0,9.0,8,7.0,0.0,3.0,5.0,Yes,7.0,Low,Low,Low,04-Jan-2017
EMP2454,33.0,Male,Marketing,Content Strategist,2.9,29492.26,46.0,2.0,No,7.9,9.0,1.0,10.0,7,6.0,6.0,3.0,5.0,No,6.0,Low,Low,Low,-
EMP2147,32.0,Male,Hr,Hr Generalist,2.1,24373.94,45.0,2.0,No,6.9,9.0,1.0,8.0,8,9.0,17.0,3.0,5.0,N,7.0,Low,Low,Low,02-11-2024
EMP5021,28.0,Male,Finance,Financial Analyst,2.7,32425.18,55.0,19.0,N,5.3,9.0,2.0,7.0,9,6.0,27.0,1.0,5.0,No,7.0,Low,Low,Low,28-Sep-2021
EMP2306,29.0,Female,Legal,Legal Advisor,0.7,21605.81,38.0,14.0,No,7.8,8.0,1.0,9.0,4,7.0,12.0,1.0,5.0,N,10.0,Low,Low,,"November 01, 2024"
EMP4810,30.0,Male,I.T.,System Admin,2.5,21788.77,51.0,11.0,Yes,7.6,9.0,1.0,7.0,2,4.0,1.0,2.0,5.0,Y,10.0,Low,Low,Medium,"December 02, 2024"
EMP4936,29.0,Male,Hr,Hr Manager,4.3,39254.27,48.0,15.0,No,7.3,8.0,1.0,10.0,10,6.0,59.0,3.0,5.0,Y,7.0,Low,Low,Low,2026/06/02
EMP1423,33.0,Female,Ops,Operations Manager,2.6,48736.98,39.0,0.0,Yes,6.6,10.0,1.0,8.0,6,6.0,6.0,5.0,5.0,No,6.0,Low,Low,-,02-23-2025
EMP3371,33.0,Female,Customer Support,Customer Success Manager,0.0,34117.1,38.0,5.0,No,7.1,9.0,1.0,10.0,8,6.0,23.0,0.0,5.0,Y,8.0,Low,Low,Low,21-Aug-2017
EMP4589,36.0,Other,Hr,Support Executive,0.8,22671.85,45.0,22.0,Yes,6.3,10.0,1.0,9.0,4,6.0,32.0,1.0,3.0,No,4.0,Low,Low,Low,-
EMP6429,39.0,Male,Human Resources,Hr Manager,5.3,45495.09,43.0,6.0,No,6.5,10.0,2.0,7.0,6,7.0,0.0,1.0,5.0,Yes,7.0,Low,Low,Low,07-04-2018
EMP2472,33.0,Female,Hr,Hr Generalist,10.7,49649.03,50.0,5.0,No,8.9,10.0,1.0,9.0,2,6.0,1.0,7.0,3.0,No,6.0,Low,Low,Low,2024-09-22
EMP3432,33.0,Male,Legal,Legal Advisor,0.5,32425.18,45.0,0.0,Yes,6.5,10.0,1.0,10.0,,6.0,0.0,3.0,5.0,N,8.0,Low,Low,Low,2020-09-21
EMP3791,49.0,Female,Admin,Front Desk Executive,9.8,36400.84,45.0,6.0,No,8.1,10.0,1.0,9.0,5,6.0,3.0,4.0,5.0,Y,7.0,Low,Low,Low,"November 29, 2018"
EMP1286,29.0,Male,Hr,Finance Manager,7.1,52919.61,45.0,5.0,No,8.5,10.0,1.0,7.0,7,8.0,10.0,7.0,5.0,N,9.0,Low,Low,Low,2021-05-15
EMP5248,30.0,Female,Operations,Logistics Coordinator,12.0,42342.7,45.0,0.0,No,6.9,10.0,1.0,9.0,6,7.0,12.0,3.0,5.0,-,7.0,Low,Low,Low,16-Aug-2016
EMP3837,52.0,M,Fiannce,Financial Analyst,0.3,21671.07,54.0,16.0,N,6.3,8.0,1.0,10.0,4,5.0,10.0,2.0,5.0,Yes,7.0,Low,-,Low,14-Oct-2016
EMP2016,45.0,Male,Marketing,Content Strategist,1.6,21672.16,52.0,21.0,No,8.0,8.0,2.0,9.0,,6.0,5.0,1.0,4.0,No,7.0,Low,Low,Medium,"October 24, 2018"
EMP5857,43.0,Male,Human Resources,Hr Manager,10.2,32425.18,45.0,9.0,N,6.6,9.0,1.0,9.0,3,5.0,5.0,2.0,5.0,Yes,7.0,Low,Low,Low,2015-08-06
EMP5573,24.0,Male,It,It Support,0.9,24483.51,45.0,4.0,No,7.2,10.0,1.0,10.0,6,9.0,1.0,3.0,5.0,N,6.0,Low,Low,Low,27/12/2018
EMP1984,33.0,Female,Marketing,Content Strategist,1.6,25900.78,60.0,16.0,Yes,6.0,8.0,1.0,9.0,6,6.0,52.0,2.0,5.0,Yes,7.0,Low,Low,Low,2023-08-14
EMP4859,42.0,Female,Finance,Finance Manager,3.0,44323.69,30.0,0.0,No,7.2,9.0,1.0,9.0,9,7.0,11.0,2.0,5.0,Y,7.0,Low,Low,Low,2021/11/11
EMP1262,34.0,Female,Operations,Operations Manager,0.2,38663.91,31.0,0.0,N,8.1,10.0,1.0,10.0,6,8.0,31.0,2.0,5.0,No,7.0,Low,Low,Med,2025/08/14
EMP1429,46.0,Female,It,Devops Engineer,2.5,29767.14,50.0,11.0,Yes,8.0,8.0,3.0,8.0,10,8.0,16.0,4.0,5.0,No,4.0,Low,Low,Low,2019-03-12
EMP2792,26.0,Other,Hr,Hr Generalist,2.0,25825.33,30.0,0.0,N,7.5,10.0,1.0,10.0,5,6.0,10.0,0.0,5.0,Yes,8.0,Low,Low,Low,-
EMP6645,30.0,Male,Admin,Front Desk Executive,2.6,22268.33,39.0,5.0,Yes,7.8,9.0,1.0,10.0,10,7.0,0.0,5.0,5.0,No,8.0,Low,Low,Low,01-04-2026
EMP6468,35.0,Other,Sales,Business Development Executive,3.7,30752.54,40.0,0.0,Y,7.9,10.0,2.0,10.0,6,6.0,9.0,1.0,5.0,Yes,8.0,Low,Low,Low,2027-03-15
EMP1806,33.0,Female,Hr,Recruiter,0.1,33997.52,38.0,7.0,Yes,7.2,9.0,2.0,9.0,7,6.0,15.0,3.0,5.0,N,7.0,Low,Low,Low,2017/06/23
EMP3771,33.0,Female,Marketing,Marketing Manager,5.1,41827.47,30.0,0.0,Y,8.1,9.0,1.0,10.0,6,6.0,23.0,6.0,5.0,Yes,7.0,Low,Low,Low, 
EMP3969,35.0,Other,Sales,Business Development Executive,0.6,22546.19,40.0,3.0,No,6.2,9.0,2.0,10.0,10,7.0,4.0,6.0,5.0,Y,7.0,Low,Low,,01-11-2021
EMP4474,36.0,Female,It,System Admin,2.1,33440.91,54.0,14.0,No,7.2,7.0,3.0,7.0,6,6.0,12.0,0.0,5.0,No,8.0,Low,Low,Low,"October 05, 2022"
EMP3035,33.0,Male,Administration,Support Team Lead,5.8,45958.85,45.0,14.0,N,7.3,8.0,1.0,7.0,5,5.0,13.0,3.0,5.0,N,6.0,,Low,Low,2016/02/23
EMP1342,34.0,Male,R&D,Data Scientist,0.5,35490.87,59.0,22.0,No,6.5,7.0,1.0,9.0,3,7.0,0.0,4.0,5.0,Yes,7.0,Low,Low,Low,2025/07/24
EMP5449,33.0,Male,Operations,Operations Manager,2.5,37432.18,47.0,12.0,No,6.3,7.0,3.0,8.0,8,8.0,2.0,5.0,5.0,No,5.0,Low,Low,Low,-
EMP4974,28.0,Male,Legal,Compliance Officer,4.2,30591.54,58.0,25.0,No,5.8,7.0,4.0,9.0,5,4.0,10.0,8.0,5.0,Yes,6.0,Medium,Moderate,Medium,2025/10/10
EMP3725,48.0,Female,Marketing,Seo Specialist,1.3,32383.09,56.0,23.0,No,5.2,7.0,5.0,5.0,4,3.0,2.0,4.0,5.0,No,8.0,Medium,Moderate,Medium,2016/06/24
EMP5111,30.0,Male,Finance,Accountant,1.5,32425.18,45.0,8.0,No,7.3,9.0,1.0,9.0,6,7.0,4.0,3.0,5.0,No,8.0,Low,Low,Low,12-23-2025
EMP6506,29.0,Female,Finance,Financial Analyst,3.8,24820.28,56.0,23.0,No,6.8,6.0,3.0,7.0,6,4.0,0.0,3.0,5.0,Y,6.0,Low,Low,Low,2024/06/29
EMP1842,36.0,Male,Sales,Account Manager,0.2,39441.78,43.0,6.0,Yes,7.1,10.0,1.0,9.0,3,6.0,9.0,2.0,5.0,No,6.0,Low,Low,Low,"July 28, 2019"
EMP6464,29.0,-,Admin,Office Manager,2.4,40248.79,47.0,5.0,No,7.6,10.0,1.0,8.0,8,8.0,16.0,3.0,5.0,Y,8.0,Low,Low,Low,28/12/2016
EMP3152,34.0,Female,Legal,Compliance Officer,2.3,25557.93,49.0,9.0,No,6.5,10.0,1.0,10.0,2,7.0,26.0,5.0,5.0,No,6.0,Low,Low,Low,05/12/2023
EMP1051,37.0,Male,Marketing,Marketing Executive,5.7,40139.58,47.0,11.0,Yes,6.2,9.0,2.0,9.0,8,8.0,8.0,3.0,5.0,No,7.0,Low,Low,Low,-
EMP6016,25.0,Male,R&D,Research Analyst,7.0,32030.08,45.0,0.0,No,7.3,9.0,2.0,9.0,7,7.0,8.0,3.0,5.0,No,9.0,Low,Low,Low,2020-08-14
EMP6124,33.0,Other,Sales,Account Manager,2.0,32425.18,32.0,0.0,Yes,7.8,9.0,1.0,9.0,6,6.0,16.0,9.0,5.0,N,9.0,Low,Low,Low,2023-09-04
EMP4132,21.0,Female,Finance,Accountant,3.0,27207.25,45.0,1.0,Y,6.7,10.0,1.0,9.0,9,8.0,13.0,2.0,5.0,No,7.0,Low,Low,Low,2026/05/18
EMP4967,31.0,Female,Marketing,Seo Specialist,3.4,32425.18,47.0,10.0,No,7.9,8.0,1.0,10.0,7,7.0,10.0,2.0,5.0,Yes,9.0,Low,Low,Low,16-Dec-2023
EMP4642,38.0,Male,Customer Support,Support Executive,0.4,22967.35,33.0,6.0,,9.0,9.0,1.0,8.0,7,7.0,10.0,3.0,5.0,Y,9.0,Low,Low,Low,09-Dec-2022
EMP1831,33.0,Female,Hr,Hr Executive,2.5,31922.11,44.0,0.0,No,8.4,9.0,1.0,10.0,6,6.0,17.0,0.0,5.0,No,9.0,,Low,Low,29-Dec-2024
EMP2323,52.0,Female,R&D,Data Scientist,0.1,37943.12,39.0,0.0,Y,7.5,9.0,1.0,8.0,7,7.0,2.0,0.0,5.0,No,9.0,Low,Low,Low,06-08-2022
EMP1560,49.0,Female,Admin,Admin Executive,0.7,32425.18,33.0,2.0,No,7.4,8.0,1.0,10.0,7,7.0,10.0,3.0,5.0,No,7.0,Low,Low,Low,17-Sep-2022
EMP2855,35.0,Female,Operations,Operation Sexecutive,2.2,30035.92,30.0,0.0,No,7.8,10.0,1.0,10.0,6,8.0,6.0,5.0,5.0,Y,8.0,Low,Low,Low,29-Aug-2016
EMP6950,39.0,Male,Finance,Finance Manager,2.6,36831.17,53.0,18.0,No,7.2,9.0,2.0,6.0,8,8.0,23.0,1.0,4.0,No,7.0,Low,Low,Low,24/05/2017
EMP4435,38.0,Other,Hr,,4.2,33374.48,49.0,7.0,No,6.8,7.0,1.0,9.0,8,6.0,17.0,3.0,5.0,N,7.0,Low,Low,Low,2023-01-20
EMP2758,23.0,Male,Legal,Compliance Officer,5.0,22603.14,56.0,21.0,No,5.2,10.0,1.0,9.0,7,7.0,17.0,0.0,3.0,Yes,7.0,Low,Low,Low,25/05/2018
EMP2383,36.0,Male,Finance,Finance Manager,2.5,37641.94,38.0,0.0,No,7.2,10.0,1.0,10.0,6,8.0,15.0,2.0,5.0,Y,8.0,Low,Low,Low,2015/05/12
EMP4424,37.0,Female,Customer Support,,12.3,32425.18,30.0,0.0,Yes,8.7,10.0,1.0,9.0,5,7.0,5.0,1.0,5.0,No,7.0,Low,Low,Low,11/09/2016
EMP1326,35.0,,Legal,Legal Advisor,0.5,18391.38,33.0,3.0,No,5.2,10.0,1.0,8.0,2,6.0,10.0,3.0,5.0,Yes,7.0,Low,Low,Low,04-08-2024
EMP5526,35.0,Female,Sales,Support Team Lead,0.5,32425.18,60.0,34.0,No,5.7,7.0,1.0,10.0,6,6.0,10.0,1.0,5.0,No,7.0,Low,Low,Low,2018/02/04
EMP1075,44.0,Female,It,It Support,10.3,44288.36,32.0,4.0,No,7.7,8.0,1.0,10.0,6,7.0,25.0,5.0,5.0,No,8.0,Low,Low,Low,2019-05-12
EMP1638,33.0,Male,Customer Support,Support Executive,2.4,26273.4,40.0,5.0,No,9.0,10.0,1.0,10.0,9,9.0,7.0,1.0,5.0,N,7.0,Low,Low,Low,-
EMP4203,23.0,Male,It,It Support,4.4,35453.92,32.0,8.0,N,7.4,10.0,1.0,9.0,5,8.0,42.0,3.0,5.0,Yes,6.0,Low,Low,Low,12-Jun-2025
EMP5251,20.0,Male,Operations,Operations Manager,1.6,38468.69,53.0,14.0,No,6.9,8.0,1.0,8.0,5,7.0,35.0,2.0,5.0,Yes,7.0,Low,Low,,2024-11-24
EMP4224,31.0,Male,Legal,Compliance Officer,0.4,28728.0,53.0,14.0,No,6.0,9.0,1.0,10.0,7,5.0,6.0,4.0,5.0,No,8.0,Low,-,Low,22/04/2018
EMP3400,30.0,Male,Operations,Operations Executive,6.5,40911.41,43.0,0.0,No,8.2,8.0,1.0,10.0,8,7.0,10.0,4.0,5.0,Yes,7.0,Low,Low,Low,14-Nov-2021
EMP6733,33.0,Female,Legal,Legal Counsel,5.5,31884.67,43.0,8.0,N,8.5,10.0,1.0,7.0,8,7.0,36.0,3.0,5.0,No,7.0,Low,Low,Low,-
EMP3974,32.0,Female,It,Support Team Lead,2.1,26939.1,41.0,5.0,No,6.2,9.0,2.0,8.0,4,7.0,10.0,5.0,4.0,No,7.0,Low,Low,Low,"August 13, 2024"
EMP4419,20.0,Male,Customer Support,Customer Success Manager,2.0,48631.47,38.0,0.0,Yes,7.5,10.0,1.0,10.0,8,8.0,13.0,4.0,5.0,No,8.0,Low,Low,Low,2019/05/30
EMP1694,46.0,,Administration,Front Desk Executive,4.9,33009.29,65.0,26.0,Yes,5.5,6.0,5.0,6.0,6,4.0,12.0,1.0,4.0,No,4.0,Medium,Moderate,Medium,2025/01/03
EMP1813,41.0,Male,Finance,Financial Analyst,0.4,26925.56,40.0,0.0,Yes,7.7,9.0,1.0,8.0,9,7.0,5.0,1.0,4.0,Yes,7.0,Low,Low,Low,23/08/2023
EMP4545,22.0,Male,Marketing,Marketing Manager,2.9,45382.39,44.0,5.0,No,6.8,10.0,2.0,8.0,9,7.0,10.0,8.0,5.0,No,7.0,Low,Low,Low,04-18-2023
EMP4841,28.0,Male,Customer Support,Support Executive,1.8,30673.14,41.0,0.0,No,7.6,10.0,1.0,8.0,6,5.0,1.0,3.0,5.0,N,7.0,Low,Low,Low,2024/08/21
EMP3167,31.0,Female,Hr,Hr Executive,8.8,32154.1,40.0,0.0,No,8.6,9.0,1.0,8.0,1,5.0,8.0,3.0,5.0,Yes,6.0,Low,Low,Low,03-11-2021
EMP6036,40.0,Male,Hr,Hr Executive,0.3,32425.18,40.0,2.0,No,7.2,10.0,1.0,9.0,8,7.0,14.0,1.0,5.0,Y,7.0,Low,Low,Low,"June 25, 2021"
EMP5254,34.0,Female,R&D,Data Scientist,9.5,49648.44,45.0,15.0,No,7.1,8.0,1.0,8.0,8,7.0,25.0,5.0,5.0,No,7.0,Low,Low,Low,21-May-2025
EMP1746,47.0,Male,I.T.,Software Engineer,1.8,33231.08,49.0,5.0,No,7.5,10.0,1.0,8.0,9,8.0,52.0,5.0,5.0,No,7.0,Low,Low,Low,18/01/2026
EMP5285,37.0,Female,R&D,Data Scientist,0.6,40954.72,45.0,13.0,No,6.7,8.0,1.0,9.0,4,6.0,18.0,2.0,5.0,N,7.0,Low,Low,Low,15/03/2027
EMP4035,29.0,Male,It,Software Engineer,2.7,28684.4,50.0,16.0,Yes,8.0,7.0,1.0,9.0,4,5.0,29.0,4.0,5.0,N,8.0,Low,Low,Low,2015/04/17
EMP1956,43.0,Female,Operations,Operations Executive,-8.438084745674486,29762.3,47.0,17.0,Y,7.0,9.0,1.0,10.0,6,6.0,3.0,2.0,5.0,No,6.0,Low,Low,Low,"November 16, 2025"
EMP6491,38.0,Male,Admin,Admin Executive,14.3,45230.36,45.0,1.0,N,7.5,10.0,1.0,8.0,4,5.0,1.0,3.0,5.0,Y,8.0,Low,Low,Low,18-Dec-2023
EMP1047,34.0,F,Hr,Operations Manager,1.9,41369.81,45.0,3.0,Yes,6.6,8.0,1.0,9.0,6,7.0,4.0,3.0,5.0,No,7.0,Low,Low,Low,"October 14, 2021"
EMP2225,21.0,Female,Admin,Admin Executive,3.0,30265.96,38.0,0.0,No,7.4,10.0,1.0,10.0,8,7.0,0.0,1.0,5.0,Yes,8.0,Low,Low,Low,13-May-2017
EMP3006,31.0,Female,Hr,Accountant,0.2,32425.18,39.0,0.0,No,7.5,9.0,1.0,8.0,6,6.0,7.0,4.0,5.0,No,8.0,High!,Low,Low,2020-05-14
EMP4962,36.0,Male,Customer Support,Support Team Lead,1.6,19522.5,42.0,6.0,No,8.8,10.0,1.0,9.0,8,6.0,-17.0,2.0,5.0,Yes,7.0,Low,Low,Low,23-Nov-2019
EMP5160,45.0,Male,Marketing,Content Strategist,7.2,39827.45,35.0,0.0,No,7.4,9.0,2.0,10.0,4,6.0,0.0,3.0,5.0,Y,7.0,Low,Low,Low,2019/07/26
EMP1986,37.0,Male,R&D,Data Scientist,2.0,45842.33,51.0,12.0,Yes,7.6,9.0,1.0,10.0,6,7.0,1.0,2.0,5.0,Y,8.0,Low,Low,Low,27-Jul-2015
EMP1523,20.0,Male,Hr,Hr Manager,0.7,40028.83,43.0,8.0,Y,5.7,9.0,1.0,9.0,5,7.0,29.0,5.0,5.0,Yes,8.0,Low,Low,Low,01-18-2023
EMP1461,39.0,Male,Marketing,Support Team Lead,4.4,24946.41,53.0,15.0,No,7.6,9.0,1.0,10.0,4,6.0,3.0,3.0,5.0,Yes,7.0,Low,Low,Low,2017-02-18
EMP4509,47.0,M,Marketing,Marketing Executive,2.6,25291.33,34.0,8.0,No,8.0,9.0,1.0,9.0,6,7.0,14.0,1.0,3.0,Yes,6.0,Low,Low,Low,25/08/2025
EMP4664,27.0,Male,Legal,Legal Counsel,1.2,27680.21,38.0,5.0,Yes,7.8,9.0,1.0,10.0,7,5.0,10.0,3.0,5.0,Y,6.0,Low,Low,Low,02-24-2016
EMP2214,33.0,M,Customer Support,Support Executive,0.6,27511.13,62.0,5.0,Yes,7.2,6.0,1.0,9.0,6,6.0,11.0,4.0,5.0,No,9.0,Low,Low,Low,"July 11, 2025"
EMP2418,28.0,Male,It,It Support,2.0,30961.13,45.0,1.0,No,7.6,9.0,1.0,9.0,5,7.0,11.0,5.0,4.0,No,6.0,Low,Low,Low,20/10/2016
EMP6338,33.0,Female,Admin,Front Desk Executive,3.0,29583.12,45.0,21.0,No,7.9,8.0,2.0,10.0,8,6.0,30.0,1.0,5.0,Yes,7.0,Low,Low,Low,"January 28, 2024"
EMP5982,32.0,Male,Operations,Operations Executive,2.0,32425.18,55.0,21.0,Yes,5.1,7.0,2.0,10.0,6,7.0,51.0,1.0,5.0,No,8.0,Low,Low,Low,-
EMP5030,25.0,Female,Legal,Legal Counsel,1.2,25972.45,44.0,5.0,Yes,7.6,10.0,1.0,10.0,5,9.0,18.0,4.0,5.0,No,7.0,Low,Low,Low,2016-08-05
EMP5935,22.0,Female,Customer Support,Support Executive,4.0,37196.25,49.0,5.0,N,7.5,10.0,1.0,9.0,2,4.0,0.0,4.0,5.0,No,7.0,Low,Low,Medium,27/09/2017
EMP5405,27.0,Male,Cust. Support,Support Team Lead,2.5,32913.02,37.0,6.0,No,20.0,9.0,1.0,9.0,6,5.0,4.0,6.0,5.0,No,6.0,Low,Low,Low,2024-06-30
EMP5683,28.0,Female,Hr,Content Strategist,1.6,32425.18,45.0,12.0,No,6.3,9.0,1.0,8.0,10,5.0,5.0,3.0,5.0,Yes,8.0,,Low,Low,17-Sep-2022
EMP1063,34.0,Female,It,Qa Engineer,4.2,37191.81,30.0,0.0,Y,6.6,10.0,1.0,9.0,5,5.0,100.0,1.0,5.0,N,6.0,Low,Low,Low,-
EMP3344,33.0,Male,Sales,Account Manager,0.7,27117.04,46.0,10.0,No,6.9,7.0,2.0,10.0,9,8.0,16.0,5.0,5.0,No,7.0,Low,Low,Low,-
EMP5015,39.0,Male,Customer Support,Support Executive,1.3,27264.03,45.0,5.0,No,7.2,10.0,1.0,10.0,-,7.0,26.0,3.0,5.0,Yes,6.0,Low,Low,Low, 
EMP4146,43.0,Male,R&D,R&D Engineer,1.4,23167.94,34.0,0.0,Yes,8.1,10.0,1.0,10.0,6,7.0,10.0,2.0,5.0,N,9.0,Low,Low,Low,11-21-2025
EMP1677,26.0,Female,Hr,Recruiter,8.0,35262.79,41.0,1.0,No,8.5,10.0,1.0,9.0,3,6.0,56.0,6.0,5.0,N,6.0,Low,Low,,05-15-2023
EMP6039,27.0,Male,R&D,Data Scientist,0.1,27680.87,61.0,5.0,No,7.0,6.0,5.0,5.0,6,5.0,11.0,5.0,5.0,N,6.0,Medium,Moderate,,"June 27, 2022"
EMP3542,31.0,Male,R&D,Research Analyst,4.9,31814.03,45.0,13.0,No,7.4,9.0,1.0,10.0,8,7.0,45.0,3.0,5.0,Yes,9.0,Low,Low,Low,"May 25, 2017"
EMP4214,33.0,Female,Legal,Compliance Officer,6.8,32425.18,44.0,14.0,N,7.9,10.0,2.0,10.0,4,6.0,3.0,2.0,5.0,Y,7.0,Low,Low,Low,"August 26, 2015"
EMP1442,51.0,Female,Hr,Logistics Coordinator,11.4,41863.27,56.0,-24.0,No,8.7,7.0,2.0,6.0,4,5.0,6.0,1.0,5.0,Y,7.0,Low,Low,Low,2024/11/24
EMP2554,23.0,Female,Admin,Front Desk Executive,5.0,39043.15,45.0,11.0,Yes,7.4,9.0,1.0,10.0,7,6.0,9.0,2.0,5.0,No,6.0,Low,Low,Low,10/04/2022
EMP3020,38.0,Female,Marketing,Content Strategist,1.8,32425.18,58.0,19.0,No,7.6,7.0,1.0,10.0,4,6.0,1.0,3.0,4.0,Yes,7.0,Low,Low,Low,-
EMP3211,24.0,Male,Information Technology,System Admin,0.2,25497.17,45.0,0.0,No,8.7,9.0,1.0,9.0,5,7.0,19.0,2.0,5.0,N,9.0,Low,Low,Low,15/11/2016
EMP4336,25.0,Male,Hr,Recruiter,2.5,26458.17,51.0,13.0,No,8.3,8.0,2.0,8.0,6,5.0,5.0,4.0,4.0,N,6.0,Low,Low,Low,20-Aug-2021
EMP6403,23.0,Male,R&D,Research Analyst,2.5,36051.34,46.0,5.0,No,8.0,9.0,1.0,8.0,7,8.0,25.0,4.0,5.0,No,8.0,Low,Low,Low,2019/11/24
EMP4496,20.0,Male,Customer Support,Support Etam Lead,2.5,32417.87,44.0,5.0,N,7.6,9.0,1.0,10.0,4,6.0,28.0,3.0,5.0,N,7.0,Low, ,Low,02-Sep-2018
EMP2219,32.0,Female,R&D,-,3.6,34577.83,54.0,9.0,Yes,6.2,9.0,1.0,9.0,7,6.0,30.0,2.0,5.0,No,6.0,Low,Low,Low,05-29-2015
EMP6299,31.0,Male,Rnd,R&D Engineer,2.9,23405.05,52.0,9.0,Yes,7.9,9.0,1.0,10.0,3,7.0,10.0,3.0,5.0,Yes,7.0,Low,Low,Low,22/12/2015
EMP5228,33.0,F,Hr,Admin Executive,5.2,37642.13,44.0,10.0,N,7.2,7.0,1.0,6.0,3,4.0,6.0,0.0,5.0,Yes,8.0,Low,Low,Low,2020/02/29
EMP6973,25.0,-,Marketing,Marketing Manager,3.3,41223.12,39.0,0.0,No,6.7,10.0,1.0,10.0,5,6.0,5.0,4.0,4.0,Yes,7.0,Low,Low,Low,09/06/2021
EMP2608,22.0,Male,Marketing,Marketing Executive,2.6,25597.78,30.0,0.0,No,7.7,10.0,1.0,10.0,4,6.0,20.0,3.0,5.0,No,9.0,Low,Low,Low,10-22-2018
EMP4402,26.0,Male,R&D,R&D Engineer,1.6,28836.41,45.0,13.0,Y,8.0,9.0,2.0,10.0,4,6.0,10.0,5.0,5.0,Yes,8.0,Low,Low,Low,20-Mar-2020
EMP1143,35.0,Male,Administration,Front Desk Executive,1.5,26629.47,55.0,25.0,No,5.9,7.0,1.0,10.0,-,7.0,26.0,3.0,5.0,Yes,7.0,Low,Low,Low,07-25-2016
EMP3080,38.0,Male,R&D,Research Analyst,6.3,39534.11,41.0,5.0,No,6.6,10.0,1.0,10.0,9,8.0,0.0,1.0,5.0,Yes,6.0,Low,Low,Low,12-15-2024
EMP3350,26.0,F,Operations,Logistics Coordinator,6.0,34114.24,49.0,5.0,No,6.6,9.0,1.0,9.0,6,7.0,3.0,1.0,5.0,-,6.0,Low,Low,Low,2018-04-03
EMP1453,31.0,Male,R&D,R&D Engineer,2.5,28123.7,48.0,23.0,No,7.2,9.0,1.0,9.0,5,7.0,21.0,3.0,5.0,No,6.0,Low,Low,Low,2017/02/02
EMP5347,23.0,Male,Customer Support,Support Executive,1.4,27131.56,51.0,9.0,N,20.0,8.0,1.0,8.0,8,7.0,9.0,2.0,5.0,Y,8.0,Low,Low,Low,06-23-2017
EMP5476,49.0,Male,R&D,Support Team Lead,1.0,39013.2,64.0,22.0,Yes,5.8,8.0,2.0,9.0,6,7.0,1.0,4.0,5.0,No,9.0,Low,Low,Low,2018-12-02
EMP4398,28.0,F,Sales,Business Development Executive,1.1,32425.18,54.0,11.0,No,6.3,9.0,1.0,8.0,6,7.0,10.0,1.0,5.0,,7.0,Low,Low,Low,"September 08, 2017"
EMP5897,33.0,M,Finance,,0.8,26273.06,40.0,0.0,Y,8.3,10.0,1.0,10.0,6,8.0,0.0,3.0,5.0,N,7.0,Low,Low,,20/07/2015
EMP1035,33.0,,It,It Support,10.3,39100.7,43.0,6.0,No,7.2,9.0,3.0,8.0,5,7.0,5.0,3.0,5.0,N,7.0,Low,Low,Low,13-Mar-2017
EMP5350,50.0,Female,Legal,Legal Counsel,0.5,21829.84,31.0,0.0,No,8.0,10.0,2.0,9.0,6,8.0,1.0,3.0,5.0,N,9.0,Low,Low,Low,2024/04/28
EMP4726,44.0,-,Sales,Account Manager,4.6,35493.89,45.0,5.0,Yes,7.2,8.0,2.0,8.0,6,8.0,10.0,3.0,5.0,No,8.0,Low,Low,Low,02-20-2019
EMP5078,45.0,Female,Hr,Qa Engineer,0.0,27539.15,43.0,0.0,Y,8.8,10.0,1.0,9.0,7,8.0,9.0,0.0,5.0,No,9.0,Low,Low,Low,2025/03/09
EMP1720,31.0,Female,It,Devops Engineer,3.7,25465.41,54.0,5.0,Yes,6.8,7.0,1.0,8.0,4,6.0,10.0,4.0,5.0,No,8.0,Low,Low,Low,01-31-2022
EMP1919,33.0,Male,R&D,Data Scientist,0.0,37475.47,48.0,5.0,No,8.3,10.0,1.0,10.0,6,4.0,0.0,3.0,5.0,No,8.0,Low,Low,Low,2025-07-03
EMP2017,27.0,Female,Legal,Legal Advisor,2.2,21481.76,49.0,12.0,No,6.9,8.0,1.0,9.0,2,6.0,64.0,3.0,5.0,No,7.0,Low, ,Low,2025-12-21
EMP3178,39.0,Male,Information Technology,Devops Engineer,1.0,28145.49,39.0,0.0,Yes,7.8,10.0,1.0,9.0,8,8.0,9.0,5.0,5.0,No,7.0,Low,Low,Low,13-May-2016
EMP4738,40.0,Male,Admin,Office Manager,4.7,42670.55,39.0,2.0,Yes,7.6,9.0,3.0,7.0,5,6.0,3.0,3.0,5.0,No,7.0,Low,Low,Low,17-Jul-2025
EMP4801,33.0,Female,Marketing,Seo Specialist,5.9,36376.14,51.0,16.0,N,7.2,9.0,2.0,10.0,6,6.0,6.0,2.0,4.0,Yes,6.0,Low,Low,Low,02-10-2024
EMP1007,22.0,Male,Administration,Office Manager,4.0,42155.55,33.0,0.0,No,7.8,10.0,3.0,8.0,6,6.0,11.0,2.0,5.0,No,7.0,Low,Low,Low,"January 11, 2016"
EMP6304,25.0,Male,I.T.,System Admin,5.7,31478.98,58.0,27.0,N,7.1,5.0,2.0,8.0,6,6.0,4.0,5.0,5.0,N,8.0,Low,Low,Low,09-21-2023
EMP2877,29.0,Male,Sales,Sales Executive,3.0,33048.06,45.0,15.0,No,7.0,10.0,3.0,10.0,6,5.0,36.0,0.0,5.0,No,6.0,Low,Low,Low,"December 13, 2015"
EMP3164,28.0,Female,Legal,Legal Advisor,3.2,30709.34,45.0,2.0,No,7.4,9.0,1.0,7.0,5,7.0,7.0,3.0,4.0,N,6.0,Low,Low,Low,"March 11, 2016"
EMP6074,33.0,Male,Marketing,Seo Specialist,2.4,23450.25,35.0,3.0,No,7.5,10.0,1.0,9.0,7,6.0,14.0,3.0,5.0,N,8.0,Low,Low,Low,08/06/2020
EMP2570,36.0,Male,Operations,Operations Executive,0.4,26955.83,37.0,1.0,No,7.0,10.0,1.0,9.0,1,6.0,10.0,3.0,4.0,N,5.0,Low,Low,Low,11-25-2016
EMP3126,42.0,Male,Marketing,Content Strategist,2.8,30697.91,51.0,5.0,N,6.5,8.0,1.0,10.0,6,6.0,14.0,2.0,5.0,Y,5.0,Low,Low,Low,28-May-2018
EMP1548,38.0,Male,It,Qa Engineer,6.1,42500.86,39.0,0.0,No,6.7,9.0,1.0,10.0,4,7.0,0.0,5.0,5.0,N,7.0,Low,Low,Low,10/12/2020
EMP6020,33.0,Female,Hr,Hr Generalist,4.2,30989.5,50.0,10.0,No,6.6,7.0,2.0,7.0,5,5.0,10.0,6.0,4.0,No,7.0,Low,Low,Low,01-21-2018
EMP3221,45.0,Female,Admin,Admin Executive,3.7,29922.32,50.0,11.0,No,7.2,10.0,1.0,9.0,4,6.0,9.0,2.0,5.0,No,8.0,Low,Low,Low,2015/10/16
EMP1547,27.0,Male,Sales,Sales Manager,5.3,47192.47,52.0,8.0,Y,7.0,9.0,1.0,10.0,7,8.0,54.0,1.0,5.0,Y,8.0,Low,Low,Low,"November 02, 2016"
EMP4630,21.0,Male,Customer Support,Support Executive,2.5,20500.07,38.0,0.0,N,7.5,9.0,1.0,10.0,6,7.0,21.0,4.0,5.0,Yes,6.0,Low,Low,Low,2019-01-16
EMP6920,43.0,Male,R&D,Support Team Lead,1.3,27343.5,42.0,0.0,No,8.6,10.0,1.0,10.0,,6.0,28.0,3.0,5.0,No,8.0,Low,Low,Low,12-22-2022
EMP2689,38.0,Female,Sales,Account Manager,5.6,44083.55,52.0,13.0,No,7.8,8.0,1.0,8.0,7,7.0,3.0,1.0,5.0,Yes,9.0,Low,Low,Low,2016-01-29
EMP3854,20.0,Female,Cust. Support,Support Team Lead,2.0,36772.08,45.0,7.0,No,7.9,10.0,1.0,10.0,6,6.0,39.0,5.0,5.0,Yes,9.0,Low,Low,Low,"March 19, 2024"
EMP3987,36.0,F,Hr,Hr Executive,1.2,32425.18,50.0,5.0,No,7.3,10.0,1.0,9.0,4,6.0,1.0,4.0,4.0,Yes,7.0,Low,Low,Low,2023-03-27
EMP1052,20.0,Male,Operations,Operations Executive,2.0,32425.18,48.0,3.0,No,6.8,10.0,3.0,8.0,5,6.0,10.0,3.0,4.0,Y,6.0,Low,Low,Low,-
EMP2247,27.0,Male,Legal,Legal Counsel,8.2,39336.86,46.0,6.0,Y,7.2,10.0,1.0,9.0,7,7.0,8.0,2.0,5.0,No,9.0,Low, ,Low,-
EMP3158,33.0,Male,Sales,Business Development Executive,0.5,28722.91,45.0,3.0,No,7.6,10.0,1.0,8.0,8,8.0,10.0,4.0,5.0,N,8.0,Low,Low,Low,24-Apr-2019
EMP1237,38.0,Male,Legal,Legal Counsel,7.2,43147.58,35.0,7.0,No,8.1,10.0,1.0,9.0,4,6.0,51.0,2.0,5.0,Yes,8.0,Low,Low,Low,-
EMP3299,50.0,Male,Sale,Business Development Executive,4.4,31781.56,43.0,1.0,Yes,7.3,9.0,1.0,8.0,5,6.0,8.0,1.0,5.0,No,8.0,Low,Low,,-
EMP1259,31.0,Female,Operations,Operations Executive,2.9,20387.18,41.0,1.0,Y,6.8,10.0,1.0,9.0,8,7.0,12.0,4.0,5.0,N,6.0,Low,Low,Low,2018-12-05
EMP5843,38.0,Male,-,Support Executive,2.5,31138.81,37.0,5.0,Yes,7.2,10.0,1.0,8.0,5,7.0,24.0,3.0,5.0,No,7.0,Low,Low,Low,27/10/2016
EMP5191,33.0,Male,Hr,Compliance Officer,2.2,23441.38,49.0,11.0,No,6.7,9.0,1.0,9.0,4,5.0,10.0,4.0,5.0,N,6.0,Low,Low,Low,"March 04, 2015"
EMP6662,42.0,Male,Finance,Finance Manager,0.3,35662.95,40.0,5.0,Yes,8.6,8.0,4.0,7.0,7,6.0,4.0,3.0,5.0,No,6.0,Low,Low,Low,2017-07-28
EMP5141,33.0,Female,Operations,Logistics Coordinator,5.0,37020.42,57.0,21.0,No,6.4,7.0,1.0,9.0,8,7.0,24.0,3.0,5.0,N,7.0,Low,Low,Low,28/08/2023
EMP1727,20.0,Male,Sales,Sales Executive,0.2,24912.79,34.0,0.0,No,7.2,10.0,2.0,8.0,6,4.0,12.0,2.0,5.0,No,8.0,Low,Low,Low,10-06-2024
EMP4746,39.0,M,Legal,Compliance Officer,5.3,31329.99,44.0,7.0,No,6.8,10.0,1.0,9.0,4,6.0,10.0,5.0,5.0,N,8.0,Low,Low,Low,"June 06, 2018"
EMP1970,38.0,Male,It,Software Engineer,0.3,16972.43,44.0,0.0,Y,7.1,8.0,3.0,8.0,7,4.0,17.0,2.0,5.0,N,6.0,Low,Low,Low,06-07-2023
EMP4048,33.0,Male,R&D,Research Analyst,1.1,26915.88,46.0,10.0,N,6.7,9.0,1.0,6.0,8,6.0,10.0,-7.0,5.0,N,8.0,Low,Low,Low,02-23-2015
EMP5993,30.0,F,Operations,Operations Manager,1.1,32696.16,45.0,0.0,Y,8.3,8.0,1.0,10.0,7,7.0,6.0,0.0,5.0,No,8.0,Low,Low,Low,20/06/2022
EMP4835,29.0,Male,Legal,Legal Counsel,3.9,29259.86,45.0,4.0,No,8.2,10.0,1.0,10.0,5,7.0,7.0,3.0,4.0,N,7.0,Low,Low,Low,01-05-2024
EMP1952,32.0,Female,Admin,Admin Executive,0.5,34439.39,45.0,0.0,No,7.0,10.0,1.0,9.0,6,7.0,37.0,2.0,5.0,N,6.0,Low,Low,Low,2021-07-18
EMP1817,41.0,Male,Hr,Hr Generalist,5.1,32872.66,53.0,13.0,No,6.5,10.0,1.0,9.0,10,9.0,17.0,3.0,5.0,No,6.0,Low,Low,Low,04-13-2022
EMP6438,33.0,Male,R&D,Data Scientist,5.0,48969.74,58.0,20.0,No,6.3,7.0,1.0,8.0,6,7.0,10.0,-2.0,5.0,No,5.0,Low,Low,Low,2025/12/19
EMP1190,34.0,Female,R&D,-,2.2,32255.84,33.0,2.0,No,9.0,10.0,1.0,10.0,2,3.0,12.0,5.0,5.0,Yes,7.0,Low,Low,Medium,23/10/2016
EMP3531,30.0,Male,Sales,Account Mangaer,1.4,32425.18,45.0,1.0,Yes,7.9,9.0,1.0,7.0,8,9.0,20.0,4.0,5.0,,5.0,Low,Low,Low,07-18-2024
EMP2018,20.0,Female,Finance,Auditor,1.5,23747.35,39.0,0.0,No,-11.48875344952403,9.0,1.0,10.0,4,5.0,2.0,2.0,5.0,Yes,8.0,Low,Low,Low,08/08/2024
EMP3262,37.0,Female,Finance,Financial Analyst,11.3,42143.25,40.0,0.0,No,6.6,10.0,1.0,8.0,6,6.0,0.0,4.0,5.0,Yes,9.0,Low,Low,Low,21-Apr-2015
EMP4797,34.0,Male,R&D,R&D Engineer,1.4,28764.15,37.0,2.0,No,6.9,9.0,1.0,10.0,7,7.0,2.0,1.0,5.0,Yes,8.0,Low,Low,Low,2021/02/17
EMP6372,22.0,Male,Hr,Support Team Lead,3.4,34943.09,30.0,0.0,No,8.5,10.0,1.0,10.0,7,5.0,14.0,3.0,5.0,No,8.0,Low,-,Low,21/04/2018
 emp4505 ,33.0,Male,Hr,Hr Manager,3.5,47260.31,37.0,0.0,No,8.2,9.0,2.0,8.0,10,7.0,2.0,5.0,5.0,-,8.0,Low,Low,Low,2024-01-02
EMP5858,32.0,,Finance,Support Team Lead,3.0,45325.6,34.0,0.0,Yes,7.5,10.0,1.0,10.0,,6.0,62.0,5.0,5.0,Y,7.0,Low,Low,Low,03-29-2016
EMP1502,42.0,Male,Marketing,Seo Specialist,7.3,34135.38,45.0,23.0,No,6.1,7.0,1.0,10.0,7,8.0,39.0,2.0,4.0,Yes,6.0,Low,Low,Low,26-Apr-2022
EMP1681,30.0,Male,Hr,Hr Executive,0.8,26284.43,45.0,14.0,No,6.8,7.0,2.0,8.0,6,7.0,2.0,3.0,4.0,No,6.0,Low,Low,Low,2025-05-06
EMP5681,20.0,Male,Hr,Hr Manager,2.0,43513.88,45.0,0.0,No,7.8,10.0,1.0,9.0,3,6.0,0.0,3.0,5.0,No,7.0,Low,Low,Low,2020/08/28
EMP6929,33.0,Female,Customersupport,Customer Success Manager,2.5,32425.18,39.0,7.0,No,6.5,9.0,1.0,10.0,5,7.0,9.0,1.0,4.0,No,8.0,Low,Low,Low,10-28-2023
EMP4624,46.0,Other,Ops,Logistics Coordinator,5.2,24199.06,45.0,5.0,No,7.0,7.0,2.0,8.0,8,6.0,15.0,2.0,5.0,No,8.0,Low,Low,Low,"January 10, 2018"
EMP6487,29.0,M,Human Resources,Hr Executive,1.6,24734.55,51.0,14.0,No,7.1,9.0,1.0,8.0,7,8.0,18.0,3.0,5.0,No,6.0,Low,Low,Low,"October 09, 2024"
EMP3953,33.0,Female,H.R.,Hr Manager,5.9,50452.4,46.0,13.0,Y,5.4,10.0,3.0,7.0,5,6.0,5.0,3.0,5.0,N,5.0,Low,Low,Low,2018-05-21
EMP6208,21.0,Female,Fiannce,Accountant,0.6,28565.06,42.0,4.0,N,8.3,10.0,1.0,10.0,7,6.0,10.0,5.0,5.0,N,8.0,Low,Low,Low,"November 28, 2025"
EMP4864,43.0,Female,Sales,Sales Manager,5.7,42224.55,50.0,7.0,N,5.9,9.0,1.0,8.0,3,6.0,0.0,4.0,5.0,Yes,5.0,Low,Low,Low,2017-12-20
EMP5519,33.0,M,Cust. Support,Support Team Lead,0.6,34890.38,45.0,7.0,N,6.4,9.0,1.0,9.0,8,7.0,14.0,6.0,5.0,No,7.0,Low,Low,Low,11-28-2020
EMP6704,38.0,F,R&D,R&D Engineer,13.9,42157.59,45.0,0.0,Yes,7.8,9.0,2.0,8.0,4,6.0,16.0,5.0,3.0,No,7.0,Low,Low,Low,"March 13, 2026"
EMP3569,27.0,Female,Customer Support,Support Team Lead,0.8,37593.22,45.0,10.0,No,5.5,8.0,1.0,10.0,7,4.0,5.0,1.0,5.0,,7.0,Low,Low,Low,06-23-2019
EMP5145,27.0,Other,Customer Support,Support Team Lead,0.4,33197.44,48.0,12.0,N,8.8,8.0,2.0,9.0,7,7.0,18.0,2.0,5.0,No,9.0,Low,Low,Low,2017/06/18
EMP2484,27.0,Female,Finance,Finance Manager,2.1,39726.96,45.0,0.0,Yes,6.9,10.0,1.0,9.0,8,8.0,28.0,0.0,5.0,No,7.0,Low,Low,,19-Jun-2024
EMP1127,44.0,Male,Human Resources,Recruiter,4.3,31496.87,30.0,2.0,No,5.7,10.0,2.0,8.0,6,5.0,0.0,0.0,5.0,No,7.0,Low,Low,Low,"June 22, 2021"
EMP2266,33.0,Male,Hr,-,9.1,49979.93,33.0,2.0,Yes,6.7,10.0,1.0,9.0,,5.0,20.0,3.0,5.0,N,7.0,Low,Low,Low,03-09-2022
EMP6129,27.0,Male,Operations,Operations Executive,-5.489862823759856,32992.39,45.0,8.0,No,6.8,9.0,1.0,7.0,6,7.0,7.0,2.0,5.0,No,8.0,Low,Low,Low,24/02/2019
EMP2132,40.0,Male,Legal,Compliance Officer,1.9,30214.15,43.0,5.0,No,8.2,9.0,2.0,8.0,7,5.0,10.0,2.0,5.0,N,6.0,Low,Low,Low,-
EMP4187,31.0,Female,Sales,Business Development Executive,0.7,25394.29,43.0,3.0,Yes,7.7,10.0,1.0,9.0,9,8.0,7.0,6.0,5.0,N,7.0,Low,Low,Low,19/10/2022
EMP4880,33.0,Male,Marketing,Seo Specialist,2.5,25751.4,43.0,2.0,No,9.0,9.0,1.0,8.0,10,7.0,11.0,1.0,5.0,No,9.0,Low,Low,Low,16/06/2017
EMP3736,43.0,Female,Sales,Sales Executive,4.0,32896.91,43.0,4.0,No,7.2,8.0,1.0,9.0,4,7.0,8.0,3.0,5.0,N,7.0,Low,Low,Low,2018-12-12
EMP3327,31.0,Female,Marketing,Seo Specialist,2.2,31522.62,50.0,14.0,No,7.3,8.0,1.0,9.0,5,6.0,27.0,0.0,4.0,N,7.0,Low,Low,Low,-
EMP2870,20.0,,Marketing,Marketing Executive,2.0,29656.77,57.0,25.0,Yes,5.9,9.0,2.0,9.0,3,7.0,7.0,3.0,5.0,No,6.0,,Low,Low,15-Aug-2022
EMP5635,25.0,Male,Hr,Hr Generalist,4.8,28366.42,32.0,10.0,No,7.8,9.0,2.0,8.0,6,6.0,10.0,2.0,5.0,No,7.0,Low,Low,Low,26-Dec-2023
EMP2284,39.0,Female,Finance,Finance Manager,0.4,29764.96,44.0,0.0,N,7.6,9.0,1.0,9.0,6,8.0,22.0,6.0,5.0,N,7.0,Low,Low,Low,11-Nov-2020
EMP3551,42.0,Female,Hr,Hr Manager,1.8,39079.23,40.0,0.0,No,7.1,9.0,1.0,10.0,7,6.0,5.0,3.0,5.0,No,8.0,Low,Low,Low,2020-07-31
EMP3222,35.0,Female,It,Software Engineer,0.8,20922.24,61.0,20.0,No,7.7,8.0,3.0,9.0,,6.0,10.0,3.0,5.0,No,7.0,Low,Low,Low,08-29-2023
EMP6041,30.0,Female,Hr,Content Strategist,1.2,21839.28,31.0,0.0,Yes,7.9,10.0,1.0,9.0,5,7.0,27.0,0.0,5.0,N,6.0,Low,Low,Low,10-13-2020
EMP4586,37.0,Female,R&D,Research Analyst,2.5,34368.77,52.0,16.0,No,7.2,9.0,1.0,8.0,3,6.0,10.0,4.0,5.0,Yes,8.0,Low,Low,Low,10/08/2019
EMP6857,54.0,Male,Marketing,Marketing Executive,2.1,30210.14,40.0,3.0,No,7.1,9.0,2.0,10.0,4,5.0,13.0,4.0,5.0,No,6.0,Low,Low,Low,21/01/2016
 emp5670 ,37.0,Male,Customersupport,Customer Success Manager,1.5,33973.92,59.0,21.0,No,5.2,7.0,2.0,6.0,6,6.0,14.0,3.0,4.0,Yes,8.0,Low,Low,Low,30-Jul-2022
EMP4346,34.0,Male,-,Research Analyst,0.6,21996.62,50.0,21.0,Yes,7.2,7.0,3.0,9.0,5,5.0,25.0,2.0,5.0,No,7.0,Low,Low,Low,2026/02/19
EMP5214,33.0,Male,Admin,Office Manager,4.3,51571.62,46.0,6.0,N,6.6,10.0,1.0,9.0,6,6.0,1.0,3.0,5.0,Yes,7.0,Low,Low,Low,2020/08/27
EMP4516,34.0,Male,Human Resources,Hr Generalist,0.5,22002.28,56.0,16.0,No,6.2,7.0,3.0,8.0,5,7.0,27.0,2.0,5.0,Yes,6.0,Low,Low,Low,"February 01, 2018"
EMP1786,50.0,Female,Sale,Slaes Manager,1.0,41767.86,45.0,2.0,Y,8.3,10.0,1.0,9.0,5,7.0,10.0,3.0,5.0,Yes,6.0,Low,Low,Low,2030-06-01
EMP2226,22.0,Male,It,System Admin,4.0,31659.4,48.0,11.0,N,6.3,7.0,3.0,8.0,7,5.0,10.0,4.0,3.0,Yes,7.0,Low,Low,Low,21/07/2021
EMP3576,39.0,Male,Hr,Office Manager,10.5,54754.63,45.0,5.0,No,7.0,6.0,3.0,7.0,5,6.0,29.0,4.0,5.0,N,8.0,Medium,Low,Medium,"February 02, 2025"
EMP1109,22.0,Female,R&D,R&D Engineer,4.0,30623.22,36.0,5.0,No,7.9,8.0,1.0,9.0,10,9.0,1.0,1.0,5.0,Y,7.0,Low,Low,Low,21/12/2019
EMP5879,20.0,Female,Sales,Sales Executive,2.5,27626.17,59.0,21.0,N,7.2,8.0,1.0,8.0,1,4.0,5.0,0.0,5.0,No,7.0,Medium,Moderate,,20/02/2018
EMP3206,44.0,Male,R&D,Research Analyst,2.5,38414.46,50.0,8.0,No,6.3,9.0,1.0,7.0,10,6.0,10.0,5.0,5.0,Yes,6.0,Low,Low,Low,2017-07-26
EMP1556,22.0,Male,Customer Support,Support Executive,1.2,26390.56,45.0,17.0,N,5.9,8.0,1.0,9.0,8,7.0,18.0,3.0,5.0,No,8.0,Low,Low,Low,10-13-2020
EMP3619,48.0,Male,Customer Support,Customer Success Manager,8.1,49185.71,51.0,16.0,No,6.1,8.0,2.0,9.0,2,5.0,10.0,4.0,5.0,N,7.0,Low,Low,Medium,2016-06-09
EMP6880,35.0,Male,Finance,Financial Analyst,11.7,43183.59,39.0,0.0,Yes,7.2,8.0,1.0,8.0,6,6.0,13.0,3.0,4.0,N,6.0,Low,Low,Low,08/04/2025
EMP2118,53.0,Female,Admin,Admin Executive,2.5,25002.38,61.0,30.0,N,6.7,7.0,1.0,10.0,4,7.0,34.0,3.0,5.0,Yes,7.0,Low,Low,Low,10-03-2023
EMP2101,33.0,Other,Legal,Compliance Officer,4.1,38396.63,50.0,8.0,Yes,6.1,10.0,1.0,10.0,9,10.0,10.0,3.0,5.0,N,7.0,Low,Low,Low,"September 27, 2017"
EMP5310,39.0,Female,Hr,Hr Generalist,7.9,34246.39,42.0,2.0,N,7.2,9.0,1.0,10.0,4,5.0,4.0,5.0,5.0,No,7.0,Extreme,Low,Low,2017-05-28
EMP5874,34.0,Male,Hr,Hr Executive,1.4,32425.18,41.0,0.0,Yes,7.2,10.0,20.0,8.0,8,6.0,9.0,3.0,3.0,No,7.0,Low,Low,Low,23/11/2018
EMP3240,38.0,Male,It,Qa Engineer,5.0,35426.38,44.0,2.0,N,6.9,10.0,1.0,6.0,10,5.0,12.0,3.0,5.0,Y,6.0,Low,Low,Low,"May 18, 2018"
EMP1309,34.0,Male,Admin,Office Manager,2.5,51085.96,46.0,10.0,Yes,5.8,8.0,2.0,3.0,8,7.0,2.0,3.0,5.0,No,8.0,Low,Low,Low,"September 17, 2021"
EMP2160,46.0,Female,R&D,Data Scientist,0.2,34509.81,45.0,0.0,N,7.5,10.0,1.0,10.0,7,6.0,18.0,4.0,5.0,Yes,7.0,Low,Low,Low,07-23-2019
EMP6679,22.0,Female,Ops,Operations Manager,3.8,47203.79,34.0,0.0,Yes,7.8,10.0,1.0,8.0,8,6.0,0.0,3.0,5.0,N,7.0,Low,Low,-,13-Jul-2022
EMP5314,39.0,-,Legal,Support Team Lead,2.5,39927.64,56.0,17.0,Yes,5.4,9.0,2.0,8.0,8,6.0,2.0,3.0,5.0,No,6.0,Low,Low,Low,2018/07/07
EMP4708,38.0,F,Sales,Sales Manager,2.5,32425.18,44.0,5.0,N,8.1,10.0,1.0,10.0,6,7.0,30.0,2.0,3.0,No,6.0,Low,Low,Low,"December 06, 2018"
EMP5524,33.0,-,Legal,Compliance Officer,7.5,29332.04,45.0,0.0,No,7.2,10.0,1.0,10.0,6,7.0,0.0,0.0,5.0,Yes,7.0,Low,Low,Low,18/07/2024
EMP6771,40.0,Female,Legal,-,22.0,32425.18,47.0,11.0,No,7.2,9.0,1.0,8.0,7,7.0,22.0,3.0,5.0,No,7.0,Low,Low,Low,2018-09-11
EMP1712,27.0,Female,It,System Admin,1.2,25824.93,44.0,8.0,No,5.9,9.0,1.0,10.0,4,5.0,5.0,0.0,5.0,Y,6.0,Low,Low,Low,05-16-2015
EMP5527,43.0,Female,Hr,Sales Executive,4.5,38927.57,45.0,5.0,N,6.0,8.0,1.0,9.0,10,8.0,4.0,4.0,5.0,N,9.0,Low,Low,Low,05/05/2019
EMP5432,36.0,Male,Sales,Account Manager,3.7,38963.62,45.0,7.0,No,8.1,8.0,1.0,9.0,6,6.0,2.0,3.0,5.0,No,8.0,Low,Low,Low,22-Feb-2020
EMP4920,34.0,M,R&D,Data Scientist,2.2,24013.79,45.0,0.0,N,6.7,10.0,1.0,8.0,9,8.0,9.0,2.0,5.0,No,10.0,Low,Low,Low,"January 20, 2020"
EMP5104,27.0,Male,It,It Support,1.8,24894.18,47.0,2.0,No,7.2,10.0,1.0,10.0,8,6.0,28.0,3.0,5.0,Yes,6.0,Low,Low,Low,"February 11, 2018"
EMP6705,36.0,Male,Hr,-,2.1,27398.97,42.0,0.0,Yes,7.2,10.0,1.0,8.0,5,4.0,7.0,1.0,5.0,No,7.0,Low,Low,,01-02-2019
EMP2220,43.0,Male,Marketing,Support Team Lead,0.6,30562.88,31.0,5.0,N,8.8,10.0,1.0,8.0,7,8.0,20.0,3.0,5.0,Y,6.0,Low,Low,,2026-04-17
EMP4353,30.0,Male,Information Technology,Devops Engineer,1.2,25330.99,44.0,5.0,No,6.4,8.0,1.0,7.0,8,8.0,45.0,5.0,5.0,No,7.0,Low,Low,Low,"July 07, 2021"
EMP1572,34.0,Male,R&D,Data Scientist,5.8,54935.48,41.0,3.0,No,7.4,9.0,1.0,9.0,6,6.0,32.0,3.0,5.0,N,7.0,-,Low,Low,"August 23, 2025"
EMP5691,33.0,Male,Sales,Business Edvelopment Executive,3.4,24888.19,54.0,5.0,No,6.7,6.0,2.0,10.0,5,5.0,15.0,5.0,5.0,N,5.0,Low,Low,Low,07-Jul-2024
EMP5027,29.0,Male,Fiannce,Finance Manager,0.3,38083.2,50.0,15.0,No,7.6,8.0,2.0,7.0,6,5.0,41.0,5.0,5.0,Yes,7.0,Low,Low,Low,-
EMP2471,21.0,Male,Administration,Front Desk Executive,0.1,27763.61,53.0,15.0,No,7.5,7.0,2.0,9.0,8,7.0,8.0,3.0,5.0,N,6.0,Low,Low,Low,"February 13, 2017"
EMP1364,34.0,Female,Operations,Logistics Coordinator,1.8,28084.23,45.0,0.0,No,8.2,10.0,1.0,10.0,4,6.0,31.0,0.0,5.0,Yes,9.0,Low,Low,Low,2023-06-11
EMP6567,46.0,Male,Customer Support,Support Team Lead,1.8,38347.69,37.0,0.0,Yes,7.7,10.0,1.0,9.0,6,5.0,6.0,3.0,5.0,Yes,7.0,Low,Low,Low,"September 05, 2020"
EMP6586,33.0,M,-,Financial Analyst,1.8,24191.71,54.0,5.0,Yes,7.4,10.0,2.0,6.0,6,6.0,27.0,1.0,5.0,N,6.0,Low,Low,Low,"November 18, 2022"
 emp1516 ,30.0,Male,Legal,Compliance Officer,1.5,32425.18,44.0,0.0,Y,6.5,9.0,1.0,8.0,9,7.0,32.0,3.0,5.0,Yes,8.0,Low,Low,Low,29-Jan-2018
EMP2587,36.0,Female,Marketing,Marketing Manager,2.5,49907.38,49.0,13.0,N,8.1,10.0,1.0,10.0,5,6.0,16.0,2.0,5.0,Yes,7.0,Low,Low,Low,04-19-2015
EMP6435,22.0,Male,Hr,Hr Manager,1.8,32425.18,30.0,5.0,No,7.3,9.0,1.0,9.0,5,8.0,23.0,1.0,5.0,N,6.0,Low,Low,Low,2020/01/07
EMP3015,36.0,Male,Marketting,Marketing Executive,1.2,20485.45,45.0,0.0,No,7.2,8.0,1.0,10.0,7,6.0,27.0,1.0,5.0,Yes,8.0,Low,Low,Low,"August 15, 2022"
EMP3806,36.0,Female,,System Admin,5.0,37639.01,41.0,0.0,No,8.9,10.0,1.0,10.0,6,5.0,4.0,1.0,5.0,No,6.0,Low,Low,Low,28-May-2018
EMP6585,21.0,Female,,Hr Executive,3.0,27171.47,39.0,6.0,Yes,7.5,9.0,1.0,10.0,10,6.0,11.0,5.0,5.0,Y,10.0,Low,Low,Low,10-31-2017
EMP2662,40.0,Male,-,Front Desk Executive,2.9,26692.13,39.0,9.0,No,15.0,10.0,1.0,8.0,7,6.0,13.0,4.0,5.0,Yes,7.0,Low,Low,Low,2020/09/15
EMP3187,33.0,Male,Operations,Operations Executive,2.5,19575.84,45.0,9.0,Y,8.2,10.0,1.0,8.0,5,8.0,4.0,4.0,5.0,N,5.0,Low,Low,Low,23-Mar-2019
EMP4939,34.0,Male,Marketing,Support Team Lead,1.6,29869.17,62.0,35.0,N,6.1,4.0,3.0,8.0,5,6.0,10.0,4.0,5.0,-,8.0,Medium,Moderate,Medium,13-May-2023
EMP4314,30.0,Female,Legal,Support Team Lead,5.7,32503.7,41.0,1.0,Yes,8.5,10.0,1.0,9.0,4,6.0,38.0,2.0,4.0,N,7.0,Low,Low,Low,10-14-2015
EMP1674,37.0,Male,Legal,Legal Advisor,3.3,24412.38,35.0,5.0,Yes,6.5,10.0,1.0,9.0,5,7.0,5.0,2.0,3.0,No,7.0,Low,Low,Low,09/12/2016
EMP1819,46.0,Female,Finance,Auditor,2.0,32050.88,49.0,18.0,No,7.0,7.0,2.0,8.0,6,7.0,3.0,4.0,5.0,No,5.0,Low,Low,Low,09-12-2020
EMP4871,30.0,Male,Marketing,Seo Specialist,12.0,45587.98,51.0,16.0,Yes,6.5,8.0,1.0,10.0,5,6.0,4.0,2.0,5.0,No,6.0,Low,Low,Low,05/08/2025
EMP1431,33.0,Female,Ops,Logistics Coordinator,10.0,36853.94,51.0,12.0,No,7.2,8.0,1.0,10.0,6,7.0,8.0,4.0,5.0,Yes,6.0,Low,Low,Low,24/07/2017
EMP6917,46.0,Male,Finance,Financial Analyst,3.0,27004.31,52.0,20.0,N,8.2,9.0,1.0,10.0,3,6.0,1.0,1.0,5.0,N,8.0,Low,Low,Low,"May 12, 2020"
EMP3729,27.0,Male,Admin,Office Manager,2.5,37885.91,62.0,36.0,Yes,5.8,5.0,3.0,7.0,3,4.0,0.0,3.0,5.0,No,7.0,Medium,Moderate,Medium,06-04-2016
EMP6164,34.0,,Admin,Front Desk Executive,2.6,30839.79,41.0,2.0,Yes,6.3,9.0,1.0,10.0,5,5.0,45.0,4.0,5.0,No,8.0,Low,Low,Low,26-Nov-2023
EMP6309,40.0,Male,Human Resources,Hr Manager,0.8,43121.34,47.0,13.0,Y,6.2,9.0,1.0,9.0,7,5.0,36.0,4.0,5.0,Y,7.0,Low,Low,Low,2020/05/01
EMP1313,45.0,Female,Admin,Office Manager,0.5,48376.18,46.0,5.0,Y,7.2,7.0,1.0,9.0,5,6.0,7.0,5.0,2.0,N,6.0,Low,Low,-,2023-07-12
EMP6400,29.0,Male,Finance,Accountant,0.9,27478.41,50.0,10.0,No,7.3,10.0,1.0,10.0,6,6.0,9.0,4.0,5.0,Y,8.0,Low,Low,Low,04/01/2016
EMP3988,23.0,Male,Sale,Sales Executive,5.0,36580.31,37.0,3.0,No,6.1,9.0,1.0,10.0,9,10.0,5.0,0.0,4.0,Y,7.0,Low,Low,Low,2023-12-16
EMP1826,33.0,Female,Operations,Operations Manager,2.5,35432.43,50.0,13.0,Y,7.1,9.0,2.0,8.0,7,7.0,20.0,2.0,5.0,N,6.0,Low,Low,Low,2017/02/20
EMP4745,29.0,Male,Operations,Support Team Lead,1.9,26895.93,50.0,4.0,No,6.8,9.0,1.0,10.0,8,7.0,10.0,6.0,5.0,Yes,7.0,Low,Low,Low,29/02/2024
EMP1060,38.0,Male,R&D,R&D Engineer,0.9,21960.65,50.0,5.0,Yes,6.6,10.0,2.0,8.0,8,6.0,32.0,2.0,5.0,N,7.0,Low,Low,Low,08/02/2020
EMP1682,41.0,Female,I.T.,Qa Engineer,6.9,31066.2,44.0,15.0,No,6.5,9.0,1.0,9.0,7,6.0,5.0,1.0,5.0,Yes,8.0,Low,Low,Low,2019/06/06
EMP3781,30.0,Male,Legal,Legal Advisor,2.5,29391.36,34.0,2.0,N,7.2,10.0,1.0,10.0,7,5.0,14.0,4.0,5.0,Yes,7.0,,Low,Low,28-Jan-2019
EMP6859,47.0,Male,Legal,Support Team Lead,3.8,26916.86,30.0,0.0,No,7.2,10.0,1.0,10.0,7,6.0,33.0,2.0,5.0,Yes,7.0,Low,Low,Low,2022-08-07
EMP3324,35.0,Male,Admin,Front Desk Executive,1.6,27996.91,37.0,25.0,No,7.2,9.0,2.0,10.0,6,5.0,4.0,-6.0,5.0,No,6.0,Low,Low,Low,2019-08-04
EMP4484,33.0,Female,Marketing,Marketing Manager,0.0,33601.82,52.0,14.0,N,7.0,9.0,1.0,10.0,5,8.0,5.0,3.0,5.0,Yes,6.0,Low,Low,Low,2022-11-04
EMP1299,39.0,Other,R&D,R&D Engineer,0.4,30246.94,39.0,0.0,No,7.5,10.0,1.0,8.0,6,6.0,21.0,4.0,5.0,-,8.0,,Low,Low,"January 07, 2017"
EMP3768,26.0,Male,Finance,Auditor,5.9,36906.72,44.0,3.0,N,6.8,10.0,2.0,9.0,5,6.0,12.0,3.0,5.0,Yes,9.0,Low,Low,Low,02/04/2017
EMP2152,21.0,Female,Hr,Hr Executive,3.0,28790.05,51.0,-16.0,No,6.1,9.0,1.0,7.0,5,7.0,11.0,3.0,5.0,No,7.0,Low,Low,Low,2022/01/14
EMP1889,30.0,Female,Finance,Financial Analyst,1.0,31625.01,48.0,14.0,Y,6.7,7.0,2.0,9.0,4,6.0,35.0,3.0,5.0,N,7.0,Low,Low,Low,31/12/2026
EMP6040,36.0,Female,-,Office Manager,4.2,43558.16,45.0,1.0,Yes,7.5,10.0,1.0,9.0,7,9.0,2.0,5.0,5.0,No,6.0,Low,Low,Low,14/02/2025
 emp3056 ,33.0,Male,Fiannce,Accountant,2.6,26362.11,52.0,13.0,Yes,9.0,9.0,2.0,8.0,5,7.0,10.0,3.0,4.0,No,7.0,Low,Low,Low,07-16-2025
EMP2335,33.0,Female,Hr,Legal Counsel,2.5,32425.18,50.0,13.0,No,8.0,9.0,4.0,9.0,5,5.0,3.0,1.0,5.0,Yes,7.0,Low,Low,Low,28-Oct-2016
EMP1644,20.0,Male,Legal,Compliance Officer,0.2,23369.07,34.0,3.0,N,8.4,10.0,1.0,9.0,5,5.0,24.0,4.0,5.0,No,7.0,Low,Low,Low,15/01/2022
EMP3321,40.0,Male,Hr,Hr Executive,5.6,35444.54,45.0,12.0,No,7.2,10.0,1.0,9.0,4,5.0,9.0,5.0,5.0,No,7.0,Low,Low,Low,24-Apr-2021
EMP1526,35.0,Male,Admin,Admin Executive,0.7,32425.18,45.0,9.0,No,5.0,9.0,1.0,9.0,8,8.0,1.0,2.0,5.0,No,7.0,Low,Low,Low,-
EMP5602,34.0,Other,Customer Support,Support Team Lead,3.8,53581.6,36.0,4.0,,7.4,10.0,1.0,9.0,7,6.0,2.0,3.0,5.0,Yes,8.0,Unknown,Low,Low,2022/12/26
EMP3949,33.0,Female,Admin,Admin Executive,1.4,28331.54,42.0,5.0,Yes,8.6,9.0,1.0,10.0,8,8.0,10.0,4.0,5.0,No,7.0,Low,Low,Low,2025/10/17
EMP5812,38.0,Male,R&D,R&D Engineer,0.4,22753.61,52.0,15.0,N,7.1,7.0,1.0,7.0,4,3.0,14.0,4.0,5.0,N,9.0,Low,Low,Medium,-
EMP6112,35.0,Female,R&D,Research Analyst,0.2,23618.73,46.0,16.0,Y,6.6,9.0,2.0,8.0,3,6.0,33.0,3.0,5.0,No,6.0,Low,Low,Low,"August 17, 2018"
EMP3732,37.0,Female,Hr,Support Team Lead,4.5,32425.18,41.0,9.0,No,7.4,10.0,1.0,10.0,8,8.0,16.0,4.0,5.0,Yes,7.0,-,Low,Low,-
EMP5003,33.0,Male,Customer Support,Customer Success Manager,2.5,34786.03,39.0,0.0,No,8.1,9.0,1.0,10.0,6,6.0,8.0,3.0,5.0,Yes,8.0,Low,Low,Low,26/11/2024
EMP1054,30.0,Female,Operations,Logistics Coordinator,0.6,31817.1,59.0,29.0,No,7.2,7.0,2.0,9.0,6,8.0,5.0,3.0,5.0,No,8.0,Low,Low,Low,12-09-2015
EMP6755,41.0,Male,R&D,R&D Engineer,0.6,31821.55,56.0,23.0,No,8.0,7.0,1.0,10.0,6,5.0,6.0,0.0,5.0,Yes,6.0,Low,Low,Low,2019/10/12
EMP1049,20.0,Female,Hr,Recruiter,2.5,25769.08,41.0,1.0,Yes,7.2,10.0,1.0,10.0,5,5.0,11.0,4.0,5.0,Yes,7.0,Low,Low,Low,2018-06-27
EMP1766,32.0,Female,Admin,Office Manager,1.9,36219.5,33.0,2.0,No,6.8,9.0,1.0,8.0,7,6.0,3.0,1.0,5.0,Yes,8.0,Low,Low,Low,2018-08-20
EMP6612,33.0,Female,Admin,Admin Executive,0.5,20962.81,53.0,10.0,Yes,7.4,9.0,1.0,10.0,7,7.0,5.0,2.0,5.0,N,7.0,Low,Low,Low,"April 13, 2016"
EMP4036,39.0,F,Customer Support,Customer Success Manager,9.0,32425.18,42.0,5.0,No,7.0,10.0,2.0,9.0,8,7.0,3.0,3.0,5.0,No,7.0,Low,Low,Low,26/04/2016
EMP3156,43.0,Male,Hr,Recruiter,6.8,34491.69,49.0,3.0,Yes,5.9,10.0,1.0,10.0,9,8.0,3.0,3.0,5.0,Yes,7.0,Low,Low,Low,29/11/2019
EMP5905,39.0,Male,Finance,Auditor,0.1,25990.98,33.0,0.0,N,7.6,10.0,2.0,7.0,6,5.0,4.0,2.0,4.0,No,6.0,Low,Low,Low, 
EMP4593,33.0,Male,Hr,Hr Manager,1.9,39294.98,47.0,0.0,N,9.0,10.0,1.0,10.0,10,7.0,85.0,3.0,5.0,Yes,6.0,Low,Low,Low,2023/05/24
EMP4622,49.0,Male,,Marketing Executive,1.7,22774.84,45.0,0.0,No,8.0,10.0,1.0,10.0,6,7.0,10.0,1.0,5.0,Yes,8.0,Low,Low,Low,2026-04-17
EMP3070,41.0,Female,Legal,Legal Advisor,8.6,32425.18,45.0,1.0,No,7.3,10.0,1.0,8.0,4,5.0,23.0,4.0,5.0,No,7.0,Low,Low,Low,"April 13, 2019"
EMP6447,40.0,Female,Operations,Logistics Coordinator,13.2,41181.61,44.0,0.0,No,7.0,9.0,2.0,9.0,6,7.0,10.0,2.0,5.0,No,5.0,Low,Low,Low,01-Dec-2020
EMP1376,31.0,Male,Finance,Finance Manager,8.4,49360.02,46.0,0.0,Yes,8.3,10.0,1.0,9.0,8,6.0,10.0,2.0,5.0,No,6.0,Low,Low,Low,-
EMP1736,29.0,Female,Marketing,Content Strategist,0.1,27493.49,47.0,3.0,No,8.4,9.0,2.0,9.0,4,5.0,13.0,3.0,5.0,Yes,7.0,Low,Low,Low,15-Aug-2016
EMP6732,39.0,Male,Legal,Legal Advisor,2.1,33947.35,45.0,19.0,Yes,7.9,9.0,1.0,9.0,7,6.0,0.0,3.0,5.0,Yes,8.0,Low,Low,Low,2016/06/01
EMP1594,35.0,Female,Human Resources,Hr Generalist,1.9,27885.5,53.0,12.0,No,6.8,8.0,1.0,10.0,4,5.0,1.0,3.0,5.0,N,5.0,Low,Low,Low,2017/11/26
EMP1348,26.0,M,Sales,Business Development Executive,2.8,30618.48,43.0,6.0,No,7.3,10.0,3.0,7.0,4,7.0,10.0,2.0,5.0,Y,9.0,Low,Low,Low,2015-06-28
EMP3253,36.0,M,Hr,Hr Executive,0.4,32425.18,48.0,12.0,No,15.0,9.0,1.0,9.0,6,7.0,37.0,0.0,5.0,No,6.0,Low,Low,Low,25/11/2020
EMP5189,37.0,Male,I.T.,Qa Engineer,8.5,38036.15,43.0,0.0,No,7.9,10.0,1.0,10.0,7,7.0,18.0,-6.0,5.0,No,7.0,Low,Low,Low,2018-09-10
EMP3855,31.0,Female,It,System Admin,2.5,27129.75,40.0,0.0,Yes,9.0,9.0,1.0,10.0,7,7.0,38.0,2.0,5.0,Yes,9.0,Low,Low,Low,2016-02-07
EMP2248,33.0,Male,Customer Support,Support Team Lead,3.3,41104.58,65.0,31.0,Y,-10.25774175890421,6.0,1.0,10.0,9,8.0,2.0,3.0,5.0,Yes,7.0,Low,Low,Low,12-01-2017
EMP6964,34.0,Female,Marketing,Content Strategist,0.4,24621.99,47.0,5.0,Y,6.5,9.0,1.0,10.0,7,8.0,5.0,1.0,5.0,N,5.0,Low,Low,Low,03/03/2015
EMP6477,33.0,M,Legal,Legal Advisor,10.8,35910.05,49.0,11.0,N,7.3,8.0,2.0,8.0,6,5.0,11.0,5.0,5.0,Y,6.0,Low,Low,Low,2016/01/03
EMP6674,42.0,Female,Admin,Office Manager,1.1,44922.46,37.0,6.0,No,5.6,9.0,1.0,10.0,7,6.0,3.0,2.0,5.0,Yes,8.0,Low,Low,Low,11-Feb-2016
EMP6527,34.0,Male,Marketing,Seo Specialist,1.5,18819.98,53.0,5.0,Yes,7.0,8.0,1.0,10.0,4,6.0,10.0,4.0,5.0,Yes,9.0,Low,Low,Low,2021-07-01
EMP6302,33.0,M,Admin,Front Desk Executive,0.4,29857.93,46.0,10.0,Yes,8.0,9.0,1.0,10.0,5,8.0,14.0,4.0,5.0,No,7.0,Low,Low,Low,"September 08, 2021"
EMP2299,36.0,Female,Operations,Operations Manager,9.0,52681.62,44.0,0.0,N,8.6,9.0,1.0,9.0,4,6.0,13.0,1.0,5.0,N,8.0,Low,Low,Low,2017-09-24
EMP5034,35.0,Male,Legal,Compliance Officer,1.0,24965.84,54.0,25.0,No,6.0,7.0,2.0,9.0,6,6.0,22.0,1.0,5.0,N,8.0,Low,Low,Low,"January 25, 2024"
EMP5095,34.0,Male,Sales,Account Manager,1.7,39388.47,48.0,5.0,Yes,7.5,7.0,1.0,7.0,9,7.0,0.0,2.0,5.0,No,7.0,Low,Low,Low,"November 26, 2021"
EMP5231,30.0,Male,It,Support Team Lead,0.9,21850.39,41.0,5.0,No,7.1,9.0,2.0,10.0,3,4.0,6.0,5.0,5.0,No,7.0,Low,Low,Low,16/08/2024
EMP5620,33.0,Male,Operations,Operations Manager,5.6,47005.07,57.0,18.0,Y,7.3,7.0,1.0,8.0,7,6.0,8.0,2.0,5.0,Yes,9.0,Low,Low,Low,2017-03-10
EMP1935,33.0,Male,Legal,Legal Advisor,3.9,36834.29,62.0,27.0,Yes,7.0,8.0,3.0,7.0,3,7.0,29.0,1.0,5.0,,6.0,Medium,Low,Low,-
EMP2714,31.0,Male,Hr,Recruiter,13.0,44522.63,44.0,9.0,No,7.2,7.0,3.0,8.0,7,7.0,0.0,3.0,5.0,Y,5.0,Low,Low,Low,21/03/2015
EMP3304,44.0,Male,Fiannce,Accountant,2.5,33595.38,47.0,8.0,Yes,7.2,8.0,1.0,9.0,4,8.0,8.0,6.0,5.0,Y,7.0,Low,Low,-,2024/06/14
EMP6673,35.0,Male,Marketing,Content Strategist,0.2,25642.65,32.0,0.0,Yes,7.4,9.0,1.0,9.0,4,4.0,10.0,4.0,4.0,Yes,8.0,Low,Low,Low,23/05/2016
EMP4147,36.0,Female,,Finance Manager,5.1,44674.57,51.0,6.0,No,7.2,9.0,1.0,10.0,7,6.0,6.0,4.0,5.0,N,8.0,Low,Low,Low,07-Apr-2022
EMP6753,35.0,Female,Admin,Front Desk Executive,5.1,34255.92,45.0,11.0,-,7.5,9.0,1.0,10.0,2,6.0,21.0,2.0,5.0,N,6.0,Low,Low,Low,2025/03/07
EMP5873,32.0,Female,Customersupport,-,1.5,49912.78,45.0,13.0,No,6.5,8.0,1.0,10.0,8,9.0,6.0,5.0,5.0,No,9.0,Low,Low,Low,21-May-2018
EMP6230,20.0,Male,Finance,Support Team Lead,0.8,30813.73,48.0,6.0,No,6.2,10.0,1.0,10.0,6,8.0,8.0,8.0,5.0,No,8.0,Low,Low,Low,02-05-2023
EMP4052,29.0,Female,Hr,Hr Executive,4.4,32948.5,45.0,18.0,No,6.4,8.0,2.0,9.0,7,5.0,10.0,3.0,5.0,Yes,6.0,Low,Low,Low,20/04/2023
EMP3446,37.0,Female,Legal,Compliance Officer,0.5,32953.61,51.0,9.0,Yes,6.9,10.0,2.0,8.0,6,6.0,10.0,2.0,5.0,No,7.0,Low,Low,Low,2017-10-31
EMP1707,20.0,Male,Legal,Support Team Lead,2.0,29319.96,33.0,2.0,No,7.1,9.0,1.0,9.0,4,5.0,-4.0,4.0,5.0,Y,7.0,Low,Low,Low,24/09/2018
EMP5656,24.0,Male,Marketing,Marketing Manager,5.0,54622.81,45.0,11.0,Yes,7.1,8.0,1.0,10.0,8,6.0,2.0,5.0,4.0,Yes,7.0,Low,Low,Low,"October 18, 2023"
EMP6432,27.0,Male,Admin,Front Desk Executive,7.7,39651.49,45.0,0.0,No,8.6,9.0,1.0,10.0,8,7.0,14.0,3.0,5.0,Y,9.0,Low,Low,Low,10-17-2025
EMP1653,32.0,Male,Marketing,Marketing Executive,1.7,21598.84,46.0,5.0,No,9.0,10.0,1.0,10.0,5,6.0,43.0,2.0,5.0,Y,7.0,Low,Low,Low,05-Jan-2022
EMP4003,36.0,Female,Marketting,Marketing Manager,0.4,39084.17,45.0,22.0,N,7.2,5.0,3.0,9.0,7,5.0,12.0,2.0,5.0,N,8.0,Low,Low,Low,2016/12/22
EMP5313,25.0,Female,Legal,Legal Advisor,0.3,18430.9,42.0,0.0,N,6.3,10.0,1.0,10.0,6,7.0,2.0,5.0,5.0,Y,8.0,Low,Low,Low,"November 14, 2016"
EMP1417,32.0,Male,Finance,Finacne Manager,6.8,32425.18,44.0,4.0,Yes,7.0,10.0,1.0,8.0,5,8.0,32.0,3.0,5.0,No,8.0,Low,Low,Low,12-18-2023
EMP6082,35.0,Male,It,System Admin,5.9,30253.22,45.0,0.0,No,7.7,9.0,1.0,9.0,6,6.0,3.0,2.0,5.0,Y,5.0,Low,Low,Low,04/03/2019
EMP3857,28.0,M,Finance,Finance Manager,0.3,30491.52,61.0,30.0,N,5.4,8.0,2.0,9.0,7,7.0,11.0,7.0,5.0,N,8.0,Low,Low,Low,02/01/2025
EMP2039,39.0,Male,Finance,Finance Manager,8.2,44765.76,45.0,6.0,No,7.2,9.0,1.0,10.0,8,7.0,19.0,5.0,5.0,Yes,6.0,Low,Low,Low,2022-04-27
EMP1130,25.0,Female,Hr,-,1.7,32425.18,57.0,18.0,Yes,4.8,8.0,1.0,9.0,6,6.0,18.0,5.0,5.0,Yes,5.0,Low,Low,Low,06-19-2015
EMP2149,36.0,Female,Operations,Logistics Coordinator,2.5,29494.02,47.0,10.0,No,8.5,10.0,1.0,9.0,9,7.0,13.0,4.0,5.0,No,8.0,Low,Low,Low,2017/04/02
EMP4911,28.0,Male,Human Resources,Support Team Lead,3.7,50814.45,66.0,29.0,No,7.2,6.0,2.0,7.0,7,6.0,23.0,1.0,5.0,N,7.0,Low,Low,Low,-
EMP3992,20.0,Male,It,It Support,2.0,25468.97,54.0,17.0,No,7.1,9.0,3.0,9.0,9,7.0,2.0,0.0,5.0,N,6.0,Low,Low,Low,2019-02-06
EMP5120,37.0,Male,It,Devops Engineer,6.7,31243.66,37.0,0.0,Yes,7.0,9.0,1.0,10.0,6,8.0,7.0,2.0,5.0,-,9.0,Low, ,Low,24-May-2019
EMP3631,50.0,Female,Ops,Operations Executive,2.7,28869.96,53.0,16.0,Yes,7.3,7.0,1.0,9.0,5,6.0,21.0,2.0,5.0,N,9.0,-,Low,Low,14-Jul-2021
EMP3390,31.0,Female,Customer Support,Support Executive,4.6,31860.06,30.0,3.0,N,8.3,10.0,1.0,10.0,2,5.0,17.0,4.0,5.0,Yes,8.0,Low,Low,Low,03-10-2022
EMP2889,36.0,Female,It,System Admin,2.5,32425.18,53.0,5.0,No,5.9,7.0,1.0,9.0,6,7.0,35.0,0.0,5.0,N,8.0,Low,Low,Low,2020/03/19
EMP2527,29.0,Male,Hr,Support Team Lead,3.5,29832.01,38.0,2.0,Yes,7.5,10.0,1.0,9.0,5,7.0,18.0,4.0,5.0,N,6.0,Low,Low,Low,04-12-2018
EMP4868,46.0,Male,Customer Support,Support Team Lead,0.1,40127.07,43.0,2.0,,8.4,9.0,1.0,8.0,8,7.0,1.0,1.0,5.0,Yes,8.0,Low,Low,Low,2025/01/04
EMP3203,24.0,Female,Customer Support,Customer Success Manager,1.5,42204.66,40.0,0.0,No,8.1,10.0,1.0,9.0,8,7.0,7.0,3.0,5.0,No,7.0,Low,Low,Low,12-12-2021
EMP2022,45.0,Male,Finance,Financial Analyst,2.5,44038.96,62.0,28.0,N,7.1,7.0,1.0,9.0,6,7.0,4.0,5.0,5.0,Yes,8.0,Low,Low,Low,2024/02/14
EMP1872,22.0,Male,R&D,Research Anlayst,2.2,35350.91,30.0,5.0,No,7.2,10.0,1.0,10.0,2,6.0,10.0,2.0,5.0,Yes,5.0,Low,Low,Low,2018-01-13
EMP2566,31.0,Male,Sales,Sales Executive,1.1,26670.52,49.0,6.0,N,7.5,9.0,3.0,10.0,6,7.0,9.0,5.0,4.0,Y,6.0,Low,Low,Low,2024/04/25
EMP1225,29.0,Female,Legal,Compliance Officer,2.5,32048.63,39.0,0.0,No,7.0,10.0,1.0,10.0,4,6.0,10.0,3.0,5.0,N,8.0,Low,Low,Low,-
EMP4778,33.0,Female,Operations,Operations Executive,3.8,30000.94,30.0,0.0,N,6.7,10.0,2.0,8.0,6,6.0,30.0,2.0,5.0,Yes,7.0,Low,Low,Low,2017/09/04
EMP6152,35.0,Male,Hr,Hr Manager,2.5,38615.55,52.0,16.0,No,6.8,8.0,1.0,9.0,1,4.0,19.0,2.0,5.0,N,7.0,Low,Low,Medium,12-11-2023
EMP3928,25.0,Male,Operations,Logistics Coordinator,2.5,35361.52,49.0,9.0,Yes,8.2,10.0,2.0,9.0,9,6.0,67.0,4.0,5.0,No,9.0,Low,Low,Low,03/12/2018
EMP6775,33.0,Female,Operations,Logistics Coordinator,0.1,31354.16,47.0,6.0,N,6.4,8.0,1.0,9.0,8,7.0,6.0,3.0,5.0,No,7.0,Low,Low,Low,2021-04-08
EMP5621,23.0,Female,Legal,Support Team Lead,0.5,25475.58,40.0,5.0,No,8.3,10.0,1.0,9.0,6,6.0,31.0,3.0,5.0,N,7.0,Low,Low,Low,07-Sep-2022
EMP2788,32.0,Male,Operations,Operations Manager,3.5,45362.7,46.0,8.0,N,7.1,7.0,1.0,8.0,3,5.0,3.0,7.0,5.0,-,9.0,Low,Low,Low,"January 23, 2017"
EMP1947,39.0,M,It,Devops Engnieer,2.5,39002.66,38.0,0.0,No,8.6,10.0,1.0,10.0,5,7.0,1.0,1.0,5.0,Y,7.0,Low,Low,Low,06-Aug-2025
EMP6566,20.0,Male,Hr,Support Executive,0.3,26766.78,30.0,2.0,Y,6.2,9.0,1.0,9.0,7,8.0,65.0,3.0,5.0,Yes,6.0,Low,Low,Low,"March 21, 2024"
EMP4701,20.0,Male,Legal,Legal Counsel,2.0,35558.54,44.0,1.0,No,7.5,8.0,1.0,9.0,6,7.0,30.0,2.0,5.0,N,8.0,Low,Low,Low,2016/06/21
EMP4135,34.0,Female,Hr,Hr Manager,5.4,37773.12,36.0,9.0,No,8.0,10.0,1.0,9.0,7,6.0,7.0,3.0,5.0,Yes,7.0,Low,Low,Low,08/01/2026
EMP2908,31.0,Female,Admin,Front Desk Executive,2.5,38457.93,38.0,0.0,No,7.1,9.0,2.0,10.0,4,6.0,1.0,1.0,5.0,Y,9.0,Low,Low,Low,2021-03-21
EMP5450,33.0,Female,Customer Support,Support Team Lead,2.5,29415.93,45.0,5.0,No,7.2,9.0,1.0,8.0,9,7.0,40.0,3.0,5.0,-,8.0,Low,Low,Low,2022-01-09
EMP1067,44.0,Male,It,Qa Engineer,4.3,36612.26,48.0,13.0,N,6.3,9.0,1.0,10.0,7,7.0,11.0,5.0,5.0,No,7.0,Low,Low,Low,10-17-2017
EMP2697,39.0,Male,Admin,Front Desk Executive,0.8,29196.02,42.0,2.0,No,7.3,9.0,1.0,8.0,10,7.0,0.0,1.0,5.0,Yes,6.0,Low,Low,Low, 
EMP1721,50.0,Male,It,System Admin,6.0,30576.46,50.0,9.0,No,7.8,9.0,2.0,10.0,9,7.0,5.0,3.0,5.0,No,8.0,Low,Low,Low,11-10-2020
EMP5241,36.0,-,Customer Support,Customer Success Manager,6.5,49512.41,45.0,1.0,Yes,7.9,8.0,1.0,8.0,5,7.0,1.0,4.0,5.0,N,7.0,Low,Low,Low,-
EMP4092,33.0,,Finance,Support Team Lead,1.2,43336.83,49.0,5.0,,7.2,8.0,1.0,8.0,7,7.0,3.0,3.0,5.0,No,8.0,Low,Low,Low, 
EMP5511,30.0,Male,Finance,Support Team Lead,4.3,41413.4,43.0,0.0,N,5.9,10.0,4.0,7.0,6,6.0,5.0,3.0,5.0,N,6.0,Low,Low,Low,08-Dec-2016
EMP3571,49.0,Female,Finance,Finance Manager,1.5,38635.65,45.0,8.0,Yes,7.0,9.0,1.0,8.0,8,6.0,7.0,6.0,5.0,Y,8.0,Low,Low,Low,07-28-2025
EMP6613,39.0,Female,Operations,Logistics Coordinator,0.5,19998.2,47.0,7.0,Yes,6.7,9.0,1.0,10.0,8,7.0,29.0,3.0,5.0,-,8.0,Low,Low,Low,2019/03/30
EMP1171,24.0,Female,Legal,Compliance Officer,6.0,34742.05,50.0,14.0,Y,7.2,9.0,2.0,8.0,6,7.0,15.0,3.0,5.0,N,6.0,Low,Low,Low,"December 06, 2020"
EMP4676,37.0,Female,Marketing,Marketing Executive,1.1,32425.18,52.0,13.0,No,7.0,7.0,1.0,9.0,7,6.0,20.0,5.0,5.0,No,7.0,Low,Low,Low,20/02/2025
EMP5822,37.0,Male,Information Technology,Software Engineer,0.3,25649.12,32.0,0.0,No,6.1,10.0,2.0,8.0,3,3.0,2.0,2.0,5.0,Y,5.0,Low,Low,Low,03-Jun-2018
EMP2895,20.0,Male,It,System Admin,0.4,24831.67,52.0,5.0,-,7.2,9.0,2.0,9.0,5,8.0,19.0,3.0,5.0,No,9.0,Low,Low,Low,07-20-2017
EMP5234,25.0,Male,Operations,Logistics Coordinator,2.9,32518.11,48.0,9.0,No,6.0,10.0,1.0,10.0,6,5.0,45.0,5.0,5.0,N,7.0,Low,Low,Low,2020/06/26
EMP3856,22.0,Male,Admin,Office Manager,4.0,37221.55,47.0,8.0,Y,6.4,9.0,1.0,9.0,6,6.0,10.0,4.0,5.0,No,7.0,Low,Low,Low,25/03/2022
EMP1449,35.0,-,Customer Support,Support Executive,2.5,34816.88,45.0,7.0,No,5.9,10.0,2.0,8.0,4,4.0,15.0,4.0,4.0,No,5.0,Low,Low,Low,-
EMP2997,25.0,Female,Hr,Support Team Lead,1.5,44222.54,34.0,0.0,No,7.2,10.0,1.0,10.0,7,6.0,60.0,5.0,5.0,N,7.0,Low,Low,Low,2023/12/30
EMP3594,22.0,-,It,System Admin,2.3,26388.27,43.0,6.0,No,8.0,8.0,1.0,8.0,2,5.0,22.0,4.0,5.0,Yes,10.0,Low,Low,Low,"July 16, 2017"
EMP4397,34.0,Female,R&D,Research Analyst,4.3,29483.0,33.0,10.0,N,7.4,9.0,1.0,10.0,10,7.0,5.0,5.0,5.0,Yes,7.0,Low,Low,Low,18-Dec-2020
EMP1988,45.0,Male,R&D,,3.1,29530.95,39.0,6.0,Y,7.2,9.0,1.0,9.0,8,7.0,37.0,5.0,5.0,N,9.0,Low,Low,Low,17-Dec-2015
EMP1969,25.0,Male,Admin,Admin Executive,2.5,35121.77,49.0,12.0,Y,6.7,8.0,1.0,9.0,5,7.0,6.0,3.0,5.0,No,5.0,Low,Low,Low,"November 12, 2019"
EMP1136,35.0,Female,Sales,Business Development Executive,3.8,30298.81,44.0,5.0,No,8.0,10.0,2.0,9.0,6,7.0,10.0,4.0,5.0,Yes,7.0,Low,Low,Low,2023-02-11
EMP2896,20.0,Male,Customer Support,Support Team Lead,2.5,30602.94,44.0,5.0,Yes,7.9,10.0,2.0,8.0,9,8.0,7.0,5.0,5.0,No,7.0,Low,Low,Low,2025-12-05
EMP1174,41.0,F,Finance,Financial Analyst,0.9,29457.23,30.0,4.0,No,7.5,10.0,1.0,8.0,7,6.0,14.0,0.0,4.0,No,6.0,Low,Low,Low,11-Oct-2021
EMP3302,32.0,Female,Admin,Front Desk Executive,1.0,23153.21,36.0,0.0,Yes,7.1,9.0,1.0,9.0,8,8.0,26.0,4.0,5.0,N,6.0,Low,Low,Low,2019/05/16
EMP4205,20.0,Male,Operations,Operations Executive,1.1,23376.28,42.0,2.0,Y,5.7,9.0,1.0,9.0,8,7.0,1.0,4.0,5.0,N,7.0,Low,Low,Low,15/04/2021
EMP5481,22.0,Male,Operations,Logistics Coordinator,4.0,37412.22,51.0,9.0,Yes,8.4,10.0,1.0,9.0,4,5.0,27.0,6.0,5.0,Yes,7.0,Low,Low,Low,2018-09-25
EMP6912,34.0,Male,Marketing,Content Strategist,2.7,27473.37,33.0,0.0,Yes,8.0,10.0,1.0,10.0,4,7.0,1.0,8.0,5.0,No,6.0,Low,Low,Low,2023-02-11
EMP1444,20.0,M,Sales,Business Development Executive,2.0,27558.18,45.0,9.0,Yes,6.5,9.0,2.0,7.0,5,5.0,7.0,0.0,5.0,N,6.0,Low,Low,Low,13-Dec-2016
EMP6197,27.0,Male,Admin,Front Desk Executive,2.6,30540.41,34.0,0.0,Y,5.5,10.0,1.0,6.0,5,7.0,8.0,4.0,5.0,N,7.0,Low,Low,Low,2023/02/02
EMP6154,43.0,Female,,Admin Executive,17.2,45917.59,42.0,7.0,No,0.5,10.0,1.0,8.0,8,6.0,12.0,4.0,5.0,N,7.0,Low,Low,Low,30/09/2025
EMP2827,28.0,,Legal,Legal Counsel,6.4,32425.18,47.0,4.0,No,7.2,10.0,1.0,9.0,5,7.0,18.0,2.0,5.0,Yes,8.0,Low,Low,Low,2021-07-28
EMP3885,28.0,Female,I.T.,Software Engineer,10.0,38646.07,44.0,0.0,Yes,7.2,10.0,1.0,10.0,6,6.0,4.0,4.0,5.0,Y,7.0,Low,Low,Low,"July 14, 2017"
EMP5780,41.0,Male,Legal,Compliance Officer,1.3,24668.7,49.0,12.0,No,6.7,10.0,1.0,9.0,6,6.0,17.0,2.0,5.0,No,6.0,Low,Low,Low,26/12/2016
EMP2581,46.0,Male,Research And Development,Support Team Lead,9.5,35049.58,42.0,5.0,No,9.0,9.0,1.0,10.0,6,6.0,2.0,7.0,5.0,Yes,7.0,Low,Low,Low,-
EMP1089,40.0,Female,R&D,Research Analyst,1.6,28169.68,54.0,5.0,-,8.5,9.0,1.0,8.0,8,7.0,1.0,9.0,5.0,No,6.0,Low,Low,Low,2023/11/02
EMP1794,33.0,Other,Finance,Auditor,1.5,20050.14,45.0,2.0,Y,7.2,10.0,1.0,10.0,7,8.0,18.0,2.0,5.0,Yes,7.0,Low,Low,Low,03-11-2021
EMP3048,34.0,Female,Admin,Front Desk Executive,6.7,41607.94,44.0,13.0,Yes,7.4,9.0,2.0,8.0,8,8.0,31.0,3.0,5.0,N,6.0,Low,Low,Low,-
EMP3177,33.0,Male,Marketing,Marketing Manager,2.5,51073.05,44.0,0.0,No,7.5,10.0,1.0,10.0,3,6.0,20.0,4.0,4.0,Yes,7.0,Low,Low,Low,2016/10/30
EMP2029,51.0,Male,Sales,Account Manager,3.3,43914.75,38.0,0.0,No,6.9,10.0,1.0,8.0,7,9.0,17.0,5.0,5.0,No,8.0,Low,Low,Low,07-02-2016
EMP4414,24.0,Male,Sales,Account Manager,3.8,42501.67,35.0,0.0,No,8.1,9.0,1.0,8.0,4,7.0,46.0,2.0,5.0,N,7.0,Low,Low,Low,19/10/2019
EMP4953,48.0,Male,I.T.,Software Engineer,1.1,32732.6,33.0,0.0,Y,8.4,9.0,1.0,10.0,6,6.0,21.0,3.0,5.0,Yes,7.0,Low,Low,Low,"November 03, 2023"
EMP2329,40.0,Female,Hr,Hr Generalist,2.4,33436.19,37.0,0.0,No,7.4,10.0,2.0,9.0,4,5.0,10.0,3.0,5.0,N,7.0,Low,Low,Low,04/08/2022
EMP4173,20.0,Female,Admin,Admin Executive,2.0,26477.75,50.0,12.0,N,6.4,9.0,2.0,6.0,10,10.0,12.0,8.0,5.0,No,5.0,Low,Low,Low,2017-06-19
EMP4124,43.0,Male,Sales,Account Manager,0.6,28780.5,51.0,13.0,Y,7.9,9.0,2.0,9.0,4,7.0,12.0,2.0,5.0,No,6.0,Low,Low,Low,"October 08, 2017"
EMP1039,33.0,Male,Legal,Legal Counsel,0.0,24157.24,35.0,0.0,No,8.0,10.0,1.0,10.0,-,4.0,34.0,3.0,4.0,Yes,7.0,Low,Low,Low,2021-08-27
EMP6108,20.0,Female,R&D,Research Analyst,1.0,29088.34,37.0,0.0,No,8.1,8.0,1.0,10.0,6,6.0,1.0,3.0,5.0,No,6.0,Low,Low,Low,2022-09-13
EMP1943,25.0,Male,,Hr Generalist,7.0,33264.7,43.0,9.0,No,6.4,10.0,1.0,9.0,4,7.0,0.0,3.0,3.0,No,6.0,Low,Low,Low,"April 23, 2020"
EMP4600,22.0,Male,Marketing,Seo Specialist,3.1,27084.39,47.0,9.0,Yes,7.3,10.0,1.0,9.0,7,7.0,7.0,3.0,5.0,N,8.0,Low,Low,Low,"April 16, 2016"
EMP1665,36.0,Male,Marketing,Marketing Executive,5.6,28532.79,55.0,22.0,No,5.1,6.0,2.0,10.0,7,6.0,3.0,5.0,5.0,No,9.0,Low,Low,Low,30-May-2023
EMP5011,29.0,Male,It,Support Team Lead,0.8,27149.82,48.0,5.0,No,6.4,9.0,2.0,8.0,6,6.0,0.0,3.0,5.0,Yes,6.0,Low,Low,Low,07-20-2025
EMP1452,44.0,M,It,Software Engineer,2.5,23972.17,43.0,0.0,No,8.5,10.0,1.0,8.0,6,7.0,10.0,5.0,5.0,No,6.0,Low,Low,Low,12/04/2023
EMP5876,20.0,Female,Sales,Sales Executive,2.0,27885.52,49.0,5.0,No,8.4,9.0,2.0,9.0,2,5.0,6.0,3.0,5.0,N,6.0,Low,Low,Low,"April 24, 2024"
EMP2684,37.0,F,Hr,Seo Specialist,4.1,24068.21,45.0,5.0,No,8.6,10.0,1.0,10.0,8,7.0,14.0,1.0,5.0,No,8.0,Low,Low,Low,01-09-2022
EMP2148,44.0,Female,Marketing,Marketing Executive,0.4,19181.82,46.0,5.0,No,5.8,8.0,3.0,9.0,5,5.0,25.0,3.0,5.0,N,7.0,Low,Low,Low,-
EMP5273,26.0,Male,Customersupport,-,2.1,44882.61,56.0,13.0,No,7.4,9.0,1.0,10.0,6,8.0,10.0,3.0,5.0,-,7.0,Low,Low,Low,24/08/2020
EMP3184,29.0,Female,It,Qa Engineer,0.8,23212.02,39.0,3.0,No,6.8,9.0,1.0,10.0,6,8.0,18.0,4.0,5.0,Yes,9.0,Low,Low,Low,17/01/2019
EMP1336,42.0,Male,Customer Support,Support Team Lead,0.7,34989.55,42.0,0.0,No,8.1,10.0,1.0,10.0,9,8.0,3.0,6.0,5.0,Yes,9.0,Low,Low,Low,2017-02-20
EMP3166,46.0,Male,R&D,Data Scientist,2.4,52048.45,45.0,3.0,No,9.0,8.0,1.0,7.0,5,4.0,11.0,6.0,4.0,No,7.0,Low,Low,Low,09-09-2025
EMP5930,33.0,Male,Sale,Business Development Executive,10.1,40280.23,51.0,17.0,Y,6.4,8.0,3.0,6.0,5,6.0,10.0,5.0,4.0,Y,6.0,Low,Low,Low,31-May-2025
EMP1301,33.0,Male,Marketing,Marketing Manager,4.1,47365.44,40.0,0.0,N,8.6,10.0,2.0,8.0,8,6.0,6.0,2.0,5.0,N,8.0,Low,Low,Low,07-22-2025
EMP2600,37.0,Female,Operations,Operations Executive,1.6,31824.06,32.0,5.0,No,7.6,10.0,1.0,7.0,1,4.0,21.0,3.0,5.0,Y,8.0,,Low,Medium,-
EMP2641,33.0,Female,Legal,Legal Counsel,3.6,31154.74,48.0,3.0,No,6.7,9.0,2.0,9.0,6,5.0,0.0,7.0,5.0,No,8.0,Low,Low,Low,-
EMP1351,26.0,M,Customersupport,Support Executive,0.9,20823.68,43.0,7.0,No,6.9,9.0,1.0,10.0,,6.0,33.0,5.0,5.0,No,7.0,Low,Low,Low,06-05-2024
EMP1624,36.0,Male,Finance,Audiotr,2.2,24775.54,50.0,9.0,Yes,7.7,7.0,1.0,10.0,7,7.0,0.0,2.0,5.0,No,8.0,Low,Low,Low,08-19-2023
EMP6616,36.0,Female,Sales,Business Development Executive,18.0,43257.25,46.0,9.0,No,7.5,8.0,3.0,7.0,3,5.0,5.0,2.0,5.0,No,6.0,Low,Low,Low,"August 21, 2021"
EMP3183,40.0,Male,Human Resources,Hr Manager,3.7,33676.32,52.0,9.0,No,9.0,8.0,3.0,8.0,2,5.0,7.0,4.0,5.0,N,7.0,Low,Low,Medium,11-14-2015
EMP6364,27.0,Male,Hr,Hr Executive,1.1,29163.16,46.0,16.0,No,7.5,9.0,1.0,10.0,9,7.0,9.0,6.0,5.0,No,6.0,Low,Low,Low,2020-02-09
EMP3508,31.0,Female,Administration,Admin Executive,2.5,31175.47,46.0,6.0,No,5.8,9.0,1.0,7.0,5,5.0,17.0,5.0,5.0,Yes,5.0,Low,Low,Low,2015-11-14
EMP3089,37.0,Female,Sale,Account Manager,9.1,39276.31,41.0,0.0,No,6.7,10.0,1.0,9.0,3,5.0,12.0,3.0,5.0,No,7.0,Low,Low,Low,"January 07, 2016"
EMP5819,31.0,Male,H.R.,Hr Executive,13.0,47866.84,39.0,0.0,Yes,7.2,10.0,2.0,9.0,9,7.0,17.0,4.0,5.0,N,8.0,Low,Low,Low,27-Oct-2020
EMP5794,40.0,Male,R&D,Research Analyst,0.9,28780.56,30.0,0.0,N,7.0,10.0,1.0,9.0,7,7.0,11.0,2.0,5.0,Yes,7.0,Low,Low,,2015/09/23
EMP1358,31.0,Male,It,Support Team Lead,1.7,33835.58,33.0,7.0,N,6.4,8.0,1.0,7.0,6,7.0,8.0,7.0,5.0,No,7.0,Low,Low,Low,02-03-2016
EMP2321,31.0,Female,Administration,Support Team Lead,0.2,28608.84,43.0,0.0,No,7.1,10.0,1.0,9.0,6,6.0,16.0,3.0,3.0,No,7.0,Low,Low,Low,"August 22, 2018"
EMP2613,38.0,M,Legal,,2.8,33417.47,58.0,12.0,No,7.5,9.0,1.0,10.0,6,6.0,6.0,3.0,5.0,N,5.0,Low,Low,Low,07-Apr-2024
EMP2856,25.0,Female,Hr,Operations Executive,0.1,19908.15,45.0,2.0,N,8.2,9.0,1.0,9.0,6,7.0,4.0,2.0,5.0,No,7.0,Low,Low,Low,2022/02/14
EMP2525,28.0,Male,Finance,Auditor,10.0,46442.17,40.0,0.0,Yes,5.8,10.0,1.0,9.0,4,5.0,39.0,3.0,5.0,No,6.0,Low,Low,Low,24-Apr-2017
EMP5714,40.0,Male,It,Devops Engineer,0.7,24344.85,58.0,16.0,No,6.9,8.0,1.0,10.0,7,7.0,10.0,3.0,5.0,No,7.0,Low,Low,Low,2025/11/03
EMP6847,33.0,Female,Marketing,Seo Specialist,4.6,41097.32,42.0,0.0,Yes,8.0,9.0,1.0,10.0,8,6.0,4.0,6.0,5.0,No,8.0,Low,Low,Low,02-Aug-2018
EMP6996,21.0,Male,Ops,Logistics Coordinator,1.5,27574.91,30.0,4.0,Yes,6.6,10.0,2.0,10.0,2,4.0,0.0,4.0,5.0,Yes,8.0,Low,Low,Medium,2019/01/20
EMP6900,43.0,Male,Hr,Hr Executive,11.7,43254.74,45.0,1.0,Yes,7.2,10.0,1.0,9.0,8,6.0,18.0,3.0,5.0,Yes,5.0,Low,Low,Low,"June 21, 2026"
EMP2419,35.0,Male,Finance,Auditor,0.5,26438.85,45.0,4.0,Y,7.2,8.0,1.0,9.0,9,6.0,11.0,3.0,5.0,N,5.0,Low,Low,Low,"October 11, 2021"
EMP6636,31.0,Female,Information Technology,It Support,2.8,28652.19,46.0,11.0,N,7.2,9.0,2.0,9.0,6,7.0,10.0,3.0,4.0,Yes,8.0,Low,Low,Low,-
EMP2702,29.0,Male,R&D,Support Team Lead,0.5,32425.18,58.0,5.0,N,7.7,8.0,1.0,10.0,3,7.0,0.0,2.0,5.0,Yes,7.0,Low,Low,Low,"August 27, 2017"
EMP3649,32.0,Male,Marketing,Seo Specialsit,4.9,37242.09,44.0,5.0,Yes,7.3,8.0,1.0,9.0,7,5.0,8.0,5.0,5.0,Yes,8.0,Low,Low,Low,-
EMP4758,32.0,Female,Sales,Account Manager,1.2,35103.5,56.0,19.0,Yes,8.8,7.0,3.0,8.0,9,7.0,1.0,5.0,5.0,No,6.0,Low,Low,Low,2018-09-25
EMP5587,30.0,Male,Admin,Front Desk Executive,2.7,25955.13,52.0,9.0,Y,7.0,8.0,1.0,8.0,6,6.0,10.0,5.0,5.0,Yes,6.0,Low,Low,Low,"March 30, 2018"
EMP1776,33.0,Female,Legal,Compliance Officer,3.0,19451.37,56.0,5.0,No,9.0,8.0,2.0,8.0,9,7.0,7.0,5.0,5.0,No,6.0,Low,Low,Low,04-Feb-2020
EMP3575,39.0,F,Finance,Accountant,1.6,27693.6,42.0,4.0,Yes,7.2,7.0,1.0,9.0,7,5.0,15.0,7.0,5.0,Yes,8.0,Low,Low,Low,2020-10-01
EMP4754,50.0,Male,Hr,Recruiter,-9.241811677391732,32425.18,49.0,5.0,N,6.3,9.0,2.0,9.0,7,6.0,4.0,1.0,5.0,Yes,7.0,Low,Low,Low,"January 22, 2025"
EMP4831,35.0,Female,Admin,Support Team Lead,2.5,34891.45,46.0,11.0,Y,7.2,8.0,1.0,10.0,4,5.0,13.0,4.0,5.0,N,6.0,Low,Low,Low,"December 17, 2019"
EMP2765,52.0,Other,Finance,Financial Analyst,3.9,30760.73,47.0,8.0,N,7.7,8.0,1.0,10.0,9,7.0,42.0,3.0,5.0,Yes,7.0,Low,Low,Low,"August 13, 2023"
EMP1473,36.0,Female,It,Devops Engineer,3.2,33321.23,58.0,-22.0,No,5.3,8.0,2.0,10.0,5,5.0,10.0,3.0,4.0,Yes,6.0,Low,Low,Low,2023/02/06
EMP6763,35.0,Female,Hr,Legal Counsel,0.5,25098.36,60.0,37.0,Yes,6.8,5.0,3.0,8.0,8,6.0,-13.0,5.0,5.0,No,6.0,Medium, ,Low,22/02/2018
EMP4492,28.0,Female,Finance,Finance Manager,7.3,54607.18,52.0,17.0,Yes,6.0,10.0,1.0,10.0,9,8.0,5.0,4.0,5.0,No,8.0,Low,Low,Low,06-10-2017
EMP4903,44.0,Male,Customer Support,Support Team Lead,3.0,43635.1,46.0,0.0,No,7.0,9.0,1.0,10.0,8,8.0,25.0,4.0,5.0,N,7.0,Low,Low,Low,01-18-2025
EMP3414,41.0,Male,Admin,,1.4,30328.42,43.0,2.0,No,7.7,10.0,1.0,10.0,8,6.0,26.0,3.0,5.0,Y,7.0,Low,Low,Low,2022/12/06
EMP5286,40.0,Male,It,Software Engineer,1.5,28508.95,45.0,3.0,Yes,-9.596904324747289,10.0,1.0,10.0,5,7.0,26.0,0.0,5.0,No,6.0,Low,Low,Low,28/08/2015
EMP4662,41.0,Female,Sale,Sales Manager,0.4,24346.44,43.0,5.0,N,6.5,10.0,1.0,8.0,4,6.0,4.0,3.0,5.0,Y,7.0,Low,Low,Low,01-Aug-2024
EMP6819,47.0,Female,It,It Support,9.3,40387.72,44.0,2.0,Yes,8.1,9.0,1.0,9.0,8,8.0,0.0,2.0,5.0,Yes,7.0,Low,Low,Low,04-Nov-2023
EMP6503,33.0,Male,Marketing,Content Strategist,6.4,25612.08,38.0,0.0,N,8.0,10.0,1.0,9.0,7,9.0,22.0,6.0,5.0,No,8.0,Low,Low,Low,"March 17, 2017"
EMP4534,40.0,Female,Admin,Admin Executive,0.4,25272.49,46.0,0.0,,7.1,7.0,3.0,7.0,8,7.0,11.0,0.0,5.0,Yes,7.0,Low,Low,Low,16/02/2020
EMP2580,34.0,Male,Finance,-,1.5,42947.5,53.0,13.0,Yes,6.5,6.0,2.0,8.0,6,4.0,9.0,5.0,5.0,No,7.0,Low,Low,Medium,2015-05-21
EMP1479,33.0,Female,Customersupport,Customer Success Manager,3.8,32425.18,47.0,8.0,No,5.4,7.0,3.0,7.0,6,7.0,10.0,5.0,5.0,N,6.0,Low,Low,Low,25-Jun-2016
EMP3637,32.0,Other,Sales,Business Development Xeecutive,4.3,32425.18,36.0,11.0,N,7.5,8.0,1.0,10.0,4,5.0,69.0,6.0,5.0,No,7.0,Low,Low,Low,2016/11/18
EMP1102,29.0,M,Operations,Logistics Coordinator,1.8,23442.11,30.0,3.0,No,8.9,10.0,2.0,10.0,3,5.0,0.0,6.0,5.0,No,6.0,-,Low,Low,07-Jun-2018
EMP2478,42.0,Female,It,Devops Engineer,5.4,26220.29,52.0,14.0,Yes,7.6,7.0,2.0,8.0,6,6.0,26.0,3.0,5.0,N,6.0,Low,Low,Low,2016-11-24
EMP6801,40.0,Male,Operations,Operations Manager,2.5,44279.48,53.0,19.0,Yes,6.7,8.0,2.0,7.0,5,5.0,2.0,4.0,4.0,No,7.0,Low,Low,Low,07-Feb-2022
EMP5065,31.0,Male,Legal,Legal Advisor,7.8,41089.97,49.0,5.0,Yes,6.8,9.0,1.0,9.0,4,5.0,61.0,3.0,5.0,,8.0,Low,Low,Low,24-Apr-2019
EMP3711,37.0,Female,Legal,Legal Advisor,1.4,30958.74,37.0,5.0,No,7.8,10.0,1.0,10.0,5,6.0,6.0,4.0,5.0,N,7.0,Low,Low,Low,22/12/2018
EMP4946,33.0,F,It,System Admin,0.2,26853.61,45.0,11.0,No,5.1,10.0,3.0,8.0,6,7.0,0.0,4.0,4.0,Y,6.0,Low,Low,Low,18/02/2021
EMP4825,33.0,Female,Sales,Sales Manager,1.8,41922.31,58.0,20.0,Yes,8.0,7.0,1.0,6.0,4,4.0,9.0,4.0,5.0,Yes,7.0,Low,Low,Medium,2017/02/08
EMP1742,43.0,Female,Marketing,Content Strategist,3.0,26235.6,45.0,6.0,Y,6.6,10.0,1.0,9.0,5,7.0,20.0,6.0,5.0,Yes,9.0,Low,Low,Low,2022-09-02
EMP6760,37.0,M,-,Legal Counsel,1.1,26391.21,45.0,0.0,No,7.2,9.0,1.0,9.0,6,6.0,22.0,3.0,5.0,Yes,9.0,Low,Low,Low,2024/01/13
EMP1053,41.0,Female,Customer Support,Customer Success Manager,0.5,34466.34,44.0,5.0,Yes,7.8,8.0,1.0,8.0,4,4.0,12.0,3.0,4.0,Yes,7.0,Low,Low,Low,"May 06, 2018"
EMP1987,45.0,F,Admin,Admin Executive,4.6,37955.35,59.0,25.0,No,7.0,7.0,1.0,10.0,6,7.0,11.0,2.0,5.0,Yes,7.0,Low,Low,Low,2021/11/25
EMP4756,42.0,Male,Legal,Support Team Lead,4.7,23719.59,47.0,9.0,No,6.4,9.0,2.0,8.0,1,6.0,0.0,5.0,5.0,N,7.0,Low,Low,Medium,26-Jan-2022
EMP6545,32.0,Male,Hr,Hr Generalist,10.8,32425.18,31.0,0.0,No,8.7,9.0,1.0,9.0,8,6.0,10.0,3.0,5.0,No,8.0,Low,Low,Low,04-May-2018
EMP1068,38.0,Female,Marketing,Seo Specialist,1.4,33307.52,55.0,12.0,No,8.3,8.0,1.0,9.0,8,5.0,8.0,3.0,5.0,Y,7.0,Low,Low,Low,"August 19, 2021"
EMP6946,38.0,Male,Administration,Admin Executive,10.5,33945.41,45.0,16.0,No,7.3,7.0,1.0,10.0,4,7.0,-3.0,2.0,5.0,Yes,7.0,Low,Low,Low,11-25-2018
EMP5036,33.0,Male,Hr,System Admin,1.0,34094.4,45.0,8.0,Yes,7.2,9.0,1.0,10.0,6,7.0,17.0,6.0,5.0,No,8.0,Low,Low,Low,2022-05-20
EMP4618,24.0,Female,Sales,Account Amnager,5.3,45392.74,39.0,0.0,No,8.1,10.0,1.0,9.0,4,6.0,8.0,4.0,5.0,No,9.0,Low,Low,Low,06-Dec-2015
EMP5813,34.0,Male,Information Technology,Qa Engineer,2.5,35453.1,37.0,0.0,No,6.5,9.0,2.0,8.0,6,7.0,17.0,2.0,4.0,No,8.0,Low,Low,Low,19/11/2020
EMP6196,29.0,Female,R&D,,3.3,29559.53,53.0,16.0,No,7.3,9.0,3.0,7.0,3,5.0,6.0,3.0,5.0,No,7.0,Low,Low,Medium,-
EMP6494,25.0,Female,Sales,Sales Executive,7.0,40872.89,47.0,15.0,Yes,6.5,10.0,2.0,9.0,10,8.0,10.0,2.0,4.0,No,6.0,Low,Low,Low,05/01/2023
EMP3774,47.0,Male,Administration,Admin Executive,3.4,33039.51,45.0,0.0,N,8.1,10.0,1.0,10.0,10,7.0,5.0,2.0,5.0,No,6.0,Low,Low,Low,2021-11-02
EMP5429,33.0,Male,Sales,Sales Executive,4.5,33929.61,45.0,2.0,No,7.0,10.0,1.0,9.0,8,6.0,14.0,5.0,5.0,No,5.0,Low,Low,Low,11-06-2020
EMP4343,30.0,Female,Customer Support,Support Team Lead,3.3,26846.17,38.0,0.0,Y,6.8,10.0,1.0,9.0,3,7.0,3.0,3.0,5.0,Y,6.0,Low,Low,Low,"January 27, 2019"
EMP6549,23.0,Female,Legal,Compliance Officer,2.5,28465.46,62.0,26.0,No,8.0,6.0,1.0,10.0,5,7.0,8.0,3.0,5.0,No,7.0,Low,Low,Low,2021-02-11
EMP4324,36.0,-,Fiannce,Auditor,4.2,27325.68,44.0,10.0,Yes,7.9,9.0,3.0,10.0,2,5.0,30.0,3.0,5.0,Y,6.0,Low,Low,Medium,03-13-2020
EMP2239,44.0,Male,Marketing,Marketing Executive,6.3,42857.09,60.0,34.0,Yes,0.5,6.0,2.0,8.0,7,5.0,10.0,3.0,5.0,Y,7.0,Low,Low,Low,29-Oct-2017
EMP1784,21.0,Female,Marketing,Marketing Manager,3.0,43120.9,38.0,5.0,Y,9.0,10.0,3.0,5.0,1,4.0,45.0,4.0,4.0,Yes,6.0,Low,Low,Medium,11/02/2016
EMP6269,20.0,Female,It,Qa Engineer,2.0,32683.01,65.0,18.0,Yes,7.6,6.0,1.0,10.0,5,7.0,38.0,2.0,5.0,Yes,6.0,High!,Low,Low,2026-06-08
EMP6254,32.0,M,Hr,Hr Manaegr,4.3,48700.23,45.0,0.0,Yes,6.2,9.0,1.0,10.0,7,8.0,4.0,3.0,5.0,No,8.0,Low,Low,Low,04-15-2017
EMP6233,35.0,Male,Admin,Admin Executive,5.6,42893.49,62.0,35.0,No,7.9,5.0,6.0,6.0,3,3.0,8.0,1.0,3.0,N,7.0,Medium,Moderate,Medium,2025-12-06
EMP4772,38.0,Male,Cust. Support,Support Executive,15.1,49253.0,43.0,3.0,Yes,6.5,9.0,1.0,9.0,4,6.0,36.0,3.0,5.0,No,7.0,Low,Low,Low,-
EMP3706,33.0,Male,Legal,Legal Advisor,13.3,32425.18,39.0,0.0,N,20.0,8.0,1.0,9.0,4,7.0,10.0,1.0,5.0,No,7.0,Low,Low,Low,"March 17, 2026"
EMP5223,34.0,Female,Finance,Accountant,0.8,28190.31,46.0,6.0,Y,7.7,10.0,1.0,6.0,6,6.0,10.0,6.0,5.0,N,6.0,Low,Low,Low,14-Nov-2019
EMP2974,38.0,Male,Admin,Front Desk Executive,2.7,34261.7,64.0,27.0,N,7.7,6.0,2.0,9.0,10,8.0,43.0,1.0,5.0,N,9.0,Low,Low,Low,2021-08-23
EMP3970,39.0,Female,R&D,Research Analyst,2.8,25985.92,49.0,5.0,No,6.6,10.0,1.0,10.0,4,6.0,20.0,4.0,5.0,Y,8.0,Low,Low,Low,14-May-2019
EMP6357,45.0,Female,Hr,Recruiter,2.1,24040.54,52.0,9.0,No,8.1,8.0,2.0,7.0,8,5.0,12.0,3.0,5.0,No,5.0,Low,Low,Low,2024-04-06
EMP4580,45.0,Other,Legal,Legal Advisor,4.6,29536.42,37.0,1.0,No,6.7,9.0,1.0,10.0,5,6.0,18.0,5.0,4.0,No,7.0,Low,Low,Low,09-24-2015
EMP5387,40.0,Female,R&D,R&D Engineer,14.4,43654.04,46.0,11.0,N,7.6,10.0,1.0,8.0,5,6.0,0.0,3.0,5.0,No,6.0,Low,Low,Low,-
EMP2106,37.0,M,-,Seo Specialist,8.4,30583.72,48.0,0.0,No,7.2,9.0,1.0,10.0,5,7.0,2.0,2.0,5.0,N,8.0,Low,Low,Low,05-25-2015
EMP1950,49.0,Female,Operations,Operations Manager,0.6,34266.41,45.0,3.0,No,7.9,10.0,1.0,9.0,3,5.0,3.0,2.0,5.0,No,8.0,Low,Low,Low,-
EMP4127,54.0,Male,Hr,Hr Generalist,3.9,32274.64,43.0,0.0,No,6.7,10.0,1.0,9.0,7,6.0,15.0,2.0,5.0,No,6.0,Low,Low,Low,2019-03-08
EMP3122,45.0,Female,Marketing,,10.6,45242.6,43.0,0.0,Y,6.5,9.0,1.0,10.0,8,9.0,55.0,3.0,5.0,N,7.0,Low,Low,Low,27/12/2021
EMP4837,35.0,Female,Sales,Sales Manager,0.4,40076.54,41.0,3.0,No,6.1,9.0,1.0,9.0,3,4.0,45.0,2.0,5.0,Yes,8.0,Low,Low,Low,01-09-2022
EMP6225,33.0,Male,R&D,R&D Engineer,0.8,23472.29,45.0,0.0,No,8.1,9.0,1.0,8.0,6,6.0,0.0,2.0,5.0,No,6.0,Low,Low,Low,2026-02-11
EMP4235,32.0,Female,Marketing,Marketing Manager,0.1,27339.71,45.0,7.0,No,6.7,9.0,2.0,9.0,6,6.0,10.0,7.0,5.0,Y,9.0,,Low,Low,"May 19, 2019"
EMP5557,33.0,Male,Sales,Sales Executive,0.5,25984.41,48.0,14.0,No,8.8,10.0,1.0,9.0,4,6.0,26.0,5.0,5.0,No,6.0,Low,Low,,03/10/2015
EMP1639,32.0,Female,R&D,R&D Engineer,3.4,36583.06,36.0,3.0,No,7.8,8.0,1.0,9.0,4,6.0,17.0,3.0,5.0,N,7.0,Low,Low,Low,"January 07, 2018"
EMP4382,44.0,Male,It,Software Engineer,2.5,19649.9,34.0,1.0,N,9.0,10.0,1.0,9.0,6,6.0,16.0,4.0,5.0,Y,8.0,Low,Low,Low,2015/12/15
EMP3566,27.0,Female,Marketing,Content Strategist,6.5,35897.16,45.0,26.0,No,5.7,6.0,1.0,9.0,7,5.0,8.0,3.0,5.0,No,7.0,Low,Low,Low,07-Feb-2019
EMP1757,30.0,Male,Hr,Hr Generalist,0.5,26437.95,39.0,2.0,N,7.5,9.0,1.0,10.0,9,9.0,24.0,3.0,5.0,Yes,4.0,Low,Low,Low,2026-03-16
EMP4663,33.0,Male,R&D,Data Scientist,4.2,47073.36,48.0,12.0,No,7.8,6.0,1.0,9.0,5,5.0,19.0,4.0,5.0,N,8.0,Low,Low,Low,08-02-2021
EMP1878,39.0,Male,Hr,Hr Manager,2.8,46830.95,45.0,2.0,No,7.4,10.0,1.0,10.0,7,8.0,10.0,2.0,4.0,Yes,7.0,Low,Low,Low,2021/11/28
EMP6025,27.0,Male,R&D,Data Scientist,2.0,42405.41,38.0,0.0,No,7.7,10.0,1.0,10.0,7,5.0,4.0,3.0,5.0,N,7.0,Low,Low,Low,2018-03-28
EMP1230,33.0,Male,Operations,Logistics Coordinator,7.9,32425.18,49.0,10.0,N,7.0,10.0,1.0,10.0,6,7.0,7.0,2.0,5.0,No,8.0,Low,Low,Low,-
EMP6749,24.0,Male,,Marketing Executive,6.0,34073.57,43.0,15.0,Y,7.5,8.0,2.0,9.0,7,7.0,3.0,3.0,5.0,Y,7.0,Low,Low,Low,"March 21, 2023"
EMP3460,23.0,Female,R&D,Support Team Lead,5.0,32425.18,45.0,2.0,N,8.3,8.0,1.0,7.0,4,5.0,1.0,2.0,5.0,Yes,7.0,Low,Low,Low,2026-05-07
EMP6415,31.0,Other,Customer Support,Support Team Lead,1.8,31516.61,43.0,2.0,Yes,7.2,10.0,1.0,10.0,9,6.0,10.0,1.0,5.0,No,8.0,Low,Low,Low,"January 25, 2019"
EMP5059,29.0,Male,Customer Support,Support Team Lead,10.7,49232.85,45.0,3.0,Yes,6.9,10.0,2.0,10.0,-,8.0,25.0,6.0,5.0,No,8.0,Low,Low,Low,"February 01, 2024"
EMP5651,39.0,Male,Information Technology,System Admin,-4.728583968804468,20122.65,37.0,3.0,No,7.9,10.0,1.0,8.0,6,6.0,23.0,5.0,4.0,Y,9.0,Low,Low,Low,11/12/2016
EMP5639,30.0,Female,Finance,Finance Manager,0.7,35328.88,49.0,12.0,No,6.7,9.0,2.0,8.0,7,5.0,1.0,2.0,5.0,No,6.0,Low,Low,Low,26/07/2017
EMP2560,30.0,Male,Customer Support,Support Executive,0.7,24769.47,44.0,2.0,N,8.6,9.0,4.0,7.0,3,5.0,28.0,3.0,3.0,Y,7.0,Low,Low,Low,15/03/2027
EMP6628,31.0,Male,Customer Support,Custmoer Success Manager,3.9,48914.34,48.0,5.0,Y,8.2,9.0,1.0,10.0,6,6.0,16.0,5.0,5.0,N,6.0,Low,Low,Low,11/05/2017
EMP5110,41.0,Male,Hr,Hr Executive,1.0,24472.04,43.0,8.0,No,6.9,10.0,1.0,10.0,8,7.0,24.0,2.0,5.0,No,6.0,,Low,Low,-
EMP6626,33.0,Male,Customersupport,Customer Success Manager,4.5,50241.43,30.0,1.0,Yes,6.5,9.0,1.0,10.0,6,6.0,9.0,5.0,5.0,Yes,8.0,Low,Low,Low,11/05/2025
EMP1098,31.0,Female,Admin,Front Desk Executive,2.6,27597.21,42.0,1.0,N,7.0,9.0,1.0,9.0,6,6.0,32.0,6.0,5.0,Yes,7.0,Low,Low,Low,13/06/2019
EMP4696,44.0,M,Sales,Business Development Executive,2.1,29547.1,57.0,18.0,No,5.9,8.0,2.0,10.0,9,7.0,1.0,3.0,5.0,No,8.0,Low,Low,Low,-
EMP2430,27.0,F,Sales,Sales Executive,0.0,33240.28,56.0,20.0,Y,6.9,7.0,3.0,8.0,5,6.0,4.0,3.0,5.0,N,8.0,Low,Low,Low,-
EMP2250,29.0,Female,Hr,Office Manager,1.0,34601.89,48.0,12.0,No,9.0,10.0,1.0,9.0,3,6.0,7.0,3.0,5.0,No,6.0,Low,Low,Low,2025/12/24
EMP3692,33.0,Male,R&D,Support Team Lead,5.3,29894.19,40.0,0.0,No,8.4,10.0,2.0,9.0,4,6.0,7.0,1.0,5.0,N,6.0,Low,Low,Low,2024/03/26
EMP2887,23.0,Male,Finance,-,1.9,20181.26,41.0,0.0,No,6.8,9.0,1.0,10.0,7,6.0,6.0,0.0,5.0,No,8.0,Low,Low,Low,2021-12-19
EMP6101,20.0,Male,Finance,Finance Manager,0.1,48175.65,45.0,1.0,No,7.4,9.0,1.0,9.0,6,7.0,2.0,2.0,5.0,N,7.0,Low,Low,Low,2025-07-15
EMP6874,44.0,Female,Marketing,Content Strategist,12.2,47446.48,46.0,15.0,No,6.5,10.0,1.0,9.0,5,8.0,6.0,3.0,5.0,No,8.0,Low,Low,Low,30-Apr-2015
EMP6611,29.0,Female,Operations,Operations Executive,0.6,22996.6,40.0,4.0,N,-8.825663586355077,10.0,1.0,10.0,4,5.0,4.0,0.0,5.0,Yes,7.0,-,Low,Low,04-23-2020
EMP4551,34.0,M,Operations,Logistics Coordinator,0.7,25629.15,41.0,4.0,No,8.2,8.0,1.0,8.0,5,6.0,8.0,7.0,5.0,Yes,7.0,Low,Low,Low,02-13-2016
EMP4651,34.0,Male,Operations,Operations Executive,0.9,25513.66,43.0,2.0,No,7.4,10.0,1.0,10.0,8,9.0,50.0,3.0,5.0,N,7.0,Low,Low,Low,09-Dec-2016
EMP3060,40.0,Female,It,Qa Engineer,2.8,24579.83,46.0,8.0,No,7.0,10.0,1.0,9.0,5,6.0,41.0,4.0,4.0,N,6.0,Low,Low,Low,05-28-2018
EMP1294,41.0,Male,Admin,Admin Executive,8.7,38030.69,51.0,3.0,Y,7.3,9.0,1.0,9.0,6,8.0,2.0,3.0,5.0,No,9.0,Low,Low,Low,30/09/2022
EMP3769,33.0,Male,Marketing,Marketing Manager,1.0,34849.09,53.0,16.0,N,7.3,8.0,1.0,9.0,2,6.0,1.0,3.0,3.0,No,7.0,Low, ,Low,-
EMP6839,32.0,Female,Operations,Operations Executive,4.0,30813.49,53.0,8.0,,7.8,10.0,1.0,9.0,5,7.0,10.0,5.0,5.0,Yes,9.0,Low,Low,Low,01-12-2015
EMP3353,33.0,Other,Legal,Legal Advisor,7.0,35364.63,30.0,5.0,No,7.5,10.0,1.0,8.0,6,5.0,14.0,2.0,5.0,-,7.0,Low,Low,Low,31/12/2026
EMP4253,33.0,Female,Hr,Hr Executive,10.6,43688.47,36.0,0.0,No,5.9,10.0,1.0,9.0,8,9.0,6.0,2.0,5.0,,8.0,Low,Low,Low,2018-05-28
EMP1159,24.0,Male,Sales,Business Development Executive,1.4,25160.04,60.0,23.0,No,4.8,8.0,3.0,10.0,10,6.0,1.0,3.0,5.0,No,8.0,Low,Low,Low,"July 18, 2018"
EMP2236,20.0,Male,Legal,Compliance Officer,2.0,29430.51,45.0,1.0,No,7.2,9.0,1.0,10.0,5,4.0,9.0,3.0,5.0,Yes,7.0,Low,Low,Low,20-Sep-2022
EMP5746,35.0,Female,Sale,Business Development Executive,1.7,29916.12,34.0,5.0,Yes,6.3,9.0,1.0,7.0,7,8.0,58.0,1.0,5.0,No,7.0,Low,Low,Low,07/07/2016
EMP6896,20.0,Male,Finance,Financial Analyst,2.0,29184.16,41.0,0.0,Y,7.1,10.0,1.0,9.0,8,8.0,17.0,3.0,5.0,No,8.0,Low,Low,Low,14/04/2026
EMP1909,33.0,Male,Legal,Legal Advisor,13.0,43658.44,45.0,14.0,Yes,7.2,9.0,2.0,9.0,7,7.0,0.0,6.0,5.0,No,7.0,Low,Low,Low,"December 14, 2016"
EMP3431,27.0,Female,Customer Support,,0.6,23808.98,44.0,3.0,Y,8.3,9.0,2.0,9.0,5,6.0,3.0,3.0,5.0,Yes,6.0,Low,Low,Low,-
EMP2557,30.0,Male,Hr,Hr Manager,1.6,40085.53,50.0,6.0,Yes,8.0,9.0,2.0,9.0,8,6.0,0.0,5.0,4.0,No,7.0,Low,Low,Low,2019-01-17
EMP1320,38.0,Male,Marketing,Seo Specialist,1.2,36913.43,41.0,0.0,No,7.2,10.0,1.0,9.0,6,5.0,26.0,3.0,5.0,N,7.0,Low,Low,Low,19/12/2025
EMP4808,20.0,Male,It,It Support,1.5,26386.3,45.0,5.0,N,7.6,7.0,2.0,9.0,6,5.0,9.0,0.0,5.0,Yes,9.0,Low,Low,Low,06-29-2024
EMP1014,30.0,Male,Hr,Hr Manager,0.8,28980.58,43.0,2.0,No,7.6,9.0,2.0,9.0,7,7.0,2.0,2.0,5.0,N,7.0,Low,Low,Low,10/08/2024
EMP6071,26.0,Female,Admin,Front Desk Executive,0.6,25509.95,31.0,7.0,N,7.1,10.0,1.0,8.0,6,7.0,22.0,4.0,5.0,No,5.0,Low,Low,Low,2015/01/27
EMP6593,34.0,Male,It,Software Engineer,9.5,35955.57,48.0,5.0,No,7.3,10.0,1.0,10.0,8,7.0,23.0,3.0,5.0,Y,7.0,Low,Low,Low,-
EMP4464,30.0,Male,Customer Support,Support Executive,3.9,34807.25,38.0,3.0,N,6.8,10.0,3.0,9.0,7,5.0,13.0,7.0,4.0,N,6.0,Low,Low,Low,2020/08/13
EMP2446,33.0,Male,Legal,Support Team Lead,0.6,23976.05,45.0,20.0,No,6.9,10.0,2.0,8.0,8,5.0,18.0,4.0,5.0,Y,7.0,Low,Low,Low,2022/06/19
EMP4475,34.0,Female,Marketing,Marketing Manager,0.2,35959.55,48.0,22.0,Yes,8.0,10.0,2.0,9.0,4,6.0,0.0,2.0,4.0,Yes,7.0,Low,Low,Low,03/06/2025
EMP5558,34.0,Male,Finance,Support Team Lead,1.8,31338.99,38.0,0.0,No,7.2,9.0,2.0,8.0,6,6.0,41.0,1.0,5.0,N,6.0,Low,Low,Low,12-Aug-2016
EMP1887,36.0,Male,Customer Support,Support Executive,1.4,20282.92,41.0,11.0,No,7.4,8.0,2.0,6.0,6,6.0,9.0,4.0,4.0,No,5.0,Low,Low,Low,2026-12-31
EMP2692,33.0,Male,Admin,Office Manager,0.3,30963.27,39.0,0.0,N,6.8,10.0,1.0,8.0,3,6.0,33.0,3.0,5.0,No,9.0,Low,Low,Low,24-May-2020
EMP4699,28.0,Male,Fiannce,Auditor,10.0,48510.92,43.0,7.0,No,8.3,10.0,1.0,10.0,9,7.0,3.0,4.0,5.0,Yes,7.0,Low,Low,Low,21-Mar-2016
EMP6693,28.0,Male,Admin,Admin Executive,2.5,32108.56,39.0,1.0,Y,7.4,10.0,1.0,8.0,9,8.0,9.0,0.0,5.0,Yes,6.0,Low,Low,Low,02/05/2022
EMP2719,34.0,Male,Operations,Operations Manager,2.7,47322.63,45.0,15.0,No,6.4,8.0,1.0,9.0,6,5.0,2.0,7.0,5.0,No,8.0,Low,-,Low,11/11/2025
EMP5739,43.0,Male,It,Devops Engineer,5.3,32568.23,45.0,5.0,Yes,6.1,10.0,1.0,7.0,6,6.0,17.0,2.0,5.0,No,9.0,Low,Low,Low,-
EMP4886,38.0,Male,Sales,Sales Manager,5.1,46614.02,47.0,13.0,No,6.1,8.0,2.0,7.0,6,7.0,40.0,3.0,5.0,Y,8.0,Low,Low,Low,20-Feb-2018
EMP5715,43.0,Female,Hr,Sales Manager,9.4,55522.22,37.0,0.0,N,7.6,10.0,1.0,10.0,8,5.0,11.0,2.0,5.0,No,8.0,Low,Low,Low,2016-01-14
EMP1651,33.0,Female,Marketing,Support Team Lead,13.0,44543.27,45.0,1.0,No,7.6,10.0,3.0,9.0,6,6.0,1.0,3.0,5.0,Yes,5.0,Low,Low,Low,02-24-2025
EMP5349,33.0,F,It,Qa Engineer,0.0,25935.29,43.0,5.0,Y,7.9,9.0,1.0,10.0,7,5.0,7.0,3.0,5.0,No,7.0,Low,Low,Low,12/07/2017
EMP5969,45.0,Male,Finance,Support Team Lead,1.4,40190.9,37.0,0.0,No,6.8,10.0,1.0,7.0,7,6.0,41.0,3.0,5.0,N,7.0,Low,Low,Low,"June 12, 2017"
EMP5562,33.0,,Customersupport,Support Team Lead,2.8,46252.33,34.0,5.0,No,8.0,10.0,2.0,7.0,7,6.0,18.0,0.0,5.0,N,7.0,Low,Low,Low,"January 14, 2024"
EMP5849,49.0,Male,It,Software Egnineer,0.9,24397.51,42.0,6.0,No,8.1,10.0,2.0,7.0,5,7.0,4.0,3.0,5.0,No,8.0,Low,Low,Low,03-24-2025
EMP1918,45.0,Female,Marketing,Seo Specialist,4.5,39356.8,33.0,5.0,No,8.3,9.0,2.0,9.0,10,8.0,35.0,1.0,4.0,N,8.0,Low,Low,Low,10-05-2016
EMP6037,27.0,Female,Hr,Hr Manager,9.0,32425.18,41.0,0.0,No,7.2,10.0,1.0,8.0,6,7.0,56.0,3.0,4.0,-,7.0,Low,Low,Low,09-26-2015
EMP1882,35.0,Male,R&D,Research Analyst,2.5,29288.01,47.0,5.0,No,8.0,8.0,1.0,9.0,7,7.0,14.0,0.0,5.0,Y,7.0,Low,Low,Low,28/03/2021
EMP1233,30.0,Male,It,Qa Engineer,3.3,27265.4,41.0,0.0,No,7.8,10.0,1.0,8.0,6,7.0,13.0,3.0,5.0,No,7.0,Low,Low,Low,"May 14, 2022"
EMP3789,47.0,Male,Customer Support,Support Team Lead,0.4,18986.73,44.0,2.0,Yes,7.1,10.0,1.0,10.0,7,5.0,4.0,4.0,5.0,Yes,8.0,Low,Low,Low,2022/06/17
EMP4437,29.0,Male,It,Qa Engineer,2.0,31562.64,36.0,3.0,No,7.8,10.0,1.0,9.0,9,6.0,15.0,3.0,5.0,N,7.0,Low,Low,Low,2017-01-14
EMP4481,27.0,Male,Sales,Account Manager,0.6,34908.84,45.0,1.0,N,8.6,10.0,1.0,10.0,6,8.0,27.0,3.0,5.0,No,4.0,Low,Low,Low,2024/11/11
EMP2994,49.0,Female,Admin,Office Manager,2.1,40881.54,45.0,11.0,No,7.1,10.0,1.0,8.0,7,7.0,55.0,4.0,4.0,No,8.0,Low,Low,Low,05-14-2021
EMP2304,33.0,Male,Customer Support,Support Executive,7.0,36990.01,43.0,6.0,N,6.1,9.0,2.0,8.0,7,5.0,10.0,3.0,4.0,No,6.0,Low,Low,Low,07-01-2022
EMP4391,20.0,Male,Hr,Hr Generalist,2.5,21904.39,44.0,12.0,No,6.0,10.0,2.0,9.0,7,5.0,8.0,3.0,4.0,No,6.0,Low,Low,Low,2026/06/02
EMP3271,31.0,Male,Operations,Operations Executive,2.0,28050.43,34.0,1.0,Y,7.2,7.0,1.0,8.0,5,6.0,4.0,3.0,5.0,No,5.0,Low,Low,Low,-
EMP4131,32.0,Male,Operations,Operations Manager,2.2,44667.01,46.0,16.0,No,20.0,9.0,2.0,7.0,4,6.0,21.0,3.0,5.0,No,6.0,Low,Low,-,25/12/2019
EMP3025,33.0,Male,Operations,Operations Manager,1.3,43881.57,45.0,2.0,No,7.5,10.0,1.0,8.0,8,6.0,31.0,4.0,5.0,No,8.0,Low, ,Low,17/10/2018
EMP4394,48.0,Male,Customer Support,Support Team Lead,4.7,50533.23,42.0,0.0,No,6.6,10.0,1.0,9.0,8,6.0,10.0,2.0,5.0,No,7.0,Low,Low,Low,30/01/2015
EMP2485,47.0,Male,Marketing,Seo Specialist,2.5,35294.24,41.0,2.0,No,7.2,9.0,1.0,9.0,7,6.0,16.0,2.0,5.0,N,7.0,Low,Low,Low,22-Dec-2023
EMP6337,45.0,Female,Legal,Legal Counsel,3.9,29509.76,43.0,0.0,No,8.6,8.0,1.0,9.0,7,6.0,51.0,9.0,5.0,No,9.0,Low,Low,Low,2017-05-13
EMP5630,28.0,Female,R&D,R&D Engineer,10.0,39056.6,51.0,4.0,Yes,6.9,7.0,1.0,7.0,6,6.0,31.0,3.0,5.0,No,8.0,Low,Low,Low,06-06-2025
EMP3976,26.0,Female,Finance,Accountant,6.2,38511.71,50.0,14.0,Yes,7.3,9.0,1.0,9.0,6,5.0,11.0,1.0,4.0,Yes,6.0,Low,Low,Low,05/09/2024
EMP6799,44.0,Male,Customer Support,Support Executive,1.4,29628.91,53.0,13.0,No,6.9,7.0,1.0,8.0,8,8.0,12.0,3.0,5.0,Yes,5.0,Low,Low,Med,12-23-2021
EMP1525,41.0,Female,R&D,Data Scientist,0.9,32425.18,52.0,22.0,Y,6.6,6.0,1.0,10.0,7,7.0,6.0,2.0,5.0,No,7.0,Low,Low,Low,09-Jan-2017
EMP6521,35.0,Male,Hr,Hr Manager,1.0,45349.61,36.0,5.0,No,7.3,9.0,3.0,9.0,6,6.0,13.0,2.0,5.0,Y,6.0,Low,Low,Low,"June 17, 2024"
EMP4443,45.0,Male,Admin,Front Desk Executive,1.3,30881.54,40.0,2.0,Yes,7.2,9.0,1.0,8.0,4,6.0,16.0,2.0,5.0,No,5.0,Low,Low,Low,24/12/2015
EMP3447,35.0,Female,Finance,Financial Analyst,11.5,35908.93,54.0,15.0,No,7.6,10.0,1.0,10.0,7,8.0,21.0,4.0,5.0,Y,8.0,Low,Low,Low,"September 10, 2021"
EMP6846,33.0,Male,Hr,Hr Generalist,2.4,28407.71,47.0,3.0,No,7.4,9.0,2.0,9.0,6,5.0,40.0,2.0,5.0,N,7.0,Low,Low,Low,2021/03/04
EMP5685,28.0,Female,Admin,Office Manager,10.0,51672.95,52.0,9.0,No,7.1,10.0,2.0,10.0,4,5.0,10.0,3.0,5.0,No,4.0,Low,Low,Low,06-09-2020
EMP1673,49.0,Female,Admin,Admin Executive,2.0,31605.11,50.0,13.0,No,7.2,9.0,1.0,9.0,6,7.0,6.0,5.0,5.0,N,7.0,Low,Low,Low,-
 emp1480 ,45.0,M,Customer Support,Customer Success Manager,0.3,38064.81,46.0,4.0,N,7.3,9.0,1.0,8.0,8,5.0,10.0,2.0,5.0,Y,8.0,Low,Low,Low,06-25-2020
EMP3154,45.0,Female,Hr,Recruiter,6.5,34939.81,58.0,20.0,No,6.6,6.0,1.0,9.0,7,6.0,17.0,3.0,5.0,Y,6.0,Low,Low,Low,2023/08/22
EMP6442,33.0,Male,Legal,Legal Counsel,5.7,33025.02,45.0,13.0,No,7.2,9.0,1.0,9.0,6,6.0,3.0,5.0,4.0,No,6.0,Low,Low,Low,06-03-2024
EMP6471,42.0,Male,Hr,Hr Generalist,3.5,29811.69,67.0,35.0,Yes,6.3,8.0,3.0,8.0,4,4.0,6.0,3.0,5.0,No,6.0,Low,Moderate,Medium,"July 20, 2025"
EMP5931,21.0,M,Legal,Compliance Officer,0.5,27540.15,41.0,0.0,Yes,7.2,9.0,1.0,10.0,5,4.0,14.0,4.0,5.0,No,6.0,Low,Low,Low,14/08/2015
EMP4787,27.0,Male,Operations,Operations Manager,2.3,38603.65,40.0,0.0,No,7.2,10.0,1.0,7.0,5,4.0,9.0,4.0,5.0,N,7.0,Low,Low,Low,"February 18, 2015"
EMP1251,33.0,Male,Finance,Accountant,1.6,32425.18,57.0,11.0,No,6.6,9.0,1.0,9.0,9,8.0,9.0,3.0,5.0,No,7.0,Low,Low,Low,-
EMP5762,42.0,Male,Admin,Office Manager,4.2,45983.58,54.0,7.0,N,7.0,9.0,1.0,9.0,5,6.0,20.0,4.0,5.0,No,6.0,Low,Low,Low,2021-02-17
EMP1390,33.0,Male,-,Qa Engineer,7.4,31521.6,42.0,0.0,No,8.0,10.0,1.0,9.0,3,6.0,11.0,1.0,5.0,No,7.0,Low,Low,Low,2015/09/27
EMP2467,40.0,Female,Hr,Hr Generalist,0.8,26097.94,49.0,17.0,Y,7.4,8.0,2.0,8.0,7,4.0,10.0,3.0,5.0,Yes,6.0,Low,Low,Low,11-24-2023
EMP6697,37.0,Male,Operations,Operations Manager,4.1,48204.2,50.0,12.0,No,8.0,9.0,1.0,10.0,6,8.0,14.0,4.0,5.0,N,7.0,Low,Low,Low,2018/10/31
EMP4287,33.0,M,Legal,Legal Counsel,0.5,22903.33,31.0,11.0,Yes,6.8,9.0,1.0,10.0,6,7.0,28.0,5.0,5.0,No,7.0,-,Low,Low,2024/05/25
EMP6458,33.0,Male,Marketing,Marketing Executive,7.1,35818.88,45.0,5.0,No,6.3,10.0,1.0,10.0,6,8.0,10.0,6.0,5.0,No,6.0,Low,Low,Low,2023/08/31
EMP5890,25.0,Male,Admin,Front Desk Executive,0.0,30010.86,45.0,6.0,No,6.9,9.0,2.0,9.0,7,6.0,8.0,2.0,3.0,N,7.0,Low,Low,Low,2020-02-12
EMP2984,28.0,Male,R&D,Research Analyst,1.4,21355.72,49.0,6.0,No,5.9,10.0,1.0,9.0,9,7.0,6.0,2.0,5.0,No,8.0,Low,Low,Low,03-02-2019
EMP2933,36.0,Male,Administration,Support Team Lead,0.6,25871.08,43.0,0.0,N,7.5,10.0,1.0,7.0,6,7.0,6.0,3.0,5.0,No,8.0,Low,Low,Low,03-27-2015
EMP3104,33.0,Female,Legal,Legal Counsel,9.0,55807.68,50.0,5.0,No,7.7,9.0,1.0,10.0,6,7.0,0.0,4.0,5.0,No,7.0,Low,Low,Low,14-Dec-2017
EMP5777,33.0,Male,Marketing,Marketing Manager,5.2,51422.51,51.0,10.0,No,5.7,9.0,1.0,10.0,3,6.0,12.0,3.0,5.0,No,7.0,Low,Low,Low,09/11/2019
EMP2205,36.0,Female,Finance,Financial Analyst,2.5,27952.04,45.0,5.0,Yes,6.7,10.0,1.0,7.0,5,6.0,3.0,5.0,5.0,N,9.0,Low, ,Low,03-Jun-2020
EMP6173,32.0,Female,Legal,Compliance Officer,0.8,32198.1,45.0,8.0,No,6.7,8.0,1.0,10.0,5,7.0,10.0,3.0,5.0,Yes,8.0,Low,Low,Low,07-11-2017
EMP4138,38.0,Female,R&D,Data Scientist,5.7,53587.2,51.0,9.0,No,6.4,10.0,1.0,7.0,7,8.0,1.0,3.0,5.0,No,6.0,Low,Low,Low,17/11/2020
EMP3394,36.0,Male,Sales,Business Development Executive,10.8,38070.44,45.0,6.0,Yes,6.2,10.0,1.0,10.0,4,4.0,12.0,1.0,5.0,Yes,8.0,Low,Low,Low,2018-04-07
EMP5247,35.0,Male,Admin,Office Manager,1.6,38375.43,46.0,-13.0,No,7.7,10.0,1.0,9.0,5,7.0,13.0,2.0,5.0,Yes,7.0,Low,Low,Low,"March 20, 2019"
EMP6944,33.0,Female,Finance,Support Team Lead,7.4,29917.09,45.0,9.0,N,8.5,9.0,4.0,8.0,3,4.0,10.0,2.0,5.0,N,7.0,Low,Low,Medium,11/06/2025
EMP1827,44.0,Female,Marketing,Marketing Executive,1.9,32425.18,45.0,0.0,No,6.1,10.0,1.0,8.0,10,8.0,4.0,5.0,5.0,N,8.0,Low,Low,Low,04/10/2016
EMP6350,38.0,Female,Hr,Recruiter,2.5,29566.88,42.0,0.0,No,9.0,10.0,1.0,9.0,,5.0,17.0,5.0,5.0,No,7.0,-,Low,Low,14-Jun-2021
EMP1524,33.0,Female,Sales,Account Manager,2.8,43731.88,39.0,0.0,N,7.9,10.0,1.0,10.0,5,6.0,19.0,2.0,5.0,No,7.0,Low,Low,Low,23-Mar-2019
EMP2265,25.0,Male,Legal,Legal Advisor,3.0,32160.4,50.0,13.0,No,6.8,8.0,1.0,9.0,4,7.0,26.0,2.0,5.0,Y,8.0,Low,Low,Low,08-13-2019
EMP3069,32.0,Female,It,Devops Engineer,0.4,23581.85,36.0,8.0,Yes,5.5,9.0,1.0,7.0,6,5.0,22.0,2.0,4.0,No,8.0,Low,Low,Low,09/07/2017
EMP1405,33.0,Male,Customer Support,Support Team Lead,6.8,50418.0,33.0,0.0,No,6.5,9.0,1.0,9.0,5,6.0,1.0,3.0,5.0,Yes,6.0,Low,Low,Low,2020/08/23
EMP5353,43.0,Male,Marketting,Support Team Lead,5.9,32116.44,55.0,24.0,No,5.9,6.0,3.0,6.0,4,5.0,23.0,3.0,5.0,No,8.0,Medium,Low,Medium,2020-02-10
EMP1276,22.0,Other,Marketing,Marketing Manager,4.0,39081.49,31.0,0.0,Yes,7.5,9.0,1.0,8.0,7,8.0,1.0,4.0,5.0,Yes,7.0,Low,Low,Low,29/08/2016
EMP3436,31.0,Male,R&D,R&D Engineer,2.3,27822.49,44.0,5.0,No,7.6,10.0,1.0,9.0,2,6.0,2.0,2.0,5.0,Yes,6.0,Low, ,Low,05-20-2019
EMP4766,33.0,Male,Finance,Accountant,15.0,32425.18,34.0,0.0,Yes,6.7,9.0,1.0,10.0,10,7.0,44.0,3.0,4.0,No,7.0,Low,Low,Low,-
EMP5281,33.0,Male,Legal,Compliance Officer,1.2,25232.44,46.0,4.0,Yes,6.9,7.0,1.0,8.0,3,3.0,0.0,2.0,5.0,Yes,6.0,Low,Low,Medium,22-Dec-2017
EMP5569,31.0,Male,Legal,Complaince Officer,0.6,32425.18,54.0,15.0,Yes,7.3,8.0,2.0,7.0,7,5.0,11.0,3.0,5.0,Y,6.0,Low,Low,Low,2024-12-31
EMP3900,39.0,Male,Admin,Office Manager,6.1,48322.16,52.0,10.0,No,7.2,8.0,1.0,9.0,8,8.0,2.0,3.0,5.0,No,8.0,Low,Low,Low,08/02/2016
EMP5908,30.0,Male,R&D,Data Sceintist,-5.934600701798113,49817.44,45.0,14.0,Yes,7.6,8.0,1.0,10.0,4,4.0,3.0,4.0,4.0,Y,8.0,Low,Low,Low,"March 24, 2025"
EMP3388,40.0,Male,Hr,Hr Manager,0.7,37003.8,51.0,9.0,No,6.3,9.0,1.0,7.0,3,7.0,7.0,3.0,5.0,Y,8.0,Low,Low,Low,2016-08-17
EMP6262,37.0,Female,Hr,Support Team Lead,2.6,48483.6,41.0,0.0,No,7.2,10.0,1.0,10.0,6,8.0,6.0,3.0,5.0,N,7.0,Low,Low,Low,-
EMP6699,33.0,Female,Hr,Recruiter,2.7,30673.2,57.0,32.0,No,6.2,7.0,4.0,6.0,2,5.0,2.0,2.0,5.0,N,7.0,Medium,Moderate,Medium,2025/09/09
EMP5460,40.0,Female,Marketing,Marketing Executive,0.3,25060.76,32.0,0.0,N,7.6,9.0,1.0,10.0,6,7.0,38.0,3.0,5.0,Yes,8.0,Low,Low,Low,01-04-2023
EMP5960,40.0,Male,Operations,Logistics Coordinator,4.9,31962.92,36.0,0.0,N,8.5,10.0,1.0,8.0,6,6.0,67.0,0.0,5.0,Yes,8.0,Low,Low,Low,10/12/2019
EMP4901,43.0,M,Hr,,7.9,52898.9,45.0,4.0,No,6.8,8.0,1.0,10.0,5,7.0,8.0,3.0,5.0,,7.0,Low,Low,Low,"April 10, 2026"
EMP2858,57.0,Male,Admin,Office Manager,5.5,32425.18,55.0,24.0,N,7.5,7.0,1.0,9.0,6,7.0,4.0,3.0,5.0,Yes,7.0,Low,Low,Very High,2019/05/22
EMP4008,23.0,Male,Legal,Legal Advisor,0.8,32425.18,53.0,18.0,Yes,6.9,8.0,1.0,8.0,6,6.0,29.0,5.0,5.0,No,7.0,Low,Low,Low,2024-06-08
EMP6687,33.0,M,It,System Admin,3.7,31404.62,43.0,1.0,No,7.0,10.0,1.0,9.0,8,7.0,12.0,1.0,5.0,No,7.0,Low,Low,Low,25/11/2023
EMP2350,29.0,Female,Finance,Support Team Lead,5.7,27659.26,40.0,0.0,No,7.3,10.0,1.0,10.0,5,6.0,3.0,2.0,5.0,Yes,9.0,Low,Low,Low,29/03/2020
EMP5425,37.0,Female,Hr,Customer Success Manager,8.8,47259.17,43.0,-8.0,Y,7.1,10.0,1.0,9.0,8,7.0,1.0,2.0,5.0,-,8.0,Low,Low,Low,16/11/2024
EMP1512,31.0,Female,Information Technology,Qa Engineer,2.5,53486.36,39.0,0.0,Yes,15.0,10.0,1.0,10.0,9,6.0,10.0,3.0,5.0,N,7.0,Low,Low,Low,02-19-2016
EMP5441,27.0,Male,Admin,Office Manager,1.8,32188.41,51.0,21.0,No,5.9,10.0,1.0,10.0,7,8.0,3.0,1.0,5.0,Yes,7.0,Low,Low,Low,09-04-2019
EMP2603,27.0,Male,R&D,Research Analyst,1.4,28531.3,51.0,15.0,No,6.2,9.0,1.0,9.0,7,8.0,7.0,3.0,5.0,Yes,7.0,Low,Low,Low,12-Mar-2020
EMP5928,33.0,Female,Customer Support,Customer Success Manager,0.5,36035.77,40.0,0.0,No,7.3,10.0,1.0,9.0,6,7.0,22.0,2.0,5.0,N,8.0,Low,Low,Low,2021/11/08
EMP5779,20.0,Male,Customer Support,Customer Success Manager,0.4,32425.18,38.0,9.0,No,8.0,10.0,1.0,10.0,8,7.0,3.0,4.0,5.0,No,6.0,Low,Low,Low, 
EMP2676,40.0,-,Operations,Operations Executive,0.4,30598.82,45.0,13.0,No,6.2,9.0,2.0,8.0,5,6.0,24.0,0.0,5.0,Yes,9.0,Low,Low,Low,2019-10-05
EMP5641,31.0,Female,Operations,Logistics Coordinator,1.9,28895.09,54.0,20.0,N,5.2,8.0,1.0,8.0,10,9.0,21.0,3.0,5.0,Yes,7.0,Low,Low,Low,2018-03-10
EMP3505,24.0,Male,Sales,Business Development Executive,0.1,26833.7,39.0,0.0,No,6.7,9.0,1.0,9.0,7,7.0,19.0,1.0,5.0,N,8.0,Low,Low,Low,2021-07-05
EMP5868,34.0,Male,Finance,Finance Manager,0.6,29847.36,45.0,1.0,N,8.4,9.0,1.0,10.0,10,8.0,42.0,3.0,5.0,N,7.0,Low,Low,-,2017-09-21
EMP1066,33.0,Male,Customer Support,Support Executive,4.6,29203.15,39.0,0.0,No,9.0,10.0,1.0,9.0,8,6.0,1.0,1.0,3.0,No,5.0,Low,Low,Low,06-03-2019
EMP2950,27.0,Male,Customer Support,Support Team Lead,2.5,51623.92,39.0,0.0,No,7.3,10.0,2.0,9.0,8,6.0,5.0,1.0,5.0,No,6.0,Low,Low,Low,2015/08/22
EMP6158,33.0,Male,Rnd,R&D Engineer,3.5,31689.46,41.0,2.0,Yes,7.2,10.0,1.0,8.0,6,8.0,24.0,4.0,5.0,No,7.0,Low,Low,Low,01-12-2023
EMP6851,42.0,Female,Hr,Devops Engineer,0.2,26130.33,44.0,4.0,No,7.1,9.0,1.0,6.0,5,6.0,0.0,2.0,5.0,N,5.0,Low,Low,Low,04-06-2021
EMP3420,20.0,Female,Admin,-,2.0,43760.69,41.0,5.0,No,6.5,9.0,1.0,9.0,7,7.0,13.0,3.0,5.0,Yes,9.0,Low,Low,Low,02-Nov-2016
EMP3691,52.0,Male,R&D,R&D Engineer,3.1,27570.05,45.0,8.0,N,7.1,8.0,1.0,8.0,7,5.0,-5.0,4.0,5.0,N,6.0,,Low,Low,"August 22, 2018"
EMP5330,40.0,Female,Finance,Financial Analyst,2.5,29394.49,33.0,0.0,No,7.1,9.0,2.0,9.0,3,5.0,8.0,3.0,5.0,No,7.0,Low,Low,Low,22/09/2017
EMP4355,32.0,Female,Admin,Front Desk Executive,0.4,23399.23,60.0,19.0,No,7.9,6.0,2.0,8.0,5,5.0,5.0,1.0,5.0,N,7.0,Low,Low,Low,30-Oct-2018
EMP1645,54.0,Male,Legal,Legal Counsel,4.7,33343.83,67.0,33.0,Y,6.2,5.0,1.0,10.0,9,7.0,13.0,4.0,5.0,Yes,8.0,Low,Low,Low,07-08-2021
EMP3347,41.0,Other,Marketing,Content Strategist,2.5,29286.27,51.0,12.0,No,7.5,7.0,1.0,10.0,3,5.0,9.0,0.0,5.0,N,7.0,Low,Low,Low,03/02/2026
EMP2666,55.0,Male,Legal,Legal Counsel,6.6,34059.58,50.0,16.0,Yes,7.8,7.0,1.0,8.0,7,7.0,14.0,3.0,5.0,N,8.0,Low,Low,Low,13-Feb-2026
EMP2138,38.0,Male,It,System Admin,0.5,25309.32,52.0,9.0,No,6.3,8.0,1.0,9.0,7,7.0,9.0,3.0,5.0,No,8.0,-,Low,Low,01-11-2022
EMP1541,32.0,Male,,Support Team Lead,4.9,38459.81,40.0,0.0,No,7.7,10.0,1.0,8.0,7,7.0,10.0,1.0,5.0,Y,7.0,Low,Low,Low,"February 01, 2017"
EMP2313,37.0,Male,Operations,Logistics Coordinator,6.1,32425.18,61.0,25.0,No,5.7,7.0,2.0,8.0,4,5.0,6.0,2.0,5.0,Yes,6.0,Low,Low,Medium,07/07/2016
EMP3987,33.0,Female,Hr,Hr Executive,1.2,25329.74,50.0,5.0,No,7.3,9.0,1.0,10.0,6,6.0,1.0,4.0,4.0,Yes,7.0,Low,Low,Low,-
EMP5296,41.0,Female,Marketing,Marketing Executive,2.7,25726.17,47.0,14.0,Yes,6.6,9.0,1.0,10.0,7,6.0,10.0,4.0,5.0,N,7.0,Low,Low,Low,10-Oct-2020
EMP2963,42.0,Male,Sales,Support Team Lead,3.4,32771.2,49.0,5.0,No,6.6,10.0,1.0,10.0,7,6.0,24.0,1.0,4.0,Y,8.0,Low,Low,Low,13/08/2023
EMP6391,27.0,Male,Admin,Front Desk Executive,2.5,22121.12,49.0,5.0,No,7.2,8.0,1.0,10.0,7,6.0,13.0,3.0,4.0,N,7.0,Low,Low,Low,07/05/2025
EMP3361,44.0,Male,It,Software Engineer,3.1,25785.79,53.0,5.0,Y,7.8,8.0,1.0,9.0,9,8.0,10.0,1.0,5.0,No,8.0,Low,Low,Low,18/06/2024
EMP1306,38.0,Male,Operations,Logistics Coordinator,0.7,21198.44,44.0,5.0,No,8.0,9.0,2.0,10.0,6,5.0,23.0,3.0,5.0,N,9.0,Low,Low,Low,"June 19, 2019"
EMP6765,51.0,Male,Administration,Office Manager,4.4,46305.69,35.0,0.0,Y,6.7,10.0,1.0,9.0,9,7.0,0.0,1.0,5.0,No,7.0,Low,Low,Low,2020/02/10
EMP6404,33.0,Female,Legal,Compliance Officer,5.4,36252.27,37.0,6.0,Yes,6.7,10.0,1.0,10.0,8,7.0,5.0,3.0,5.0,N,5.0,Low,Low,Low,"February 18, 2026"
EMP1129,35.0,M,R&D,R&D Engineer,5.3,24204.23,46.0,8.0,Yes,7.2,10.0,1.0,9.0,9,8.0,10.0,1.0,5.0,N,8.0,Low,Low,Low,09-Sep-2024
EMP1395,39.0,Male,Admin,Front Desk Executive,2.4,28894.36,45.0,0.0,No,8.5,10.0,1.0,9.0,5,5.0,12.0,3.0,5.0,No,6.0,Low,Low,Low,2015/08/31
EMP1179,36.0,Male,Operations,Operations Executive,2.8,27238.15,48.0,0.0,No,7.4,9.0,2.0,8.0,4,5.0,0.0,1.0,5.0,Y,6.0,Low,Low,Low,2023-01-17
EMP2929,35.0,Male,Legal,Support Team Lead,3.5,23914.8,43.0,0.0,No,6.9,9.0,1.0,9.0,7,6.0,10.0,6.0,5.0,Yes,7.0,Low,Low,Low,"December 11, 2024"
EMP5422,27.0,Other,Admin,Front Edsk Executive,2.8,26320.4,45.0,16.0,No,5.8,9.0,3.0,8.0,4,6.0,17.0,2.0,4.0,Y,7.0,Low,Low,Low,2024/09/22
EMP5287,32.0,Male,Hr,Hr Generalist,2.5,30492.52,38.0,0.0,No,8.0,9.0,1.0,9.0,6,7.0,50.0,3.0,5.0,No,8.0,Low,Low,Low,"December 04, 2020"
EMP4221,33.0,Female,Sales,Business Development Executive,1.7,32425.18,40.0,0.0,No,6.4,10.0,2.0,9.0,,6.0,49.0,3.0,5.0,N,6.0,Low,Low,Low,2024-11-19
EMP4763,33.0,Female,Hr,,4.2,31787.57,37.0,0.0,No,7.5,9.0,1.0,8.0,7,7.0,9.0,3.0,4.0,Yes,6.0,Low,Low,Low,"January 12, 2026"
EMP1307,25.0,Female,Customer Support,Customer Success Manager,0.2,36304.43,40.0,3.0,Y,7.3,9.0,1.0,10.0,6,7.0,1.0,3.0,5.0,N,8.0,Low,Low,Low,2022/06/21
EMP6160,26.0,M,Sales,Sales Manager,1.2,38033.3,36.0,7.0,No,20.0,8.0,1.0,9.0,4,6.0,4.0,4.0,5.0,No,6.0,Low,Low,Low,20-Apr-2026
EMP6493,35.0,Female,Marketing,Marketing Executive,0.6,23832.8,35.0,10.0,No,7.9,9.0,2.0,8.0,6,7.0,5.0,4.0,5.0,No,8.0,Low,Low,Low,04/09/2019
EMP5591,30.0,Female,It,System Admin,7.2,36520.43,46.0,9.0,No,7.8,9.0,2.0,9.0,6,6.0,10.0,1.0,5.0,Yes,7.0,Low,Low,Low,10-09-2021
EMP4080,20.0,Female,Customer Support,Support Team Lead,2.0,42164.14,41.0,10.0,Yes,6.8,10.0,1.0,8.0,3,5.0,0.0,2.0,5.0,Y,7.0,Low,Low,Low,"February 07, 2024"
EMP1384,26.0,Male,Customer Support,Support Executive,5.2,31968.71,38.0,3.0,Yes,6.1,8.0,1.0,8.0,5,6.0,43.0,3.0,5.0,Yes,7.0,Low,Low,Low,2018-05-04
EMP3558,29.0,M,Sales,Support Team Lead,3.6,28830.79,44.0,0.0,No,6.5,10.0,1.0,10.0,10,6.0,9.0,3.0,3.0,Y,7.0,Low,Low,Low,23/06/2017
EMP3700,20.0,Male,Hr,Support Team Lead,2.5,26160.36,50.0,7.0,No,6.6,9.0,1.0,10.0,8,6.0,12.0,6.0,5.0,N,6.0,Low,Low,Low,02-16-2022
EMP1582,33.0,Male,Legal,Legal Advisor,2.6,26156.69,41.0,0.0,No,8.1,10.0,1.0,10.0,2,6.0,6.0,1.0,5.0,No,9.0,Low,Low,Low,24-Jan-2024
EMP5493,36.0,Female,Finance,Financial Analyst,1.8,27490.3,31.0,8.0,No,8.4,10.0,1.0,7.0,5,5.0,52.0,3.0,5.0,No,8.0,Low,Low,Low,-
EMP4599,44.0,Male,Legal,Legal Advisor,2.5,22148.5,45.0,5.0,Yes,7.0,8.0,1.0,10.0,8,7.0,12.0,4.0,5.0,No,7.0,Low,Low,Low,03-03-2020
EMP4126,32.0,Male,Hr,Hr Executive,0.8,24085.58,35.0,1.0,Y,7.8,10.0,1.0,8.0,4,5.0,16.0,1.0,5.0,Y,6.0,Low,Low,Low,2022/10/04
EMP3580,46.0,F,R&D,Research Analyst,0.2,24127.58,45.0,6.0,No,8.2,9.0,2.0,8.0,6,8.0,69.0,4.0,5.0,No,7.0,Low,Low,Low,30/03/2017
EMP3810,37.0,Male,Sales,Business Development Executive,0.7,26493.82,54.0,32.0,Yes,6.8,8.0,3.0,7.0,7,6.0,5.0,0.0,5.0,Y,6.0,Low,Low,Medium,2024-10-25
EMP1161,32.0,Male,Marketing,Content Strategist,2.5,33800.19,48.0,13.0,No,8.0,7.0,1.0,9.0,8,5.0,20.0,1.0,5.0,No,9.0,Low,Low,Low,2017/05/23
EMP2334,35.0,Female,Marketing,Content Strategist,2.5,31133.87,49.0,10.0,Yes,6.7,8.0,1.0,10.0,4,6.0,18.0,1.0,5.0,Yes,7.0,Low,Low,Low,13/04/2021
EMP6889,37.0,Male,Marketing,Content Strategist,6.7,30593.6,50.0,17.0,Yes,7.5,7.0,1.0,9.0,7,7.0,1.0,3.0,5.0,No,7.0,Low,Low,Low,02-21-2016
EMP6199,26.0,Female,Hr,Sales Manager,0.0,28890.92,48.0,7.0,Yes,6.4,8.0,1.0,10.0,8,9.0,10.0,3.0,5.0,No,9.0,Low,Low,Low,2020-08-25
EMP1936,43.0,Male,Marketting,Support Team Lead,10.8,42817.24,46.0,5.0,Y,5.3,10.0,2.0,9.0,5,7.0,20.0,3.0,5.0,N,8.0,Low,Low,Low,04/11/2023
EMP6135,38.0,Male,Hr,Hr Manager,2.9,50077.7,47.0,5.0,N,-8.430006228112244,9.0,1.0,10.0,6,7.0,8.0,2.0,5.0,No,7.0,Low,Low,Low,2021/06/30
EMP2366,20.0,Male,Sales,Sales Manager,0.7,32425.18,39.0,5.0,No,5.6,9.0,1.0,9.0,7,8.0,49.0,3.0,5.0,No,5.0,Low,Low,Low,2020-07-15
EMP2483,26.0,Male,Finance,Accountant,0.4,23140.71,50.0,5.0,Yes,8.0,8.0,1.0,10.0,1,5.0,69.0,1.0,5.0,No,7.0,Low,Low,Medium,01-04-2018
EMP4121,24.0,Male,,Operations Manager,1.5,32720.62,30.0,0.0,N,7.8,8.0,3.0,8.0,6,6.0,6.0,3.0,5.0,No,6.0,Low,Low,Low,2016-01-09
EMP5022,20.0,Male,Customer Support,Customer Success Manager,2.0,38178.48,40.0,1.0,Y,7.2,10.0,1.0,10.0,5,6.0,0.0,1.0,5.0,No,7.0,Low,Low,Low,"October 16, 2016"
EMP6370,27.0,Male,Sales,Business Development Executive,2.5,21832.74,55.0,28.0,No,5.3,5.0,2.0,7.0,5,5.0,25.0,4.0,5.0,Yes,8.0,Low,Low,Medium,"June 01, 2019"
EMP5755,36.0,Female,Finance,Financial Analyst,1.0,24811.97,53.0,13.0,N,7.7,8.0,2.0,10.0,4,6.0,2.0,0.0,5.0,Yes,6.0,Low,Low,Low,2022-08-20
EMP2949,39.0,Female,Marketing,Marketing Executive,7.7,34493.81,53.0,19.0,No,5.6,7.0,1.0,10.0,7,9.0,31.0,2.0,5.0,No,8.0,Low,Low,Low,2026/05/16
EMP5665,43.0,Male,Finance,Financial Analyst,1.3,24523.18,34.0,0.0,No,7.1,10.0,1.0,8.0,6,6.0,11.0,1.0,5.0,No,7.0,Low,Low,Low,09-06-2023
EMP4873,32.0,Female,,Compliance Officer,0.7,33111.34,42.0,0.0,Yes,5.3,10.0,2.0,8.0,5,7.0,17.0,2.0,5.0,No,7.0,Low,Low,Low,"February 20, 2022"
EMP2159,28.0,Male,Ops,-,0.0,26852.35,45.0,5.0,No,7.7,10.0,1.0,9.0,6,6.0,7.0,0.0,5.0,Yes,7.0,Low,Low,Low,2024/10/04
EMP6656,31.0,Female,Fiannce,Auidtor,1.6,30469.41,31.0,0.0,No,7.8,10.0,1.0,8.0,10,8.0,31.0,3.0,4.0,No,6.0,Low,Low,Low,09/02/2025
EMP4989,31.0,Male,Sales,Support Team Lead,1.3,20481.47,48.0,6.0,No,7.7,9.0,1.0,8.0,7,7.0,10.0,3.0,5.0,No,8.0,Low,Low,Low,2016-01-15
EMP2591,33.0,Male,It,Devops Engineer,4.0,29254.09,45.0,16.0,N,7.7,8.0,2.0,8.0,6,6.0,61.0,4.0,5.0,No,7.0,Low,Low,Low,10-02-2019
EMP3701,38.0,Male,R&D,Support Team Lead,1.4,32425.18,53.0,15.0,No,7.0,9.0,1.0,10.0,6,6.0,31.0,3.0,5.0,Yes,6.0,Low,Low,Low,2017-09-20
EMP3744,38.0,Male,Admin,Front Desk Executive,2.2,22704.4,44.0,2.0,N,7.6,9.0,1.0,10.0,9,6.0,6.0,2.0,4.0,Y,8.0,Low,Low,Low,25-Apr-2026
EMP2880,41.0,Female,I.T.,Software Engineer,5.4,31539.2,51.0,15.0,No,6.9,7.0,2.0,6.0,6,4.0,0.0,3.0,4.0,No,6.0,Low,Low,Low,2024-04-25
EMP4636,37.0,F,Sales,Sales Executive,2.1,24127.0,42.0,0.0,No,8.2,10.0,1.0,9.0,-,7.0,13.0,3.0,5.0,No,8.0,Low,Low,Low,2016-02-13
EMP3529,29.0,Female,Research And Development,Research Analyst,0.3,32425.18,35.0,2.0,Yes,8.1,10.0,1.0,9.0,4,6.0,0.0,1.0,3.0,Yes,7.0,Low,Low,Low,-
EMP3081,33.0,Female,Finance,Auditor,3.8,30627.36,53.0,15.0,Yes,4.9,7.0,1.0,10.0,6,6.0,2.0,1.0,5.0,No,8.0,Low,Low,Low,2019-06-16
EMP4182,34.0,Female,Finance,Finance Manager,3.3,30607.07,49.0,12.0,Y,5.8,8.0,2.0,10.0,7,8.0,3.0,4.0,5.0,N,7.0,Low,Low,Low,"January 29, 2020"
EMP5143,47.0,Male,Marketing,Seo Specialist,3.9,29033.58,30.0,3.0,No,7.2,10.0,1.0,8.0,7,7.0,7.0,8.0,5.0,N,8.0,Low,Low,Low,2015-06-27
EMP5125,37.0,Female,Admin,Admin Executive,11.5,45048.7,32.0,4.0,Yes,7.2,9.0,1.0,10.0,3,6.0,10.0,1.0,5.0,Y,8.0,Low,Low,Low,07-21-2017
EMP6691,24.0,Female,Marketing,Marketing Manager,6.0,52595.88,45.0,0.0,No,7.6,7.0,1.0,9.0,5,6.0,8.0,5.0,5.0,No,8.0,Low,Low,Low,-
EMP4053,37.0,Male,Hr,Hr Executive,6.6,30245.99,57.0,24.0,Yes,6.9,6.0,2.0,8.0,6,6.0,9.0,3.0,5.0,N,8.0,Low,Low,Low,2015-07-22
EMP4225,35.0,Male,R&D,Research Analyst,1.3,28744.18,45.0,0.0,No,7.0,10.0,1.0,9.0,4,4.0,16.0,4.0,5.0,No,8.0,Low,Low,Low,17/09/2016
EMP5597,45.0,Male,R&D,R&D Engineer,5.4,27989.83,46.0,5.0,No,6.9,10.0,1.0,9.0,6,6.0,10.0,2.0,5.0,Y,8.0,Low,Low,Low,19/11/2015
EMP2846,33.0,Female,Sales,Sales Manager,9.4,53383.46,49.0,12.0,No,6.6,8.0,1.0,10.0,6,7.0,32.0,3.0,5.0,Yes,6.0,Low,Low,Low,01-19-2022
EMP6927,28.0,Male,Customer Support,Support Executive,1.3,21723.13,51.0,6.0,N,7.6,10.0,2.0,8.0,3,3.0,2.0,3.0,5.0,No,9.0,Low,Low,Medium,"June 27, 2017"
EMP6281,33.0,Male,R&D,,0.5,27872.98,48.0,7.0,N,7.4,9.0,1.0,10.0,7,7.0,21.0,1.0,5.0,Yes,8.0,Low,Low,Low,2016/03/14
EMP4230,32.0,Female,Operations,Operations Executive,14.0,41562.75,48.0,6.0,-,5.6,10.0,1.0,10.0,6,9.0,16.0,8.0,5.0,N,7.0,Low,Low,Low,24-Aug-2020
EMP5528,33.0,Female,Sales,Account Manager,8.6,42421.16,42.0,0.0,No,7.3,10.0,1.0,8.0,6,7.0,17.0,3.0,5.0,N,6.0,Low,Low,,01-11-2025
EMP3301,33.0,Male,Operations,Logistics Coordinator,3.6,34743.49,48.0,15.0,No,7.7,8.0,1.0,9.0,6,7.0,23.0,2.0,5.0,Yes,6.0,Low,Low,Low,-
EMP1996,42.0,Female,Admin,Admin Executive,3.8,29712.01,59.0,25.0,Yes,6.4,6.0,1.0,10.0,9,8.0,8.0,5.0,5.0,N,6.0,Low,Low,Low,2018-03-03
EMP1044,42.0,Female,Finance,Finance Manager,0.3,30897.75,36.0,1.0,Yes,7.8,10.0,1.0,8.0,8,7.0,24.0,0.0,5.0,N,7.0,Low,Low,Low,09-23-2021
EMP6452,33.0,Female,Marketing,Marketing Manager,0.8,39173.97,33.0,5.0,No,8.1,8.0,2.0,10.0,6,6.0,23.0,4.0,5.0,Yes,8.0,Low,Low,Low,2020/10/20
EMP3739,40.0,Male,Finance,Accountant,0.8,35263.33,48.0,10.0,N,7.8,8.0,2.0,10.0,7,8.0,19.0,3.0,5.0,No,8.0,Low,Low,Low,"January 14, 2021"
EMP5462,40.0,Male,Operations,Logistics Coordinator,8.6,46373.85,33.0,9.0,No,7.1,8.0,1.0,10.0,2,6.0,31.0,4.0,5.0,Yes,8.0,Low,Low,Low,"September 02, 2022"
EMP6172,37.0,Male,Legal,Compliance Officer,19.0,53998.73,30.0,0.0,No,8.7,10.0,1.0,10.0,6,7.0,18.0,8.0,5.0,No,8.0,Low,Low,Low,-
EMP6174,36.0,Male,It,Devops Engineer,6.3,32956.58,48.0,2.0,No,6.9,10.0,2.0,9.0,5,5.0,29.0,5.0,4.0,No,7.0,Low,Low,Low,26-Oct-2019
EMP4838,36.0,Male,Legal,Compliance Officer,1.5,26844.5,50.0,17.0,Y,7.4,10.0,1.0,10.0,-,7.0,2.0,3.0,5.0,N,4.0,Low,Low,Low,-
EMP1260,40.0,Female,Rnd,Data Scientist,5.3,48959.5,33.0,8.0,No,6.8,10.0,1.0,9.0,8,7.0,11.0,3.0,5.0,Yes,6.0,Low,Low,Low,09/01/2018
EMP3860,35.0,Male,Customer Support,Support Executive,3.4,29824.96,56.0,27.0,No,5.5,8.0,2.0,10.0,9,7.0,1.0,3.0,5.0,No,6.0,Low,Low,Low,2015/08/13
EMP3783,33.0,Male,Hr,Accountant,2.5,22945.08,45.0,5.0,No,8.5,8.0,1.0,8.0,5,8.0,18.0,3.0,5.0,No,7.0,Low,Low,Low,23/04/2022
EMP4096,33.0,Male,Operations,Logistics Coordinator,10.0,47326.18,59.0,29.0,N,5.4,6.0,4.0,8.0,9,7.0,23.0,3.0,5.0,No,5.0,Medium,Low,Low,2023-05-21
EMP5652,20.0,Female,Operations,Logistics Coordinator,2.0,29803.81,47.0,1.0,No,7.4,9.0,1.0,9.0,4,7.0,10.0,2.0,5.0,No,8.0,Low,Low,Low,2025/10/25
EMP3623,38.0,Male,Legal,Compliance Officer,3.1,33372.38,35.0,7.0,Yes,4.8,10.0,2.0,10.0,4,6.0,0.0,3.0,5.0,Yes,7.0,Low,Low,Low,-
EMP5668,38.0,Male,Admin,Office Manager,0.4,39265.74,45.0,0.0,No,7.2,9.0,1.0,9.0,9,9.0,5.0,2.0,5.0,No,7.0,Low,Low,Low,2023/02/13
EMP5586,35.0,Female,Research And Development,R&D Engineer,1.1,20446.64,44.0,0.0,Yes,8.7,9.0,1.0,8.0,3,3.0,63.0,4.0,4.0,No,6.0,Low,Low,Low,23/05/2023
EMP4326,36.0,Male,Operations,Operations Executive,5.5,31688.48,49.0,10.0,Yes,6.2,9.0,1.0,8.0,3,6.0,18.0,2.0,5.0,No,8.0,,Low,Low,-
EMP1599,47.0,Male,Marketing,Marketing Manager,0.8,43408.51,45.0,5.0,No,7.5,10.0,1.0,8.0,6,5.0,7.0,3.0,5.0,No,9.0,Low,Low,Low,"July 30, 2022"
EMP6825,34.0,Female,Operations,Operations Manager,0.9,29647.07,40.0,0.0,No,8.4,10.0,1.0,10.0,7,7.0,71.0,0.0,5.0,No,7.0,Low,Low,Low,20/11/2018
EMP1419,27.0,Male,Legal,Legal Counsel,2.5,30803.03,30.0,6.0,-,7.2,8.0,1.0,9.0,1,5.0,1.0,2.0,5.0,No,7.0,Low,Low,Medium,"December 30, 2024"
EMP3136,35.0,Male,R&D,Research Analyst,2.5,32609.03,39.0,0.0,No,7.7,10.0,1.0,7.0,5,6.0,14.0,3.0,5.0,No,7.0,Low,Low,Low,01-May-2017
EMP6398,38.0,Male,R&D,Data Scientist,1.5,32425.18,32.0,0.0,N,7.4,10.0,1.0,8.0,6,6.0,1.0,0.0,5.0,No,8.0,Low,Low,Low,-
EMP2246,25.0,Male,Marketing,Content Strategist,0.7,27111.43,43.0,0.0,No,6.2,9.0,1.0,10.0,3,5.0,0.0,3.0,5.0,No,6.0,Low,Low,Low,2020-07-21
EMP2232,40.0,Male,Customer Support,Support Team Lead,0.6,48172.57,34.0,0.0,No,8.1,10.0,1.0,10.0,6,6.0,17.0,4.0,5.0,N,7.0,Low,Low,Low,11-Feb-2023
EMP6544,20.0,Female,Human Resources,Support Team Lead,2.0,28100.83,51.0,12.0,No,6.2,9.0,1.0,9.0,2,5.0,9.0,3.0,5.0,Yes,6.0,Low,Low,Medium,29/01/2017
EMP3266,27.0,M,Finance,Accountant,1.8,21651.67,37.0,3.0,Yes,8.1,7.0,2.0,9.0,5,6.0,4.0,4.0,5.0,Y,7.0,Low,Low,Low,03-09-2022
EMP3204,24.0,Male,Marketting,Marketing Manager,5.8,55763.78,36.0,0.0,No,7.7,9.0,1.0,7.0,6,7.0,12.0,4.0,5.0,No,7.0,Low,Low,Low,"April 11, 2024"
EMP2812,28.0,M,Operations,Operations Manager,7.2,50816.11,44.0,0.0,No,6.8,10.0,1.0,9.0,6,6.0,14.0,2.0,5.0,-,7.0,Low,Low,Low,03-01-2024
EMP6562,28.0,Female,R&D,Data Scientist,5.5,46866.41,48.0,2.0,N,6.2,10.0,1.0,8.0,5,8.0,25.0,2.0,5.0,No,8.0,Low,Low,Low,05/05/2023
EMP1275,24.0,F,It,Qa Engineer,2.5,25793.0,53.0,5.0,N,6.1,8.0,2.0,8.0,-,6.0,8.0,2.0,5.0,No,8.0,Low,Low,Medium,"October 24, 2019"
EMP1705,28.0,Female,It,It Support,5.4,32425.18,43.0,7.0,No,6.8,10.0,1.0,10.0,1,5.0,7.0,3.0,5.0,No,7.0,Low,Low,Medium,2018/08/13
EMP4842,38.0,Female,Sales,Sales Executive,3.0,33595.22,40.0,0.0,Yes,7.3,10.0,1.0,10.0,7,8.0,1.0,2.0,4.0,No,7.0,Low,Low,Low,2026-05-27
EMP5549,29.0,Male,Finance,Finance Manager,9.4,32425.18,45.0,14.0,No,7.6,9.0,2.0,7.0,5,6.0,31.0,1.0,5.0,N,6.0,Low,Low,Low,2022-02-20
EMP1113,31.0,M,R&D,R&D Engineer,2.5,22855.42,34.0,0.0,,7.5,8.0,1.0,10.0,4,5.0,23.0,6.0,5.0,No,7.0,Low,Low,Low,2021-05-07
EMP5167,34.0,Female,Finance,Finance Manager,3.6,36730.69,53.0,13.0,No,6.7,9.0,1.0,8.0,6,5.0,31.0,2.0,5.0,No,8.0,Low,Low,Low,08/01/2015
EMP5013,28.0,Female,Legal,Legal Advisor,1.9,31985.67,39.0,2.0,-,7.3,10.0,2.0,9.0,5,7.0,12.0,2.0,5.0,No,7.0,Low,Low,Low,31-May-2019
EMP3130,24.0,,Operations,Poerations Manager,1.0,43156.19,32.0,0.0,No,7.7,8.0,1.0,9.0,2,4.0,23.0,2.0,5.0,Y,6.0,Low,Low,Low,2020-09-23
EMP4228,28.0,Female,Admin,Admin Executive,10.0,36346.73,45.0,18.0,-,6.7,10.0,1.0,8.0,6,6.0,9.0,2.0,5.0,No,6.0,Low,Low,Low,2016-08-28
EMP3926,38.0,Male,Legal,Compliance Officer,6.4,35958.32,60.0,29.0,No,6.9,6.0,1.0,10.0,8,5.0,15.0,1.0,4.0,N,7.0,Low,Low,Low,2025/09/26
EMP1141,26.0,Female,Hr,Hr Generalist,2.5,36652.16,47.0,10.0,No,7.9,9.0,1.0,10.0,9,7.0,30.0,6.0,5.0,Y,7.0,Low,Low,Low,02-17-2021
EMP6014,33.0,Male,Sales,Business Development Executive,1.8,24927.15,43.0,12.0,No,6.6,9.0,1.0,8.0,7,7.0,16.0,2.0,3.0,N,7.0,Low,Low,Low,2024-07-26
EMP5547,34.0,Other,Customer Support,Customer Success Manager,6.5,40073.31,45.0,0.0,N,7.4,9.0,3.0,6.0,6,6.0,1.0,2.0,5.0,N,8.0,Low,Low,Low,2024/08/11
EMP6610,28.0,Male,Legal,Support Team Lead,1.8,27420.71,34.0,5.0,No,7.5,9.0,1.0,8.0,6,5.0,21.0,2.0,5.0,Yes,7.0,Low,Low,Low,06-29-2023
EMP2565,33.0,,H.R.,Hr Manager,2.3,38043.12,44.0,6.0,Yes,6.9,10.0,1.0,9.0,7,8.0,4.0,-3.0,5.0,No,7.0,Low,Low,Low,-
EMP4765,25.0,Female,Operations,Operations Manager,1.2,45992.97,47.0,4.0,Yes,8.1,9.0,1.0,9.0,7,6.0,6.0,6.0,5.0,Yes,8.0,Low,Low,Low,05-31-2015
EMP5835,33.0,Male,Finance,Financial Analyst,2.5,23905.66,53.0,13.0,No,6.6,9.0,1.0,9.0,7,9.0,5.0,1.0,5.0,Yes,6.0,Low,Low,Low,07-Dec-2022
EMP4988,46.0,F,Admin,Admin Executive,2.5,31471.81,30.0,5.0,Yes,8.7,10.0,1.0,10.0,1,6.0,10.0,1.0,5.0,Yes,8.0,Low,-,Low,2023/05/10
EMP3412,29.0,Male,It,Support Team Lead,4.3,28056.66,42.0,3.0,Yes,7.2,9.0,1.0,10.0,9,7.0,15.0,1.0,5.0,No,7.0,Low,Low,Low,2016/05/05
EMP2653,32.0,Male,Sales,Sales Manager,0.9,50750.99,34.0,2.0,No,8.3,9.0,1.0,9.0,6,7.0,65.0,1.0,5.0,No,9.0,Low,Low,Low,12-Jan-2023
EMP4531,22.0,Male,Hr,Support Team Lead,3.8,33185.58,42.0,7.0,No,8.4,10.0,1.0,10.0,6,6.0,12.0,2.0,5.0,Yes,7.0,Low,Low,Low,2019-10-02
EMP5052,20.0,Other,Hr,Hr Generalist,2.5,20995.33,45.0,4.0,N,5.6,10.0,3.0,8.0,2,6.0,27.0,4.0,5.0,No,6.0,Low,Low,Medium,"January 17, 2015"
EMP2857,35.0,Male,Legal,Support Team Lead,1.9,27375.04,35.0,6.0,No,8.9,9.0,1.0,7.0,8,6.0,6.0,1.0,5.0,No,7.0,Low,Low,Low,07-Mar-2015
EMP6999,33.0,Male,Hr,Hr Generalist,3.9,38981.39,52.0,10.0,Yes,7.7,10.0,1.0,9.0,10,7.0,13.0,2.0,5.0,No,5.0,Low,Low,Low,2024-04-05
EMP2766,30.0,Female,Customer Support,Support Executive,0.6,30814.23,45.0,10.0,Y,8.3,8.0,1.0,9.0,9,8.0,15.0,2.0,5.0,Yes,7.0,Low,Low,Low,2015-11-03
EMP3329,39.0,Female,Hr,Operations Executive,2.5,22708.7,32.0,1.0,No,8.2,9.0,1.0,9.0,8,7.0,25.0,2.0,5.0,No,5.0,Low,Low,Low,2022-05-05
EMP4976,25.0,Female,,Content Strategist,3.6,34452.07,36.0,5.0,N,7.2,9.0,1.0,10.0,3,6.0,0.0,4.0,5.0,N,7.0,Low,Low,Low,-
EMP4889,34.0,Male,Hr,Support Team Lead,1.7,47322.69,45.0,4.0,No,6.5,8.0,1.0,10.0,5,6.0,0.0,2.0,5.0,Yes,7.0,Low,Low,Low,20-Jul-2017
EMP3709,52.0,Male,Customer Support,Support Executive,0.1,31637.86,44.0,4.0,N,7.2,10.0,1.0,10.0,6,7.0,9.0,3.0,5.0,Yes,6.0,Low,Low,Low,2026/01/07
EMP5337,37.0,Female,-,Software Engineer,3.8,38407.27,33.0,0.0,N,7.2,9.0,1.0,10.0,5,7.0,2.0,3.0,5.0,N,6.0,Low,Low,Low,10-21-2016
EMP3478,40.0,Female,-,Support Team Lead,1.5,32425.18,56.0,20.0,No,7.3,6.0,1.0,10.0,5,6.0,1.0,2.0,5.0,Y,7.0,Low,Low,Low,12-Sep-2018
EMP3862,48.0,Male,Admin,Front Desk Executive,1.1,24705.84,35.0,5.0,No,6.6,10.0,1.0,10.0,7,8.0,7.0,3.0,5.0,No,7.0,Low,Low,Low,22/01/2025
EMP6665,34.0,Male,Hr,Hr Manager,2.0,39221.39,45.0,3.0,No,7.7,10.0,1.0,8.0,1,4.0,1.0,2.0,5.0,No,7.0,,Low,Medium,03-14-2022
EMP6715,27.0,Female,Sales,-,9.0,54306.32,30.0,0.0,No,6.7,10.0,2.0,9.0,5,5.0,67.0,3.0,5.0,No,7.0,Low,Low,Low,2022-11-25
EMP5192,23.0,Female,Admin,Office Manager,2.3,50314.12,31.0,3.0,Yes,7.7,9.0,1.0,9.0,7,7.0,12.0,0.0,5.0,No,7.0,Low,Low,Low,2015/03/07
EMP3515,36.0,M,Human Resources,-,7.5,34539.18,49.0,16.0,Yes,6.8,9.0,3.0,8.0,8,6.0,3.0,3.0,5.0,Yes,6.0,Low,Low,Low,07/10/2020
EMP6826,33.0,Male,Fiannce,Financial Analyst,2.0,29947.66,38.0,0.0,No,7.2,8.0,1.0,9.0,6,5.0,14.0,3.0,5.0,No,7.0,Low,Low,Low,23-Mar-2018
EMP4564,44.0,Female,R&D,R&D Engineer,0.9,29443.32,37.0,0.0,No,7.1,9.0,1.0,9.0,7,7.0,14.0,2.0,5.0,Y,7.0,Low,Low,Low,2018-07-24
EMP6286,31.0,Female,It,It Support,0.2,20118.94,30.0,0.0,No,6.7,10.0,1.0,10.0,5,7.0,9.0,3.0,5.0,Yes,8.0,Low,Low,Low,2017/02/25
EMP1084,26.0,Male,Operations,Logistics Coordinator,6.4,27850.61,37.0,7.0,No,7.1,10.0,1.0,10.0,6,6.0,4.0,2.0,4.0,N,7.0,Low,Low,Low,"June 03, 2024"
EMP2718,37.0,Male,Operations,Logistics Coordinator,0.0,22284.7,50.0,10.0,-,7.2,9.0,3.0,7.0,8,7.0,16.0,2.0,5.0,No,7.0,Low,Low,Low,03-04-2023
EMP5105,46.0,Female,Sales,Account Manager,0.3,30981.68,44.0,4.0,Yes,6.7,9.0,2.0,10.0,6,6.0,3.0,1.0,5.0,N,7.0,Low,Low,Low,-
EMP3652,36.0,M,Sales,Sales Executive,2.8,28333.74,55.0,18.0,Yes,7.3,9.0,1.0,9.0,8,7.0,2.0,3.0,5.0,Yes,8.0,Low, ,Low,28-May-2015
EMP5974,33.0,Male,Legal,Support Team Lead,4.2,29858.33,45.0,5.0,No,7.8,9.0,3.0,7.0,8,8.0,10.0,2.0,5.0,No,7.0,Low,Low,Low,2019-11-22
EMP2339,33.0,Male,Finance,Auditor,1.1,24511.13,57.0,20.0,No,8.7,8.0,2.0,10.0,5,7.0,3.0,3.0,5.0,Yes,7.0,Low,Low,Low,11-11-2021
 emp5869 ,31.0,Male,Operations,Operations Executive,0.7,25535.12,49.0,16.0,No,6.5,9.0,2.0,10.0,7,7.0,31.0,3.0,5.0,N,7.0,Low,Low,Low,2019/03/20
EMP6481,34.0,Male,Customer Support,Support Team Lead,3.8,37973.66,60.0,23.0,No,4.7,9.0,2.0,10.0,7,6.0,9.0,4.0,5.0,N,9.0,Low,Low,Low,2015/03/01
EMP4895,29.0,Female,Marketing,Content Strategist,8.6,32425.18,43.0,4.0,N,7.7,7.0,3.0,5.0,6,4.0,8.0,4.0,5.0,No,6.0,Low,Low,Low,2021/07/24
EMP1276,22.0,Other,Marketing,Marketing Manager,4.0,39081.49,31.0,0.0,Yes,7.5,9.0,1.0,8.0,7,8.0,1.0,4.0,5.0,Yes,7.0,Low,Low,Low,"August 29, 2016"
EMP2408,41.0,Female,Marketing,Content Strategist,0.9,28627.11,44.0,9.0,No,7.2,8.0,1.0,7.0,7,6.0,0.0,4.0,5.0,Yes,7.0,Low,Low,Low,2023/07/14
EMP6688,28.0,Female,Administration,Admin Executive,10.0,42424.59,46.0,3.0,No,7.8,10.0,1.0,9.0,4,7.0,7.0,1.0,5.0,Yes,7.0,Low,Low,Low,2018/10/11
EMP2372,24.0,Female,Finance,,2.1,32644.08,43.0,3.0,No,7.7,10.0,1.0,9.0,5,7.0,2.0,5.0,5.0,No,8.0,Low,Low,Low,09-20-2017
EMP4844,33.0,-,Marketing,Marketing Manager,3.7,41733.99,51.0,16.0,No,5.8,9.0,1.0,9.0,4,7.0,6.0,2.0,5.0,Yes,6.0,Low,Low,Low,01-16-2025
EMP4994,25.0,Male,Customersupport,Support Team Lead,4.3,39203.59,49.0,6.0,N,7.8,9.0,2.0,10.0,5,6.0,21.0,0.0,5.0,Yes,7.0,Low,Low,Low,05-Dec-2024
EMP5184,33.0,Male,Hr,Hr Generalist,1.3,31147.2,46.0,8.0,No,7.2,10.0,1.0,10.0,6,6.0,13.0,5.0,5.0,Yes,8.0,Low,Low,Low,2025-07-01
EMP1090,34.0,Female,Sales,Sales Executive,2.5,50678.15,43.0,0.0,N,7.1,10.0,1.0,10.0,7,5.0,12.0,8.0,5.0,Y,8.0,Low,Low,Low,2025-05-10
EMP5376,43.0,-,Finance,Financial Analyst,10.3,41930.76,44.0,0.0,,8.4,8.0,2.0,7.0,6,6.0,68.0,0.0,5.0,No,6.0,Low,Low,Low,"November 20, 2019"
EMP4055,27.0,-,Finance,Financial Analyst,8.4,33428.18,40.0,0.0,No,7.1,8.0,1.0,7.0,1,6.0,22.0,0.0,5.0,No,6.0,Low,Low,Low,2018-10-10
EMP2906,29.0,Female,Legal,Legal Counsel,2.4,27126.87,50.0,15.0,No,7.4,8.0,2.0,7.0,7,7.0,38.0,0.0,3.0,Yes,5.0,Low,Low,Low,2018-06-02
EMP3699,38.0,Male,Hr,Hr Executive,0.9,23490.68,50.0,18.0,Yes,8.0,9.0,2.0,8.0,6,8.0,19.0,3.0,5.0,Y,8.0,Low,Low,Low,"July 09, 2023"
EMP2823,24.0,Male,Finance,Finance Manager,6.0,53353.73,47.0,11.0,No,7.9,9.0,1.0,8.0,9,8.0,2.0,3.0,5.0,N,7.0,Low,Low,Low,26-May-2026
EMP6420,41.0,Female,Marketting,Content Strategist,1.5,22681.46,45.0,0.0,Yes,8.1,10.0,1.0,9.0,5,9.0,10.0,2.0,5.0,Yes,8.0,Low,Low,Low,06-05-2019
EMP4417,29.0,Male,Sales,Sales Manager,0.3,28239.32,44.0,4.0,N,7.8,10.0,1.0,9.0,6,6.0,10.0,4.0,5.0,No,5.0,Low,Low,Low,2018-10-23
EMP2426,34.0,Male,Hr,Hr Manager,6.5,52451.45,37.0,3.0,Y,8.8,10.0,1.0,10.0,7,7.0,3.0,3.0,5.0,No,8.0,Low,Low,Low,02/03/2024
EMP4412,40.0,Male,Customer Support,Support Team Lead,3.5,44605.57,52.0,22.0,No,4.6,6.0,3.0,6.0,6,5.0,11.0,6.0,5.0,No,6.0,Low,Low,Low,04/08/2019
EMP6088,34.0,Male,Sales,Account Manager,1.3,38940.43,56.0,19.0,No,6.5,6.0,3.0,9.0,7,6.0,13.0,3.0,5.0,No,8.0,Low,Low,Low,2023-10-01
EMP5461,48.0,Female,H.R.,Hr Manager,1.4,38681.58,48.0,9.0,No,7.3,10.0,1.0,9.0,5,6.0,14.0,4.0,5.0,N,5.0,Low,Low,Low,14-Sep-2022
EMP3071,52.0,Female,Customer Support,Support Team Lead,3.4,32425.18,40.0,2.0,No,8.6,9.0,1.0,9.0,7,7.0,4.0,1.0,5.0,No,7.0,Low,Low,Low,31-May-2018
EMP5772,33.0,Male,Customer Support,-,10.0,40375.57,58.0,27.0,Y,7.6,7.0,2.0,9.0,8,6.0,17.0,8.0,5.0,Yes,9.0,Low,Low,Low,2015/01/07
EMP3026,22.0,Female,Rnd,Research Analyst,2.7,28563.61,36.0,0.0,No,8.9,9.0,1.0,10.0,-,6.0,1.0,1.0,5.0,Y,9.0,Low,Low,Low,14/06/2016
EMP1998,23.0,Male,Admin,Support Team Lead,5.0,42059.36,42.0,0.0,N,7.3,10.0,1.0,8.0,7,6.0,0.0,4.0,5.0,Yes,9.0,Low,Low,Low,03-Dec-2025
EMP6285,28.0,Male,Finance,Finance Manager,7.3,51616.94,58.0,30.0,No,5.7,6.0,3.0,10.0,6,5.0,44.0,2.0,4.0,No,7.0,Low,Low,Medium,2019/10/18
EMP3358,35.0,Female,Legal,Legal Advisor,2.5,28443.41,45.0,0.0,No,7.8,9.0,1.0,10.0,6,5.0,4.0,3.0,5.0,N,7.0,Low,Low,Low,2021-11-16
EMP4108,60.0,Male,Marketing,Content Strategist,2.5,32425.18,34.0,2.0,Y,7.6,10.0,2.0,6.0,5,6.0,4.0,2.0,5.0,No,7.0,Low,Low,Low,04-26-2024
EMP4425,33.0,Female,R&D,Research Analyst,3.7,30873.84,38.0,5.0,Yes,8.5,10.0,1.0,10.0,-,8.0,38.0,6.0,5.0,Yes,7.0,Low,Low,Low,10-Sep-2020
EMP2759,20.0,Male,Admin,Support Team Lead,2.0,41711.97,45.0,0.0,No,7.0,10.0,1.0,7.0,7,7.0,2.0,5.0,5.0,No,9.0,Low,Low,Low,"February 21, 2018"
EMP4451,42.0,Male,Sale,Business Development Executive,7.7,29415.41,40.0,0.0,Y,8.0,9.0,1.0,10.0,5,7.0,8.0,3.0,5.0,N,6.0,Low,Low,Low,-
EMP3288,24.0,Female,Admin,Office Manager,0.7,32558.16,45.0,12.0,Yes,6.9,10.0,1.0,9.0,6,5.0,0.0,3.0,4.0,No,8.0,Low,Low,Low,"January 31, 2026"
EMP3714,28.0,Male,It,It Support,2.1,34012.5,45.0,9.0,No,6.8,9.0,1.0,9.0,4,5.0,3.0,3.0,5.0,Yes,8.0,Low,Low,Low,-
EMP2342,33.0,Female,R&D,Support Team Lead,2.0,37527.04,46.0,0.0,No,7.2,9.0,1.0,9.0,9,6.0,10.0,5.0,4.0,No,7.0,Low,Low,Low,2025/06/27
EMP5190,51.0,Male,Legal,Compliance Officer,2.3,25893.91,45.0,5.0,N,6.6,10.0,2.0,10.0,3,5.0,11.0,3.0,5.0,N,7.0,Low,Low,Low,08/05/2020
EMP6382,46.0,Male,Legal,Legal Advisor,4.6,30398.17,40.0,0.0,N,8.3,10.0,1.0,10.0,1,5.0,56.0,7.0,5.0,No,8.0,Low,Low,Low,2015-02-28
EMP3146,48.0,Male,Legal,-,3.7,24990.54,39.0,0.0,Y,7.7,10.0,1.0,10.0,4,6.0,10.0,7.0,5.0,No,5.0,Low,Low,Low,2022/10/26
EMP1167,41.0,Female,I.T.,Qa Engineer,0.9,30333.43,37.0,0.0,Y,7.4,10.0,1.0,9.0,4,5.0,0.0,3.0,5.0,N,7.0,Low,Low,Low,07-03-2019
EMP1496,41.0,Male,Customer Support,Support Executive,4.6,37951.55,31.0,-4.0,Yes,8.2,7.0,2.0,9.0,7,6.0,1.0,3.0,5.0,N,9.0,Low,Low,Low,20-Mar-2015
EMP4161,32.0,Male,Customer Support,Customer Success Manager,7.5,46936.5,44.0,5.0,No,6.2,9.0,2.0,8.0,4,6.0,63.0,1.0,4.0,No,8.0,Low,Low,Low,10-Aug-2022
EMP5810,33.0,-,Operations,Logistics Coordinator,3.7,27845.73,53.0,10.0,No,6.4,8.0,1.0,10.0,6,7.0,27.0,2.0,4.0,Y,8.0,Low,Low,Low,"November 09, 2017"
EMP6635,41.0,Female,Legal,Compliance Officer,0.5,22436.34,54.0,13.0,No,5.8,9.0,1.0,7.0,6,6.0,57.0,1.0,5.0,Yes,7.0,Low,Low,Low,2017/09/15
EMP5427,34.0,Female,Hr,Research Analyst,1.1,26005.39,58.0,21.0,Yes,7.3,6.0,1.0,9.0,7,8.0,3.0,0.0,5.0,N,7.0,Low,Low,Low,01-15-2023
EMP1219,31.0,Male,Hr,Hr Manager,4.5,47080.3,38.0,5.0,Yes,7.6,10.0,2.0,10.0,7,6.0,6.0,5.0,4.0,Y,6.0,Low,Low,Low,22-Nov-2018
EMP3481,33.0,Female,Hr,Hr Executive,0.4,32425.18,46.0,6.0,Yes,7.8,6.0,1.0,10.0,5,6.0,10.0,5.0,5.0,Yes,7.0,Low,Low,Low,29/12/2017
EMP6578,49.0,F,Customer Support,Support Team Lead,1.8,40229.8,56.0,20.0,No,7.1,6.0,1.0,9.0,6,7.0,1.0,5.0,5.0,Yes,6.0,Low,Low,Low,"December 23, 2017"
EMP3534,33.0,Other,Operations,Operations Executive,1.2,24317.38,39.0,0.0,No,6.9,10.0,1.0,9.0,8,6.0,19.0,2.0,5.0,No,9.0,Low,Low,Low,"February 16, 2024"
EMP4730,33.0,Male,Hr,Legal Counsel,4.7,36239.8,52.0,12.0,-,7.0,8.0,1.0,9.0,10,8.0,31.0,0.0,5.0,No,7.0,Low,Low,Low,29/05/2025
EMP2537,33.0,Male,Finance,Accountant,0.3,26432.8,55.0,14.0,No,6.9,8.0,1.0,10.0,2,6.0,11.0,2.0,5.0,No,7.0,Low,Low,Low,09-05-2016
EMP5627,22.0,Female,It,Support Team Lead,-4.137935258836463,26614.24,54.0,15.0,No,6.9,8.0,1.0,10.0,7,6.0,11.0,2.0,5.0,No,7.0,Low,Low,Low,"September 24, 2023"
EMP1305,36.0,F,Admin,Front Desk Executive,10.3,43324.49,43.0,6.0,No,6.8,9.0,1.0,9.0,6,6.0,10.0,2.0,5.0,Yes,6.0,Low,Low,Low,03-Mar-2017
EMP4843,32.0,Male,Operations,Logistics Coordinator,1.4,27505.41,45.0,2.0,No,8.6,9.0,1.0,8.0,5,5.0,3.0,1.0,5.0,No,7.0,Low,Low,Low,2024/01/19
EMP6745,42.0,Male,It,Qa Engineer,5.4,40046.8,49.0,0.0,No,7.6,9.0,3.0,7.0,5,6.0,5.0,4.0,4.0,No,7.0,Low,Low,Low,30/03/2015
EMP1196,36.0,Male,It,Software Engineer,3.5,30069.97,40.0,0.0,No,7.2,10.0,1.0,10.0,7,9.0,4.0,3.0,5.0,No,6.0,Low,Low,Low,2023/05/11
EMP6260,38.0,Male,Finance,Auditor,0.3,32425.18,41.0,0.0,Yes,8.2,10.0,1.0,10.0,7,6.0,3.0,2.0,5.0,N,4.0,Low,Low,Low,2023-05-03
EMP6714,23.0,F,R&D,Data Scientist,2.0,36326.59,45.0,3.0,No,7.6,10.0,1.0,10.0,5,7.0,10.0,2.0,4.0,No,5.0,Low,Low,Low,2025-09-21
EMP2146,32.0,Male,Cust. Support,Support Team Lead,1.8,32425.18,43.0,0.0,Y,6.1,10.0,1.0,9.0,6,6.0,5.0,5.0,5.0,N,7.0,Low,Low,Low,"April 12, 2020"
EMP5590,20.0,Male,Customer Support,Support Team Lead,2.0,46609.42,55.0,18.0,Y,7.3,8.0,3.0,6.0,7,7.0,10.0,6.0,5.0,No,9.0,Low,Low,Low,-
EMP1110,27.0,Male,Finance,Finance Manager,3.3,41539.13,34.0,0.0,No,8.0,7.0,1.0,10.0,,6.0,14.0,0.0,5.0,Yes,7.0,Low,Low,Low,09-17-2022
EMP6204,26.0,-,I.T.,It Support,3.8,34957.1,55.0,19.0,No,7.7,9.0,1.0,9.0,7,6.0,4.0,1.0,5.0,No,5.0,Low,Low,Low,12-07-2022
EMP6365,25.0,Male,Hr,System Admin,3.7,28983.35,45.0,14.0,No,7.8,9.0,2.0,7.0,9,7.0,5.0,4.0,5.0,N,7.0,Low,Low,Low,-
EMP4554,33.0,Male,Customer Support,Support Team Lead,4.8,43098.74,50.0,18.0,Y,7.2,8.0,3.0,9.0,6,6.0,5.0,4.0,5.0,No,7.0,Low,Low,Low,2023/06/18
EMP5465,40.0,Male,Finance,Finance Manager,5.5,48292.68,38.0,0.0,No,7.9,10.0,1.0,10.0,4,6.0,11.0,4.0,5.0,No,7.0,Low,Low,Low,2023/02/10
EMP5407,31.0,Female,I.T.,Software Engineer,2.5,32900.49,47.0,5.0,-,6.5,10.0,1.0,7.0,6,6.0,30.0,2.0,5.0,No,5.0,Low,Low,Low,2019-04-21
EMP5889,33.0,Male,R&D,R&D Engineer,1.4,23844.51,36.0,2.0,Yes,7.7,10.0,1.0,10.0,8,6.0,5.0,3.0,5.0,N,7.0,Low,Low,Low,-
EMP1926,33.0,Female,R&D,R&D Engineer,10.4,36885.52,61.0,31.0,Y,6.2,8.0,2.0,7.0,6,7.0,10.0,4.0,5.0,Yes,7.0,Low,Low,Low,01/09/2024
EMP2815,31.0,Female,Hr,Hr Executive,0.0,22184.94,47.0,12.0,Yes,7.2,10.0,1.0,9.0,7,6.0,0.0,3.0,5.0,N,7.0,Low,Low,Low,02-18-2019
EMP5492,45.0,Female,Marketing,Marekting Executive,1.7,32605.92,34.0,0.0,No,8.0,10.0,1.0,9.0,7,5.0,11.0,1.0,5.0,No,7.0,Low,Low,Low,03/12/2015
EMP6274,24.0,Female,Admin,Front Desk Executive,1.2,28595.27,46.0,4.0,No,7.0,9.0,1.0,10.0,5,6.0,9.0,2.0,4.0,Yes,8.0,Low,Low,Low,"January 14, 2023"
EMP6311,33.0,Female,It,Devops Engineer,4.6,31653.07,47.0,3.0,N,6.0,10.0,1.0,9.0,5,6.0,12.0,7.0,5.0,Yes,10.0,Low,Low,Low,10-15-2021
EMP1797,33.0,Male,Admin,Office Manager,0.1,32425.18,50.0,12.0,No,7.8,8.0,1.0,7.0,10,9.0,5.0,1.0,5.0,No,8.0,Low,Low,Low,06/05/2016
EMP2298,40.0,Female,R&D,Research Analsyt,0.0,26877.88,38.0,1.0,No,7.4,10.0,2.0,9.0,5,6.0,4.0,4.0,5.0,N,4.0,Low,Low,Low,2016-02-29
EMP4259,31.0,Female,R&D,R&D Engineer,13.0,46809.02,39.0,1.0,No,7.1,9.0,1.0,10.0,8,6.0,21.0,5.0,5.0,No,7.0,Low,Low,Low,13/01/2022
EMP2062,26.0,Female,Hr,Hr Manager,1.1,31751.09,45.0,9.0,Yes,6.5,10.0,1.0,10.0,5,6.0,2.0,7.0,5.0,Yes,8.0,Low,Low,Low,"January 01, 2026"
EMP5514,20.0,Male,Hr,R&D Engineer,2.0,23100.05,50.0,11.0,No,5.5,8.0,3.0,8.0,6,6.0,-23.0,4.0,5.0,No,5.0,Low,Low,Low,11-21-2017
EMP4280,33.0,Female,H.R.,Hr Manager,0.8,45383.3,59.0,22.0,No,5.8,7.0,3.0,7.0,6,5.0,34.0,4.0,5.0,No,6.0,Low,Low,Low,06-02-2018
EMP5471,32.0,Female,Marketing,Marketing Manager,3.0,31865.41,45.0,0.0,No,8.4,9.0,1.0,7.0,4,3.0,30.0,0.0,5.0,No,8.0,Extreme,Low,Low,07/08/2023
EMP5566,31.0,Female,Hr,Operations Manager,7.3,50772.85,40.0,0.0,No,7.9,10.0,1.0,10.0,3,5.0,10.0,4.0,5.0,No,7.0,Low,Low,Low,2019-11-17
EMP6637,42.0,Male,Marketing,Marketing Manager,0.1,39173.04,62.0,25.0,N,8.2,7.0,3.0,8.0,6,6.0,4.0,3.0,3.0,Yes,6.0,Low,Low,Low,-
EMP4320,41.0,Female,Hr,Recruiter,0.0,17800.91,50.0,15.0,No,6.9,6.0,1.0,9.0,8,7.0,25.0,3.0,5.0,No,7.0,Low,Low,Low,2019/02/18
EMP4971,29.0,Male,Marketing,Marketing Manager,1.3,46919.94,40.0,5.0,No,8.6,10.0,1.0,8.0,,7.0,7.0,5.0,5.0,No,6.0,Low,Low,Low,2022-02-08
EMP4317,37.0,Male,Marketing,Seo Specialist,4.9,31107.62,45.0,22.0,N,5.8,7.0,2.0,9.0,8,5.0,6.0,2.0,5.0,No,6.0,Low,Low,Low,28/12/2023
EMP2359,30.0,Male,R&D,Data Scientist,1.1,36047.0,45.0,7.0,N,7.4,9.0,1.0,9.0,5,6.0,3.0,5.0,5.0,N,7.0,Low,Low,Low,05-04-2017
EMP2761,32.0,Male,-,Data Scientist,3.2,33234.62,43.0,0.0,No,6.9,10.0,2.0,9.0,6,6.0,4.0,0.0,4.0,N,7.0,Low,Low,Low,-
EMP5894,45.0,Male,Operations,Operations Executive,0.7,21267.42,36.0,0.0,No,7.0,10.0,1.0,10.0,8,8.0,47.0,2.0,5.0,No,7.0,Low,Low,Low,"October 08, 2020"
EMP3059,42.0,Male,Operations,Operations Manager,3.4,50727.65,45.0,11.0,No,6.4,10.0,1.0,7.0,9,6.0,33.0,3.0,4.0,Yes,7.0,Low,Low,Low,01-05-2018
EMP3892,46.0,Female,Marketing,Support Team Lead,0.2,28215.79,39.0,7.0,N,7.6,9.0,1.0,9.0,6,7.0,29.0,3.0,5.0,N,7.0,Low,Low,Low,01-Jun-2016
EMP4734,25.0,Other,Admin,Support Team Lead,7.0,40959.93,45.0,2.0,Yes,0.5,10.0,1.0,9.0,7,7.0,2.0,1.0,5.0,Y,5.0,Low,Low,Low,22/03/2015
EMP4557,41.0,Female,Finance,Auditor,6.7,40308.86,38.0,0.0,No,7.2,10.0,1.0,8.0,7,6.0,3.0,5.0,5.0,No,7.0,Low,Low,Low,2016/03/02
EMP2486,26.0,Male,Marketting,Marketing Manager,1.9,39240.2,50.0,12.0,N,8.7,9.0,1.0,10.0,4,5.0,6.0,3.0,5.0,N,7.0,Low,Low,Low,28/07/2019
EMP5634,26.0,Female,It,Devops Engineer,1.2,25822.32,40.0,0.0,No,7.7,10.0,1.0,9.0,4,6.0,8.0,4.0,5.0,No,7.0,Low,Low,Low,"January 02, 2016"
EMP6079,23.0,Male,Marketing,Content Strategist,1.4,25918.44,43.0,2.0,Yes,8.8,10.0,1.0,9.0,2,6.0,10.0,6.0,5.0,Yes,7.0,,Low,Medium,2024-11-13
EMP4779,28.0,Male,Customer Support,Support Executive,2.4,28334.49,45.0,0.0,Yes,6.6,10.0,1.0,8.0,9,9.0,53.0,1.0,5.0,N,7.0,Low,Low,Low,2018-07-25
EMP5576,22.0,Male,Operations,Operations Manager,3.6,45696.91,51.0,15.0,Y,6.1,8.0,1.0,9.0,8,8.0,21.0,5.0,5.0,No,8.0,Low,Low,Low,19-Sep-2019
EMP6575,29.0,Male,Sales,Account Manager,11.0,32425.18,49.0,6.0,Yes,7.5,9.0,1.0,10.0,1,4.0,7.0,2.0,5.0,Yes,7.0,Low,Low,Medium,23-Feb-2017
EMP5319,36.0,Male,Finance,Financial Analyst,2.9,27397.41,38.0,7.0,Yes,5.6,10.0,1.0,10.0,7,7.0,10.0,5.0,5.0,Yes,9.0,Low,Low,Low,26/03/2015
EMP1672,43.0,Female,Customer Support,Support Team Lead,6.6,55694.14,39.0,0.0,Yes,7.5,10.0,1.0,10.0,6,6.0,6.0,2.0,5.0,No,7.0,Low,Low,Low,"February 18, 2015"
EMP5071,43.0,Male,It,Softwar Eengineer,4.4,35033.17,51.0,16.0,No,8.4,9.0,1.0,10.0,6,5.0,6.0,3.0,4.0,Yes,7.0,Low,Low,Low,2015/09/01
EMP2393,26.0,Male,Operations,Logistics Coordinator,1.1,27259.89,35.0,0.0,No,8.0,10.0,1.0,10.0,5,6.0,15.0,4.0,5.0,Y,8.0,Low,Low,,25/01/2025
EMP4141,33.0,Female,Legal,Legal Advisor,6.9,34982.41,45.0,0.0,No,7.4,8.0,1.0,9.0,7,9.0,7.0,3.0,5.0,No,7.0,Low,Low,Low,07-20-2021
EMP3653,24.0,Female,Fiannce,Financial Analyst,0.5,32425.18,45.0,0.0,No,7.5,10.0,1.0,9.0,8,7.0,31.0,6.0,5.0,Yes,7.0,Low,Low,Low,05/10/2023
EMP6090,37.0,Female,Legal,Compliance Officer,1.9,28202.86,52.0,5.0,No,7.7,8.0,1.0,8.0,5,5.0,40.0,3.0,5.0,Yes,7.0,Low,Low,Low,06-16-2018
EMP1580,47.0,Female,Admin,Front Desk Executive,4.0,30390.1,35.0,5.0,Yes,7.7,8.0,4.0,7.0,6,6.0,11.0,5.0,5.0,No,7.0,Low,Low,Low,10-21-2025
EMP2045,31.0,Male,Hr,Hr Manager,0.6,49451.86,51.0,9.0,N,7.3,9.0,1.0,9.0,9,6.0,2.0,2.0,5.0,Yes,7.0,Low,Low,Low,09/02/2022
EMP5173,34.0,Male,Operations,Support Team Lead,3.5,31795.01,45.0,5.0,Yes,7.1,10.0,1.0,9.0,5,6.0,48.0,5.0,5.0,Yes,7.0,Low,Low,Low,09/04/2015
EMP3595,21.0,Female,Customer Support,Customer Success Manager,0.8,27723.73,45.0,8.0,No,6.9,10.0,1.0,10.0,7,7.0,3.0,1.0,5.0,N,6.0,Low,Low,Low,12/01/2018
EMP3796,22.0,F,Hr,Hr Executive,3.1,31376.87,45.0,23.0,N,7.6,7.0,2.0,10.0,9,7.0,8.0,3.0,5.0,Yes,6.0,Low,Low,Low,2025/12/19
EMP4477,35.0,Male,Legal,Legal Advisor,0.4,20480.68,35.0,0.0,No,8.5,9.0,1.0,9.0,6,8.0,15.0,3.0,5.0,No,8.0,Low,Low,Low,2015-08-31
EMP6854,35.0,-,It,It Support,0.7,28515.85,52.0,7.0,No,6.5,9.0,1.0,10.0,7,7.0,4.0,3.0,5.0,N,7.0,Low,Low,Low,2015/08/31
EMP5922,32.0,-,Hr,Hr Generalist,13.1,44804.81,37.0,0.0,No,7.9,9.0,1.0,10.0,7,6.0,18.0,5.0,4.0,Yes,8.0,Low,Low,Low,2016-01-26
EMP5221,34.0,Male,-,Support Executive,5.3,32425.18,61.0,-35.0,No,7.2,7.0,2.0,9.0,5,6.0,16.0,5.0,5.0,No,7.0,Low,Low,Low,31/07/2022
EMP6348,27.0,Female,Sales,Business Development Executive,9.0,38780.84,45.0,0.0,Yes,7.3,10.0,1.0,8.0,5,8.0,25.0,3.0,5.0,No,8.0,Low,Low,Low,24/02/2021
EMP4114,33.0,Male,Fiannce,Finance Manager,1.9,39093.27,36.0,0.0,N,7.2,8.0,2.0,8.0,5,5.0,9.0,3.0,5.0,No,7.0,Low,Low,Low,14-Dec-2018
EMP4588,45.0,Female,Customersupport,Support Team Lead,3.2,39348.8,38.0,2.0,N,7.7,9.0,1.0,7.0,5,5.0,8.0,1.0,5.0,N,6.0,Low,Low,Low,08-Feb-2026
EMP4961,33.0,Male,Marketing,Content Strategist,1.8,31646.06,49.0,3.0,No,6.4,10.0,2.0,9.0,2,4.0,1.0,5.0,5.0,Yes,7.0,Low,Low,Medium,06/03/2016
EMP2960,43.0,Female,Legal,Legal Advisor,2.5,15000.0,45.0,18.0,Y,7.2,8.0,1.0,9.0,9,8.0,16.0,1.0,5.0,No,6.0,Low,Low,Low,08-09-2015
EMP2932,40.0,Female,Rnd,Research Analyst,-5.708711017736233,33559.47,34.0,3.0,Yes,5.8,8.0,1.0,9.0,7,9.0,7.0,5.0,5.0,Yes,7.0,Low,Low,Low,-
EMP2596,33.0,Male,Admin,Admin Executive,2.4,33683.48,40.0,0.0,No,8.1,10.0,1.0,9.0,6,7.0,0.0,5.0,5.0,Y,7.0,Low,Low,Low,2019-07-11
EMP5672,33.0,Female,-,Customer Success Manager,0.5,36179.28,44.0,12.0,N,-12.73172259369545,9.0,1.0,8.0,10,8.0,19.0,3.0,4.0,N,7.0,Low,Low,Low,-
EMP6671,31.0,Female,Admin,Front Edsk Executive,4.5,27580.19,57.0,29.0,No,6.4,5.0,3.0,7.0,8,6.0,16.0,0.0,5.0,Yes,6.0,Low,Low,Low,09-Aug-2020
EMP5717,21.0,Male,Human Resources,Support Team Lead,3.0,27784.98,45.0,0.0,No,7.1,9.0,2.0,10.0,5,6.0,25.0,6.0,4.0,No,7.0,Low,Low,Low,2019/06/08
EMP6325,31.0,Male,Hr,Hr Executive,1.0,22409.72,46.0,7.0,No,7.6,9.0,1.0,10.0,7,6.0,0.0,2.0,5.0,Yes,7.0,Low,Low,Low,01-Dec-2022
EMP6436,38.0,Female,Sales,Account Manager,1.7,32425.18,32.0,0.0,No,7.0,9.0,1.0,10.0,5,5.0,1.0,3.0,5.0,Yes,8.0,Low,Low,Low,"November 03, 2024"
EMP1659,42.0,Female,Admin,Front Desk Executive,1.4,32425.18,45.0,10.0,Yes,6.7,7.0,2.0,10.0,5,8.0,45.0,4.0,5.0,No,6.0,Low,Low,Low,12-Jan-2023
EMP5956,35.0,Male,Legal,Legal Advisor,2.8,27493.79,40.0,4.0,Yes,7.8,10.0,1.0,10.0,8,8.0,10.0,5.0,5.0,No,6.0,Low,Low,Low,-
EMP6906,38.0,Female,Customersupport,Support Team Lead,6.6,32425.18,52.0,12.0,No,7.6,9.0,1.0,10.0,8,7.0,4.0,5.0,5.0,N,7.0,Low,Low,Low,"August 19, 2023"
EMP6613,39.0,Female,Hr,Logistics Coordinator,0.5,32425.18,47.0,7.0,Yes,7.2,9.0,1.0,10.0,8,7.0,29.0,3.0,5.0,Yes,8.0,Low,Low,Low,"March 30, 2019"
EMP6931,29.0,Female,R&D,Data Scientist,-8.82313443257762,42023.93,46.0,7.0,No,7.1,9.0,1.0,9.0,7,9.0,1.0,4.0,5.0,N,10.0,Low,Low,Low,2016/02/03
EMP4572,29.0,Female,Sales,Support Team Lead,3.2,43901.41,51.0,17.0,No,15.0,7.0,2.0,9.0,6,4.0,10.0,1.0,5.0,N,5.0,Low,Low,Low,"March 14, 2019"
EMP1622,27.0,Male,Operations,Operations Executive,0.5,32425.18,46.0,5.0,No,7.0,9.0,1.0,9.0,6,6.0,46.0,5.0,5.0,No,7.0,Low,Low,Low,2020/01/09
EMP6959,26.0,Female,Operations,Operations Manager,1.7,40379.59,36.0,3.0,N,5.3,9.0,1.0,8.0,6,6.0,16.0,1.0,5.0,No,5.0,Low,Low,Low,06-15-2021
EMP5355,30.0,Female,Hr,Hr Executive,0.6,18508.93,30.0,0.0,N,7.4,10.0,1.0,10.0,4,5.0,0.0,4.0,5.0,Y,6.0,Low,Low,Low,04-17-2016
EMP5378,35.0,Male,Marketing,Marketing Executive,10.2,42555.54,48.0,4.0,No,8.1,9.0,1.0,8.0,7,8.0,10.0,3.0,4.0,No,6.0,Low,Low,Low,18/02/2019
EMP5051,38.0,Male,Customer Support,Customer Success Manager,2.5,35181.3,47.0,11.0,Yes,7.3,8.0,1.0,10.0,6,6.0,21.0,6.0,5.0,Yes,6.0,Low,Low,Low,01/10/2018
EMP3682,38.0,Other,It,Qa Engineer,2.5,28097.0,45.0,10.0,N,7.4,8.0,1.0,8.0,8,6.0,4.0,2.0,5.0,No,5.0,Low,Low,Low,2023-12-10
EMP6710,28.0,Female,Legal,Legal Counsel,9.4,34890.97,38.0,7.0,No,6.8,10.0,1.0,9.0,6,6.0,10.0,5.0,5.0,No,7.0,Low,Low,Low,11-20-2025
EMP2184,36.0,M,Sales,Account Manager,2.5,39369.12,40.0,1.0,Yes,6.8,8.0,1.0,10.0,7,7.0,24.0,2.0,5.0,Y,7.0,Low,Low,Low,"August 02, 2016"
EMP2973,33.0,Male,R&D,Support Team Lead,8.0,40938.16,49.0,13.0,No,7.2,8.0,1.0,9.0,6,6.0,50.0,3.0,5.0,No,8.0,Low,Low,Low,2025/04/28
EMP5551,35.0,Male,Admin,Support Team Lead,2.3,35829.27,60.0,23.0,Yes,6.5,8.0,1.0,10.0,9,8.0,22.0,1.0,5.0,No,7.0,Low,Low,Low,13-Feb-2016
EMP4858,20.0,Male,Legal,Support Team Lead,-4.431969950697225,20595.01,53.0,11.0,Y,7.4,8.0,1.0,9.0,8,6.0,19.0,6.0,5.0,No,6.0,Low,Low,Low,-
EMP5530,31.0,Male,Information Technology,Qa Engnieer,-5.941949481247723,25981.96,44.0,0.0,N,5.8,10.0,2.0,10.0,5,5.0,46.0,3.0,3.0,No,7.0,-,Low,Low,"March 28, 2022"
EMP4735,20.0,Male,-,Support Team Lead,1.8,24607.89,44.0,8.0,Yes,7.7,7.0,1.0,10.0,10,8.0,26.0,3.0,5.0,No,8.0,Low,Low,Low,2025/06/17
EMP3935,43.0,Female,Customer Support,Support Executive,1.4,34137.72,38.0,0.0,Yes,7.1,10.0,2.0,7.0,4,6.0,1.0,3.0,4.0,Y,7.0,Low,Low,Low,"September 24, 2018"
EMP5395,45.0,Male,H.R.,Recruiter,2.6,34014.51,49.0,3.0,N,8.4,9.0,2.0,7.0,6,7.0,10.0,1.0,5.0,No,7.0,Low,Low,Low,-
 emp6858 ,28.0,Male,Legal,Support Team Lead,5.5,27788.35,36.0,0.0,No,6.9,10.0,1.0,10.0,5,6.0,23.0,2.0,5.0,Y,7.0,Low,Low,Low,-
EMP4992,28.0,Female,It,System Admin,1.2,28871.77,48.0,1.0,Yes,6.1,9.0,1.0,10.0,5,7.0,16.0,2.0,5.0,No,8.0,Low,Low,Low,2020/09/13
EMP6845,42.0,Male,Admin,Admin Executive,6.6,31367.85,30.0,6.0,No,8.6,9.0,1.0,10.0,,7.0,15.0,1.0,5.0,No,7.0,Low,Low,Low,02-09-2020
EMP5534,33.0,F,Customer Support,Support Team Lead,2.5,54478.76,43.0,7.0,No,7.8,10.0,1.0,8.0,4,4.0,35.0,5.0,5.0,N,8.0,Low,Low,Low,06-07-2022
EMP3373,38.0,Male,Admin,Office Manager,0.4,23754.08,45.0,15.0,No,7.4,9.0,1.0,9.0,5,7.0,2.0,5.0,5.0,No,7.0,Low,-,Low,09-21-2016
EMP3451,33.0,Male,Sales,Sales Manager,1.8,41079.66,43.0,12.0,No,6.8,9.0,1.0,9.0,7,7.0,14.0,1.0,5.0,Y,8.0,Low,Low,Low,15/12/2023
EMP4337,24.0,Male,Rnd,Support Team Lead,6.0,34184.21,50.0,5.0,No,8.5,7.0,2.0,8.0,4,5.0,3.0,3.0,5.0,Y,7.0,Low,Low,Low,2025/04/21
EMP6722,20.0,Male,I.T.,System Admin,1.0,20871.57,44.0,4.0,No,7.0,10.0,1.0,8.0,3,6.0,4.0,9.0,5.0,Yes,7.0,Low,Low,Low,19-Apr-2022
EMP5008,38.0,Male,It,System Admin,7.6,38320.98,36.0,0.0,No,6.1,10.0,1.0,9.0,6,7.0,10.0,0.0,5.0,No,8.0,Low,Low,Low,2024/05/20
EMP5388,42.0,Female,I.T.,It Support,0.6,30259.33,40.0,11.0,No,7.9,8.0,1.0,10.0,10,7.0,3.0,2.0,5.0,Yes,8.0,Low,Low,Low,17/08/2019
EMP2837,46.0,Other,Hr,Hr Generalist,0.4,18727.67,45.0,14.0,No,6.9,8.0,1.0,8.0,6,4.0,7.0,1.0,5.0,Yes,7.0,Low,Low,Low,2024-01-09
EMP5374,37.0,Male,Administration,Admin Executive,1.3,27328.87,54.0,15.0,Yes,7.8,6.0,1.0,5.0,7,6.0,56.0,3.0,5.0,No,7.0,Low,Low,Low,01-05-2023
EMP1655,31.0,Male,Operations,Logistics Coordinator,0.4,32425.18,51.0,11.0,No,6.7,9.0,2.0,7.0,-,6.0,9.0,5.0,5.0,No,6.0,Low,Low,Low,"May 05, 2019"
EMP2058,47.0,Female,Marketting,Content Strategist,8.9,33481.83,42.0,9.0,-,7.2,8.0,1.0,8.0,6,8.0,8.0,3.0,5.0,No,7.0,Low,Low,Low,2024-07-04
EMP1732,37.0,Female,Operations,Operations Executive,2.5,45240.7,52.0,13.0,No,5.5,9.0,1.0,8.0,6,7.0,38.0,4.0,5.0,No,9.0,Low,Low,Low,12-Dec-2016
EMP4783,33.0,Male,It,Devops Engineer,8.2,42793.57,44.0,5.0,No,6.1,9.0,2.0,10.0,5,5.0,10.0,6.0,5.0,No,8.0,Low,Low,Low,08/02/2021
EMP1553,23.0,Female,R&D,Data Scientist,5.0,32425.18,45.0,23.0,No,7.1,7.0,1.0,7.0,8,8.0,42.0,2.0,5.0,N,8.0,Low,Low,Low,-
EMP3142,29.0,Female,Hr,Sales Manager,0.2,37841.04,45.0,15.0,No,6.1,7.0,1.0,10.0,8,7.0,4.0,2.0,5.0,Yes,8.0,Low,Low,Low,2022/05/18
EMP1277,34.0,Male,R&D,Research Analyst,7.4,35008.95,41.0,1.0,N,7.5,9.0,1.0,9.0,8,7.0,27.0,3.0,5.0,No,7.0,Low, ,Low,2022-03-03
EMP2900,42.0,Male,Marketing,Marketing Manager,3.6,43590.07,31.0,0.0,No,7.6,9.0,1.0,7.0,8,7.0,9.0,2.0,5.0,No,5.0,Low,Low,Low,"January 13, 2018"
EMP4303,28.0,Male,Hr,Hr Generalist,2.5,32618.61,53.0,23.0,Yes,7.2,7.0,2.0,8.0,8,6.0,10.0,2.0,4.0,N,8.0,Low,Low,Low,2016-05-16
EMP3293,49.0,Female,Hr,Logistics Coordinator,0.1,32425.18,41.0,5.0,No,7.1,10.0,1.0,10.0,6,6.0,2.0,5.0,5.0,No,7.0,Low,Low,Low,2021/04/17
EMP2191,22.0,Male,Legal,Compliance Officer,1.6,18462.26,51.0,18.0,No,7.6,7.0,2.0,8.0,6,7.0,9.0,3.0,5.0,N,7.0,Low,Low,Low,24/06/2018
EMP2356,39.0,Male,Sales,Sales Executive,1.1,26295.33,47.0,7.0,N,7.1,9.0,2.0,10.0,9,7.0,7.0,4.0,5.0,Yes,5.0,Low,Low,Low,"May 29, 2022"
EMP2694,28.0,Male,Marketing,Marketing Executive,3.1,32978.14,54.0,20.0,No,7.1,8.0,2.0,9.0,5,6.0,8.0,2.0,5.0,No,6.0,,Low,Low,2020-06-08
EMP4806,35.0,Male,Finance,Finance Manager,1.3,44307.22,48.0,2.0,No,4.8,8.0,1.0,9.0,4,3.0,13.0,4.0,5.0,Yes,8.0,Low,Low,,04-21-2026
EMP5871,36.0,Male,Marketing,Seo Specialist,18.0,52821.86,49.0,4.0,No,7.7,9.0,1.0,7.0,8,9.0,24.0,1.0,5.0,Y,8.0,Low,Low,Low,"March 05, 2020"
EMP1426,45.0,Female,Hr,Research Analyst,2.2,30516.26,33.0,1.0,No,7.4,10.0,1.0,10.0,5,6.0,9.0,3.0,5.0,No,8.0,Low,Low,Low,03-07-2019
EMP6882,42.0,Male,Marketing,Content Strategist,2.5,28849.9,55.0,17.0,Yes,6.4,9.0,1.0,10.0,9,6.0,6.0,8.0,5.0,-,7.0,Low,Low,Low,11-Jun-2015
EMP2186,48.0,F,Customer Support,,0.9,23695.33,39.0,0.0,Yes,7.1,8.0,1.0,10.0,3,7.0,9.0,5.0,5.0,Yes,6.0,Low,Low,Low,-
EMP1865,24.0,Female,It,Support Team Lead,0.0,25738.82,51.0,14.0,No,-9.964136056407973,8.0,2.0,7.0,8,8.0,3.0,1.0,5.0,N,7.0,Low,Low,Low,27-Dec-2025
EMP4015,33.0,Male,Customer Support,Support Executive,1.3,27230.26,34.0,5.0,Yes,6.9,9.0,1.0,9.0,5,6.0,0.0,4.0,5.0,Yes,5.0,Low,Low,Low,21-Mar-2015
EMP2709,36.0,M,It,System Admin,5.3,31071.72,36.0,1.0,No,7.0,9.0,1.0,6.0,9,7.0,29.0,2.0,5.0,N,7.0,Low,Low,Low,06-Jan-2021
EMP6888,36.0,Female,Sales,Business Development Executive,0.6,28616.18,52.0,16.0,Yes,7.4,9.0,1.0,10.0,5,4.0,31.0,4.0,5.0,No,7.0,Low,Low,Low,-
EMP2245,26.0,Female,Admin,Front Desk Executive,2.2,28312.09,50.0,8.0,N,6.6,9.0,1.0,10.0,9,8.0,10.0,0.0,5.0,N,8.0,Low,Low,Low,"March 30, 2020"
EMP4669,54.0,,Hr,Support Team Lead,1.9,27694.14,43.0,3.0,No,8.7,9.0,1.0,9.0,4,6.0,16.0,1.0,5.0,No,7.0,Low,Low,Low,20-Jun-2017
EMP5996,41.0,Male,Hr,Hr Generalist,2.5,38276.7,49.0,12.0,No,7.2,8.0,1.0,10.0,6,6.0,23.0,4.0,5.0,No,7.0,Low,Low,Low,-
EMP2528,30.0,Male,Admin,Support Team Lead,1.8,25126.71,30.0,1.0,Y,6.6,10.0,1.0,10.0,5,7.0,10.0,3.0,5.0,Yes,6.0,Low,Low,Low,"February 19, 2024"
EMP5697,39.0,Male,It,Support Team Lead,1.2,29924.55,45.0,7.0,No,8.0,9.0,1.0,10.0,6,4.0,23.0,3.0,4.0,No,8.0,Low,-,Low,15-Feb-2023
EMP6387,35.0,Male,Customer Support,Customer Success Manager,1.1,26166.47,47.0,9.0,No,7.6,10.0,1.0,10.0,6,7.0,2.0,4.0,5.0,Yes,8.0,Low,Low,Low,01-May-2023
EMP4106,46.0,Male,Finance,Financial Analyst,1.2,26961.43,45.0,5.0,No,7.1,10.0,2.0,9.0,6,6.0,17.0,2.0,4.0,N,9.0,Low,Low,Low,2018-01-24
EMP1217,35.0,Male,Marketing,Seo Specialist,2.0,34803.17,39.0,1.0,Y,7.7,10.0,1.0,10.0,7,7.0,14.0,2.0,5.0,No,8.0,Low,Low,Low,09-17-2016
EMP5309,20.0,Male,Admin,Office Manager,2.0,42565.26,52.0,15.0,Yes,7.3,10.0,1.0,9.0,5,6.0,9.0,4.0,5.0,No,9.0,Low,Low,Low,"November 09, 2015"
EMP5131,20.0,M,Sales,Sales Executive,2.0,17444.66,32.0,5.0,No,6.9,10.0,1.0,9.0,4,7.0,5.0,3.0,5.0,Yes,6.0,Low,Low,Low,2022-07-20
EMP3955,33.0,Female,Admin,Admin Executive,3.4,28170.55,36.0,0.0,No,5.7,10.0,1.0,10.0,7,6.0,7.0,2.0,5.0,N,7.0,Low,Low,Low,2016/02/09
EMP4694,33.0,Male,Legal,Legal Counsel,5.6,26627.55,61.0,23.0,N,6.6,8.0,1.0,10.0,6,6.0,37.0,5.0,5.0,N,9.0,Low,Low,Low,02/07/2020
EMP5463,28.0,Female,Finance,Accountant,2.4,26180.72,52.0,14.0,No,7.9,9.0,1.0,10.0,5,6.0,9.0,0.0,5.0,N,7.0,Low,Low,Low,2015/09/19
EMP5108,33.0,Male,Hr,Recruiter,4.1,33335.33,47.0,14.0,No,6.3,8.0,1.0,10.0,4,5.0,2.0,2.0,5.0,N,9.0,Low,-,Low,-
EMP1476,26.0,Female,Sales,Account Manager,2.8,39978.17,41.0,5.0,Yes,7.9,10.0,2.0,7.0,5,5.0,7.0,4.0,5.0,No,7.0,Low,Low,Low,"December 05, 2023"
EMP4415,20.0,Male,It,Software Engineer,2.0,27330.31,30.0,0.0,N,7.2,10.0,1.0,9.0,7,7.0,10.0,2.0,5.0,No,7.0,Low,Low,Low,18-Oct-2015
EMP4270,25.0,Female,Legal,Compliance Officer,7.0,32315.76,56.0,16.0,Y,7.2,8.0,1.0,10.0,4,6.0,2.0,3.0,5.0,Yes,7.0,Low,Low,Low,28/02/2017
EMP6816,20.0,Female,Operations,Logistics Coordinator,2.0,26262.78,46.0,10.0,Yes,8.2,8.0,1.0,10.0,5,8.0,4.0,3.0,5.0,N,8.0,Low,Low,Low,"January 28, 2017"
EMP3282,35.0,Male,Sales,Sales Manager,7.9,41988.96,39.0,6.0,N,7.4,6.0,2.0,9.0,5,6.0,13.0,2.0,5.0,Yes,7.0,Low,Low,Low,"May 08, 2018"
EMP3743,26.0,Male,Admin,Admin Executive,2.5,32628.66,53.0,19.0,No,8.4,9.0,1.0,9.0,8,8.0,58.0,4.0,5.0,No,7.0,Low,Low,Low,26/12/2019
EMP6180,34.0,Female,Hr,Hr Executive,4.2,36973.8,35.0,5.0,N,6.3,9.0,1.0,10.0,6,4.0,1.0,3.0,4.0,Yes,5.0,Low,Low,Low,06-20-2022
EMP1728,41.0,Male,Marketing,Content Strategist,13.2,51711.84,30.0,0.0,No,6.1,10.0,1.0,9.0,5,6.0,22.0,3.0,5.0,No,6.0,Low,Low,Low,15-Aug-2023
EMP2632,20.0,Female,Admin,Admin Executive,2.0,30640.57,30.0,0.0,Yes,7.4,10.0,1.0,8.0,7,6.0,12.0,2.0,5.0,No,9.0,Low,Low,Low,18/03/2019
